frame,t,wx,wy,ww,wh,anim,dir,moving,falling,sleeping,swalk,spd,tx,ty,spdx,spdy
0,1.478,2440,1402,42,82,walk_down,down,True,False,False,False,4.4752829625231305,2417,1500,-0.975167,2.925502
1,2.025,2412,1387,38,80,walk_left,left,True,False,False,False,4.4752829625231305,400,281,-2.971916,-0.990639
2,2.432,2388,1373,38,80,walk_up,up,True,False,False,False,4.4752829625231305,400,281,-2.215152,-2.215152
3,2.842,2360,1358,38,80,walk_left,left,True,False,False,False,4.4752829625231305,400,281,-2.606562,-1.737708
4,3.257,2342,1348,42,82,walk_up,up,True,False,False,False,4.4752829625231305,400,281,-2.215152,-2.215152
5,3.649,2314,1333,42,82,walk_left,left,True,False,False,False,4.4752829625231305,400,281,-2.606562,-1.737708
6,4.059,2286,1317,38,80,walk_left,left,True,False,False,False,4.4752829625231305,400,281,-2.606562,-1.737708
7,4.463,2256,1301,38,80,walk_left,left,True,False,False,False,4.4752829625231305,400,281,-2.971938,-0.990646
8,4.875,2226,1284,38,80,walk_up,up,True,False,False,False,4.4752829625231305,400,281,-2.215152,-2.215152
9,5.275,2198,1269,38,80,walk_left,left,True,False,False,False,4.4752829625231305,400,281,-2.606562,-1.737708
10,5.687,2168,1253,38,80,walk_left,left,True,False,False,False,4.4752829625231305,400,281,-2.971938,-0.990646
11,6.199,2146,1240,38,80,walk_left,left,True,False,False,False,4.4752829625231305,2230,1265,-2.606562,-1.737708
12,6.498,2161,1245,38,80,walk_right,right,True,False,False,False,4.4752829625231305,2230,1265,2.250332,1.125166
13,6.900,2185,1252,38,80,walk_right,right,True,False,False,False,4.4752829625231305,2230,1265,2.494905,1.247453
14,7.305,2154,1250,138,94,idle,right,False,False,False,False,4.4752829625231305,2230,1265,0.000000,0.000000
15,7.722,2154,1250,138,94,idle,right,False,False,False,False,4.4752829625231305,2230,1265,0.000000,0.000000
16,8.126,2154,1250,138,94,idle,right,False,False,False,False,4.4752829625231305,2230,1265,0.000000,0.000000
17,8.525,2154,1250,138,94,idle,right,False,False,False,False,4.4752829625231305,2230,1265,0.000000,0.000000
18,8.943,2154,1250,138,94,idle,right,False,False,False,False,4.4752829625231305,2230,1265,0.000000,0.000000
19,9.343,2154,1250,138,94,idle,right,False,False,False,False,4.4752829625231305,2230,1265,0.000000,0.000000
20,9.754,2154,1250,138,94,idle,right,False,False,False,False,4.4752829625231305,2230,1265,0.000000,0.000000
21,10.159,2154,1250,138,94,idle,right,False,False,False,False,4.4752829625231305,2230,1265,0.000000,0.000000
22,10.556,2154,1250,138,94,idle,right,False,False,False,False,4.4752829625231305,2230,1265,0.000000,0.000000
23,10.974,2154,1250,138,94,idle,right,False,False,False,False,4.4752829625231305,2230,1265,0.000000,0.000000
24,11.376,2154,1250,138,94,idle,right,False,False,False,False,4.4752829625231305,2230,1265,0.000000,0.000000
25,11.776,2154,1250,138,94,idle,right,False,False,False,False,4.4752829625231305,2230,1265,0.000000,0.000000
26,12.189,2200,1257,38,80,walk_left,left,True,False,False,False,4.4752829625231305,400,1317,-2.349524,0.000000
27,12.592,2179,1258,38,80,walk_left,left,True,False,False,False,4.4752829625231305,400,1317,-3.126580,0.000000
28,13.005,2160,1258,38,80,walk_left,left,True,False,False,False,4.4752829625231305,400,1317,-3.132602,0.000000
29,13.409,2135,1259,38,80,walk_left,left,True,False,False,False,4.4752829625231305,400,1317,-3.132698,0.000000
30,13.810,2104,1260,38,80,walk_left,left,True,False,False,False,4.4752829625231305,400,1317,-3.132698,0.000000
31,14.213,2076,1261,38,80,walk_left,left,True,False,False,False,4.4752829625231305,400,1317,-3.132698,0.000000
32,14.625,2047,1262,38,80,walk_left,left,True,False,False,False,4.4752829625231305,400,1317,-3.132698,0.000000
33,15.133,2019,1263,38,80,walk_left,left,True,False,False,False,4.4752829625231305,400,1317,-3.132698,0.000000
34,15.432,2000,1264,38,80,walk_left,left,True,False,False,False,4.4752829625231305,400,1317,-3.132698,0.000000
35,15.837,1966,1265,38,80,walk_left,left,True,False,False,False,4.4752829625231305,400,1317,-3.132698,0.000000
36,16.247,1932,1266,38,80,walk_left,left,True,False,False,False,4.4752829625231305,400,1317,-3.132698,0.000000
37,16.659,1903,1267,38,80,walk_left,left,True,False,False,False,4.4752829625231305,400,1317,-3.132698,0.000000
38,17.059,1872,1268,38,80,walk_left,left,True,False,False,False,4.4752829625231305,400,1317,-3.132698,0.000000
39,17.462,1841,1269,38,80,walk_left,left,True,False,False,False,4.4752829625231305,400,1317,-3.132698,0.000000
40,17.868,1806,1270,38,80,walk_left,left,True,False,False,False,4.4752829625231305,400,1317,-3.132698,0.000000
41,18.275,1805,1255,42,82,walk_up,up,True,False,False,False,4.4752829625231305,2230,332,1.737708,-2.606562
42,18.681,1818,1227,42,82,walk_up,up,True,False,False,False,4.4752829625231305,2230,332,1.737708,-2.606562
43,19.092,1832,1195,42,82,walk_up,up,True,False,False,False,4.4752829625231305,2230,332,0.990646,-2.971938
44,19.496,1845,1167,42,82,walk_up,up,True,False,False,False,4.4752829625231305,2230,332,0.990646,-2.971938
45,19.908,1858,1139,42,82,walk_up,up,True,False,False,False,4.4752829625231305,2230,332,1.400985,-2.801970
46,20.308,1875,1108,38,80,walk_up,up,True,False,False,False,4.4752829625231305,2230,332,1.737708,-2.606562
47,20.817,1889,1077,38,80,walk_up,up,True,False,False,False,4.4752829625231305,2230,332,0.990646,-2.971938
48,21.231,1891,1067,42,82,walk_up,up,True,False,False,False,4.4752829625231305,2230,332,0.990646,-2.971938
49,21.525,1899,1050,42,82,walk_up,up,True,False,False,False,4.4752829625231305,2230,332,0.990646,-2.971938
50,21.937,1911,1025,42,82,walk_up,up,True,False,False,False,4.4752829625231305,2230,332,1.737708,-2.606562
51,22.340,1925,993,42,82,walk_up,up,True,False,False,False,4.4752829625231305,2230,332,0.990646,-2.971938
52,22.747,1940,962,42,82,walk_up,up,True,False,False,False,4.4752829625231305,2230,332,1.737708,-2.606562
53,23.150,1954,931,42,82,walk_up,up,True,False,False,False,4.4752829625231305,2230,332,0.990646,-2.971938
54,23.556,1967,902,42,82,walk_up,up,True,False,False,False,4.4752829625231305,2230,332,0.990646,-2.971938
55,23.968,1982,871,42,82,walk_up,up,True,False,False,False,4.4752829625231305,2230,332,1.737708,-2.606562
56,24.373,1977,866,42,82,walk_left,left,True,False,False,False,4.4752829625231305,400,281,-2.971938,-0.990646
57,24.774,1950,856,38,80,walk_left,left,True,False,False,False,4.4752829625231305,400,281,-2.971938,-0.990646
58,25.191,1917,844,38,80,walk_left,left,True,False,False,False,4.4752829625231305,400,281,-2.971938,-0.990646
59,25.592,1888,833,38,80,walk_left,left,True,False,False,False,4.4752829625231305,400,281,-2.971938,-0.990646
60,26.026,1859,822,38,80,walk_left,left,True,False,False,False,4.4752829625231305,400,281,-2.971938,-0.990646
61,26.399,1835,814,38,80,walk_left,left,True,False,False,False,4.4752829625231305,400,281,-2.971938,-0.990646
62,26.808,1803,802,38,80,walk_left,left,True,False,False,False,4.4752829625231305,400,281,-2.971938,-0.990646
63,27.228,1791,797,38,80,walk_left,left,True,False,False,False,4.4752829625231305,400,281,-2.971938,-0.990646
64,27.618,1765,787,38,80,walk_left,left,True,False,False,False,4.4752829625231305,400,281,-2.606562,-1.737708
65,28.025,1732,775,38,80,walk_left,left,True,False,False,False,4.4752829625231305,400,281,-2.606562,-1.737708
66,28.437,1700,763,38,80,walk_left,left,True,False,False,False,4.4752829625231305,400,281,-2.606562,-1.737708
67,28.841,1668,752,38,80,walk_left,left,True,False,False,False,4.4752829625231305,400,281,-2.971938,-0.990646
68,29.247,1638,741,38,80,walk_left,left,True,False,False,False,4.4752829625231305,400,281,-2.971938,-0.990646
69,29.660,1609,730,38,80,walk_left,left,True,False,False,False,4.4752829625231305,400,281,-2.971938,-0.990646
70,30.247,1583,720,38,80,walk_left,left,True,False,False,False,4.4752829625231305,2230,1265,-2.801970,-1.400985
71,30.467,1592,728,38,80,walk_down,down,True,False,False,False,4.4752829625231305,2230,1265,2.215152,2.215152
72,30.875,1616,749,42,82,walk_down,down,True,False,False,True,4.4752829625231305,2230,1265,2.215152,2.215152
73,31.569,1638,767,42,82,walk_down,down,True,False,False,False,4.4752829625231305,2230,1265,2.215152,2.215152
74,31.691,1640,769,42,82,walk_down,down,True,False,False,False,4.4752829625231305,2230,1265,2.215152,2.215152
75,32.092,1664,789,42,82,walk_down,down,True,False,False,False,4.4752829625231305,2230,1265,2.215152,2.215152
76,32.493,1690,811,38,80,walk_down,down,True,False,False,False,4.4752829625231305,2230,1265,2.215152,2.215152
77,32.909,1714,831,38,80,walk_down,down,True,False,False,False,4.4752829625231305,2230,1265,2.215152,2.215152
78,33.308,1729,843,38,80,walk_right,right,True,False,False,False,4.4752829625231305,2230,1265,2.606562,1.737708
79,33.718,1751,862,42,82,walk_right,right,True,False,False,False,4.4752829625231305,2230,1265,2.606562,1.737708
80,34.125,1777,884,42,82,walk_down,down,True,False,False,False,4.4752829625231305,2230,1265,2.215152,2.215152
81,34.524,1803,905,38,80,walk_down,down,True,False,False,False,4.4752829625231305,2230,1265,2.215152,2.215152
82,34.936,1825,925,42,82,walk_down,down,True,False,False,False,4.4752829625231305,2230,1265,2.215152,2.215152
83,35.340,1849,945,42,82,walk_down,down,True,False,False,False,4.4752829625231305,2230,1265,2.215152,2.215152
84,35.742,1875,966,38,80,walk_down,down,True,False,False,False,4.4752829625231305,2230,1265,2.215152,2.215152
85,36.159,1882,976,42,82,walk_left,left,True,False,False,False,4.4752829625231305,400,1317,-2.971938,0.990646
86,36.558,1853,984,38,80,walk_left,left,True,False,False,False,4.4752829625231305,400,1317,-2.971938,0.990646
87,36.965,1826,990,38,80,walk_left,left,True,False,False,False,4.4752829625231305,400,1317,-2.971938,0.990646
88,37.374,1795,997,38,80,walk_left,left,True,False,False,False,4.4752829625231305,400,1317,-2.971938,0.990646
89,37.774,1762,1005,38,80,walk_left,left,True,False,False,False,4.4752829625231305,400,1317,-2.971938,0.990646
90,38.180,1728,1012,38,80,walk_left,left,True,False,False,False,4.4752829625231305,400,1317,-3.132698,0.000000
91,38.590,1698,1019,38,80,walk_left,left,True,False,False,False,4.4752829625231305,400,1317,-3.132698,0.000000
92,39.121,1664,1027,38,80,walk_left,left,True,False,False,False,4.4752829625231305,400,1317,-2.971938,0.990646
93,39.409,1643,1032,38,80,walk_left,left,True,False,False,False,4.4752829625231305,400,1317,-2.971938,0.990646
94,39.808,1612,1039,38,80,walk_left,left,True,False,False,False,4.4752829625231305,400,1317,-2.971938,0.990646
95,40.220,1579,1047,38,80,walk_left,left,True,False,False,False,4.4752829625231305,400,1317,-2.971938,0.990646
96,40.624,1548,1054,38,80,walk_left,left,True,False,False,False,4.4752829625231305,400,1317,-2.971938,0.990646
97,41.024,1518,1061,38,80,walk_left,left,True,False,False,False,4.4752829625231305,400,1317,-2.971938,0.990646
98,41.433,1493,1066,38,80,walk_left,left,True,False,False,False,4.4752829625231305,400,1317,-3.132698,0.000000
99,41.838,1460,1074,38,80,walk_left,left,True,False,False,False,4.4752829625231305,400,1317,-2.971938,0.990646
100,42.246,1462,1067,38,80,walk_right,right,True,False,False,False,4.4752829625231305,2230,332,2.215152,-2.215152
101,42.656,1485,1045,38,80,walk_right,right,True,False,False,False,4.4752829625231305,2230,332,2.215152,-2.215152
102,43.059,1508,1023,38,80,walk_right,right,True,False,False,False,4.4752829625231305,2230,332,2.215152,-2.215152
103,43.463,1528,1001,42,82,walk_right,right,True,False,False,False,4.4752829625231305,2230,332,2.215152,-2.215152
104,43.874,1551,979,42,82,walk_right,right,True,False,False,False,4.4752829625231305,2230,332,2.215152,-2.215152
105,44.275,1576,958,38,80,walk_right,right,True,False,False,False,4.4752829625231305,2230,332,2.215152,-2.215152
106,44.680,1601,935,38,80,walk_right,right,True,False,False,False,4.4752829625231305,2230,332,2.606562,-1.737708
107,45.478,1612,917,42,82,walk_up,up,True,False,False,False,4.4752829625231305,92,108,-2.215152,-2.215152
108,45.905,1586,903,38,80,walk_left,left,True,False,False,False,4.4752829625231305,92,108,-2.606562,-1.737708
109,46.307,1561,890,38,80,walk_left,left,True,False,False,False,4.4752829625231305,92,108,-2.606562,-1.737708
110,46.723,1526,871,38,80,walk_left,left,True,False,False,False,4.4752829625231305,92,108,-4.390587,-2.195294
111,47.124,1490,852,38,80,walk_left,left,True,False,False,False,4.4752829625231305,92,108,-4.403072,-2.201536
112,47.524,1454,833,38,80,walk_left,left,True,False,False,False,4.4752829625231305,92,108,-4.403096,-2.201548
113,47.939,1415,812,38,80,walk_left,left,True,False,False,False,4.4752829625231305,92,108,-4.403096,-2.201548
114,48.339,1395,802,38,80,walk_left,left,True,False,False,False,4.4752829625231305,400,281,-4.403096,-2.201548
115,48.743,1355,781,38,80,walk_left,left,True,False,False,False,4.4752829625231305,400,281,-4.403096,-2.201548
116,49.157,1316,760,38,80,walk_left,left,True,False,False,False,4.4752829625231305,400,281,-4.403096,-2.201548
117,49.556,1280,742,38,80,walk_left,left,True,False,False,False,4.4752829625231305,400,281,-4.403096,-2.201548
118,49.970,1241,721,38,80,walk_left,left,True,False,False,False,4.4752829625231305,400,281,-4.096027,-2.730684
119,50.374,1201,700,38,80,walk_left,left,True,False,False,False,4.4752829625231305,400,281,-4.403096,-2.201548
120,50.775,1165,681,38,80,walk_left,left,True,False,False,False,4.4752829625231305,400,281,-3.938249,-2.953687
121,51.190,1091,662,138,94,idle,left,True,False,False,False,4.4752829625231305,400,281,-4.403096,-2.201548
122,51.590,1064,647,138,94,idle,left,True,False,False,False,4.4752829625231305,400,281,-4.403096,-2.201548
123,51.994,1025,625,138,94,idle,left,True,False,False,False,4.4752829625231305,400,281,-4.403096,-2.201548
124,52.406,986,604,138,94,idle,left,True,False,False,False,4.4752829625231305,400,281,-4.403096,-2.201548
125,52.808,996,589,38,80,walk_left,left,True,False,False,False,4.4752829625231305,400,281,-4.403096,-2.201548
126,53.222,957,569,38,80,walk_left,left,True,False,False,False,4.4752829625231305,400,281,-4.096027,-2.730684
127,53.623,917,548,38,80,walk_left,left,True,False,False,False,4.4752829625231305,400,281,-4.403096,-2.201548
128,54.138,885,532,38,80,walk_right,right,True,False,False,False,4.4752829625231305,2230,1265,4.403096,2.201548
129,54.432,908,545,38,80,walk_right,right,True,False,False,False,4.4752829625231305,2230,1265,4.096027,2.730684
130,54.840,948,566,38,80,walk_right,right,True,False,False,False,4.4752829625231305,2230,1265,4.403096,2.201548
131,55.253,987,588,38,80,walk_right,right,True,False,False,False,4.4752829625231305,2230,1265,3.938249,2.953687
132,55.652,1026,609,38,80,walk_right,right,True,False,False,False,4.4752829625231305,2230,1265,4.403096,2.201548
133,56.056,1066,630,38,80,walk_right,right,True,False,False,False,4.4752829625231305,2230,1265,4.403096,2.201548
134,56.461,1105,652,38,80,walk_right,right,True,False,False,False,4.4752829625231305,2230,1265,4.403096,2.201548
135,56.874,1144,673,38,80,walk_right,right,True,False,False,False,4.4752829625231305,2230,1265,4.403096,2.201548
136,57.275,1168,686,38,80,walk_right,right,True,False,False,False,4.4752829625231305,2230,1265,4.403096,2.201548
137,57.690,1207,707,38,80,walk_right,right,True,False,False,False,4.4752829625231305,2230,1265,4.403096,2.201548
138,58.090,1246,729,38,80,walk_right,right,True,False,False,False,4.4752829625231305,2230,1265,4.403096,2.201548
139,58.493,1286,750,38,80,walk_right,right,True,False,False,False,4.4752829625231305,2230,1265,4.403096,2.201548
140,58.907,1325,772,38,80,walk_right,right,True,False,False,False,4.4752829625231305,2230,1265,4.403096,2.201548
141,59.306,1364,793,38,80,walk_right,right,True,False,False,False,4.4752829625231305,2230,1265,4.403096,2.201548
142,59.714,1404,815,38,80,walk_right,right,True,False,False,False,4.4752829625231305,2230,1265,3.938249,2.953687
143,60.119,1423,829,38,80,walk_left,left,True,False,False,False,4.4752829625231305,400,1317,-4.403096,2.201548
144,60.524,1387,847,38,80,walk_left,left,True,False,False,False,4.4752829625231305,400,1317,-4.403096,2.201548
145,60.931,1346,866,38,80,walk_left,left,True,False,False,False,4.4752829625231305,400,1317,-4.403096,2.201548
146,61.339,1306,885,38,80,walk_left,left,True,False,False,False,4.4752829625231305,400,1317,-4.403096,2.201548
147,61.752,1266,904,38,80,walk_left,left,True,False,False,False,4.4752829625231305,400,1317,-4.403096,2.201548
148,62.158,1225,924,38,80,walk_left,left,True,False,False,False,4.4752829625231305,400,1317,-4.403096,2.201548
149,62.968,1177,947,38,80,walk_left,left,True,False,False,False,4.4752829625231305,400,1317,-4.403096,2.201548
150,63.372,1152,958,38,80,walk_left,left,True,False,False,False,4.4752829625231305,400,1317,-4.570716,1.828286
151,63.775,1112,978,38,80,walk_left,left,True,False,False,False,4.4752829625231305,400,1317,-4.403096,2.201548
152,64.188,1072,997,38,80,walk_left,left,True,False,False,False,4.4752829625231305,400,1317,-4.403096,2.201548
153,64.590,1031,1016,38,80,walk_left,left,True,False,False,False,4.4752829625231305,400,1317,-4.403096,2.201548
154,64.994,991,1035,38,80,walk_left,left,True,False,False,False,4.4752829625231305,400,1317,-4.403096,2.201548
155,65.407,955,1053,38,80,walk_left,left,True,False,False,False,4.4752829625231305,400,1317,-4.403096,2.201548
156,65.807,918,1070,38,80,walk_left,left,True,False,False,False,4.4752829625231305,400,1317,-4.403096,2.201548
157,66.418,906,1076,38,80,walk_left,left,True,False,False,False,4.4752829625231305,2230,332,-4.403096,2.201548
158,66.624,918,1069,38,80,walk_right,right,True,False,False,False,4.4752829625231305,2230,332,4.403096,-2.201548
159,67.034,953,1050,38,80,walk_right,right,True,False,False,False,4.4752829625231305,2230,332,4.403096,-2.201548
160,67.440,992,1028,38,80,walk_right,right,True,False,False,False,4.4752829625231305,2230,332,4.403096,-2.201548
161,67.841,1031,1006,38,80,walk_right,right,True,False,False,False,4.4752829625231305,2230,332,4.403096,-2.201548
162,68.252,1070,984,38,80,walk_right,right,True,False,False,False,4.4752829625231305,2230,332,4.403096,-2.201548
163,68.656,1109,962,38,80,walk_right,right,True,False,False,False,4.4752829625231305,2230,332,4.403096,-2.201548
164,69.119,1140,944,38,80,walk_right,right,True,False,False,False,4.4752829625231305,2230,332,4.403096,-2.201548
165,69.462,1171,927,38,80,walk_right,right,True,False,False,False,4.4752829625231305,2230,332,4.403096,-2.201548
166,69.874,1210,905,38,80,walk_right,right,True,False,False,False,4.4752829625231305,2230,332,4.403096,-2.201548
167,70.275,1249,883,38,80,walk_right,right,True,False,False,False,4.4752829625231305,2230,332,4.403096,-2.201548
168,70.688,1288,861,38,80,walk_right,right,True,False,False,False,4.4752829625231305,2230,332,4.096027,-2.730684
169,71.090,1324,841,38,80,walk_right,right,True,False,False,False,4.4752829625231305,2230,332,4.403096,-2.201548
170,71.501,1363,819,38,80,walk_right,right,True,False,False,False,4.4752829625231305,2230,332,3.938249,-2.953687
171,71.907,1402,797,38,80,walk_right,right,True,False,False,False,4.4752829625231305,2230,332,3.938249,-2.953687
172,72.311,1393,789,38,80,walk_left,left,True,False,False,False,4.4752829625231305,400,281,-4.403096,-2.201548
173,72.720,1358,771,38,80,walk_left,left,True,False,False,False,4.4752829625231305,400,281,-4.403096,-2.201548
174,73.123,1322,752,38,80,walk_left,left,True,False,False,False,4.4752829625231305,400,281,-4.403096,-2.201548
175,73.531,1306,744,38,80,walk_left,left,True,False,False,False,4.4752829625231305,400,281,-4.403096,-2.201548
176,73.934,1270,726,38,80,walk_left,left,True,False,False,False,4.4752829625231305,400,281,-4.403096,-2.201548
177,74.342,1234,708,38,80,walk_left,left,True,False,False,False,4.4752829625231305,400,281,-4.403096,-2.201548
178,74.743,1194,687,38,80,walk_left,left,True,False,False,False,4.4752829625231305,400,281,-4.403096,-2.201548
179,75.154,1170,675,38,80,walk_left,left,True,False,False,False,4.4752829625231305,400,281,-4.403096,-2.201548
180,75.557,1127,653,38,80,walk_left,left,True,False,False,False,4.4752829625231305,400,281,-4.403096,-2.201548
181,75.963,1087,632,38,80,walk_left,left,True,False,False,False,4.4752829625231305,400,281,-4.403096,-2.201548
182,76.374,1047,612,38,80,walk_left,left,True,False,False,False,4.4752829625231305,400,281,-4.403096,-2.201548
183,76.778,1007,591,38,80,walk_left,left,True,False,False,False,4.4752829625231305,400,281,-4.403096,-2.201548
184,77.189,967,571,38,80,walk_left,left,True,False,False,False,4.4752829625231305,400,281,-4.403096,-2.201548
185,77.592,927,551,38,80,walk_left,left,True,False,False,False,4.4752829625231305,400,281,-4.403096,-2.201548
186,78.116,887,530,38,80,walk_left,left,True,False,False,False,4.4752829625231305,2230,1265,-4.403096,-2.201548
187,78.408,915,545,38,80,walk_right,right,True,False,False,False,4.4752829625231305,2230,1265,4.403096,2.201548
188,78.808,954,567,38,80,walk_right,right,True,False,False,False,4.4752829625231305,2230,1265,4.403096,2.201548
189,79.218,997,590,38,80,walk_right,right,True,False,False,False,4.4752829625231305,2230,1265,4.403096,2.201548
190,79.622,1041,614,38,80,walk_right,right,True,False,False,False,4.4752829625231305,2230,1265,4.403096,2.201548
191,80.024,1080,636,38,80,walk_right,right,True,False,False,False,4.4752829625231305,2230,1265,3.938249,2.953687
192,80.433,1123,659,38,80,walk_right,right,True,False,False,False,4.4752829625231305,2230,1265,4.403096,2.201548
193,80.837,1162,681,38,80,walk_right,right,True,False,False,False,4.4752829625231305,2230,1265,4.403096,2.201548
194,81.256,1182,691,38,80,walk_right,right,True,False,False,False,4.4752829625231305,2230,1265,4.403096,2.201548
195,81.657,1221,713,38,80,walk_right,right,True,False,False,False,4.4752829625231305,2230,1265,4.403096,2.201548
196,82.056,1260,734,38,80,walk_right,right,True,False,False,False,4.4752829625231305,2230,1265,4.096027,2.730684
197,82.473,1300,756,38,80,walk_right,right,True,False,False,False,4.4752829625231305,2230,1265,4.403096,2.201548
198,82.873,1339,777,38,80,walk_right,right,True,False,False,False,4.4752829625231305,2230,1265,4.403096,2.201548
199,83.277,1374,797,38,80,walk_right,right,True,False,False,False,4.4752829625231305,2230,1265,4.403096,2.201548
200,83.689,1410,816,38,80,walk_right,right,True,False,False,False,4.4752829625231305,2230,1265,4.403096,2.201548
201,84.168,1429,827,38,80,walk_right,right,True,False,False,False,4.4752829625231305,400,1317,4.403096,2.201548
202,84.503,1401,840,38,80,walk_left,left,True,False,False,False,4.4752829625231305,400,1317,-4.403096,2.201548
203,84.907,1361,860,38,80,walk_left,left,True,False,False,False,4.4752829625231305,400,1317,-4.403096,2.201548
204,85.305,1320,879,38,80,walk_left,left,True,False,False,False,4.4752829625231305,400,1317,-4.403096,2.201548
205,85.712,1284,896,38,80,walk_left,left,True,False,False,False,4.4752829625231305,400,1317,-4.403096,2.201548
206,86.117,1247,913,38,80,walk_left,left,True,False,False,False,4.4752829625231305,400,1317,-4.403096,2.201548
207,86.525,1203,935,38,80,walk_left,left,True,False,False,False,4.4752829625231305,400,1317,-4.403096,2.201548
208,86.939,1163,954,38,80,walk_left,left,True,False,False,False,4.4752829625231305,400,1317,-4.403096,2.201548
209,87.341,1154,958,38,80,walk_left,left,True,False,False,False,4.4752829625231305,400,1317,-4.570716,1.828286
210,87.750,1114,977,38,80,walk_left,left,True,False,False,False,4.4752829625231305,400,1317,-4.403096,2.201548
211,88.156,1074,996,38,80,walk_left,left,True,False,False,False,4.4752829625231305,400,1317,-4.403096,2.201548
212,88.557,1037,1013,38,80,walk_left,left,True,False,False,False,4.4752829625231305,400,1317,-4.775828,1.193957
213,88.966,997,1033,38,80,walk_left,left,True,False,False,False,4.4752829625231305,400,1317,-4.403096,2.201548
214,89.372,957,1052,38,80,walk_left,left,True,False,False,False,4.4752829625231305,400,1317,-4.403096,2.201548
215,89.776,916,1071,38,80,walk_left,left,True,False,False,False,4.4752829625231305,400,1317,-4.403096,2.201548
216,90.206,895,1074,42,82,walk_up,up,True,False,False,False,4.4752829625231305,252,108,-2.953687,-3.938249
217,90.591,876,1044,42,82,walk_up,up,True,False,False,False,4.4752829625231305,252,108,-2.201548,-4.403096
218,91.005,851,1007,42,82,walk_up,up,True,False,False,False,4.4752829625231305,252,108,-2.201548,-4.403096
219,91.408,828,974,42,82,walk_up,up,True,False,False,False,4.4752829625231305,252,108,-3.480953,-3.480953
220,91.807,804,936,42,82,walk_up,up,True,False,False,False,4.4752829625231305,252,108,-2.201548,-4.403096
221,92.224,779,899,42,82,walk_up,up,True,False,False,False,4.4752829625231305,252,108,-2.201548,-4.403096
222,92.623,754,862,42,82,walk_up,up,True,False,False,False,4.4752829625231305,252,108,-2.953687,-3.938249
223,93.122,732,828,42,82,walk_up,up,True,False,False,False,4.4752829625231305,252,108,-2.201548,-4.403096
224,93.438,717,806,42,82,walk_up,up,True,False,False,False,4.4752829625231305,252,108,-2.201548,-4.403096
225,93.840,692,769,42,82,walk_up,up,True,False,False,False,4.4752829625231305,252,108,-3.480953,-3.480953
226,94.587,667,731,42,82,walk_up,up,True,False,False,False,4.4752829625231305,252,108,-2.953687,-3.938249
227,95.056,637,687,42,82,walk_up,up,True,False,False,False,4.4752829625231305,252,108,-2.953687,-3.938249
228,95.473,613,650,42,82,walk_up,up,True,False,False,False,4.4752829625231305,252,108,-2.730684,-4.096027
229,95.873,588,612,42,82,walk_up,up,True,False,False,False,4.4752829625231305,252,108,-2.201548,-4.403096
230,96.274,574,589,42,82,walk_up,up,True,False,False,False,4.4752829625231305,400,281,-2.953687,-3.938249
231,96.681,552,550,42,82,walk_up,up,True,False,False,False,4.4752829625231305,400,281,-2.953687,-3.938249
232,97.090,530,511,42,82,walk_up,up,True,False,False,False,4.4752829625231305,400,281,-2.201548,-4.403096
233,97.504,508,472,42,82,walk_up,up,True,False,False,False,4.4752829625231305,400,281,-2.201548,-4.403096
234,97.907,486,433,42,82,walk_up,up,True,False,False,False,4.4752829625231305,400,281,-2.201548,-4.403096
235,98.307,464,394,42,82,walk_up,up,True,False,False,False,4.4752829625231305,400,281,-2.201548,-4.403096
236,98.722,442,356,42,82,walk_up,up,True,False,False,False,4.4752829625231305,400,281,-1.816277,-3.632554
237,99.125,429,332,42,82,walk_up,up,True,False,False,False,4.4752829625231305,400,281,-2.185081,-3.277621
238,99.525,364,296,138,94,idle,up,False,False,False,False,4.4752829625231305,400,281,0.000000,0.000000
239,99.930,364,296,138,94,idle,up,False,False,False,False,4.4752829625231305,400,281,0.000000,0.000000
240,100.339,364,296,138,94,idle,up,False,False,False,False,4.4752829625231305,400,281,0.000000,0.000000
241,100.752,364,296,138,94,idle,up,False,False,False,False,4.4752829625231305,400,281,0.000000,0.000000
242,101.158,364,296,138,94,idle,up,False,False,False,False,4.4752829625231305,400,281,0.000000,0.000000
243,101.557,364,296,138,94,idle,up,False,False,False,False,4.4752829625231305,400,281,0.000000,0.000000
244,101.975,364,296,138,94,idle,up,False,False,False,False,4.4752829625231305,400,281,0.000000,0.000000
245,102.375,425,309,42,82,walk_right,right,True,False,False,False,4.4752829625231305,2230,1265,4.127903,2.063951
246,102.774,467,331,38,80,walk_right,right,True,False,False,False,4.4752829625231305,2230,1265,4.402828,2.201414
247,103.190,504,351,42,82,walk_right,right,True,False,False,True,4.4752829625231305,2230,1265,4.403096,2.201548
248,103.589,546,373,38,80,walk_right,right,True,False,False,False,4.4752829625231305,2230,1265,4.403096,2.201548
249,104.002,585,394,38,80,walk_right,right,True,False,False,False,4.4752829625231305,2230,1265,4.403096,2.201548
250,104.406,625,415,38,80,walk_right,right,True,False,False,False,4.4752829625231305,2230,1265,4.403096,2.201548
251,104.816,653,429,38,80,walk_right,right,True,False,False,False,4.4752829625231305,2230,1265,4.403096,2.201548
252,105.216,676,442,38,80,walk_right,right,True,False,False,False,4.4752829625231305,2230,1265,4.403096,2.201548
253,105.620,716,463,38,80,walk_right,right,True,False,False,False,4.4752829625231305,2230,1265,4.403096,2.201548
254,106.024,755,484,38,80,walk_right,right,True,False,False,False,4.4752829625231305,2230,1265,4.403096,2.201548
255,106.439,795,505,38,80,walk_right,right,True,False,False,False,4.4752829625231305,2230,1265,4.403096,2.201548
256,106.841,835,526,38,80,walk_right,right,True,False,False,False,4.4752829625231305,2230,1265,4.403096,2.201548
257,107.256,874,547,38,80,walk_right,right,True,False,False,False,4.4752829625231305,2230,1265,4.403096,2.201548
258,107.657,914,568,38,80,walk_right,right,True,False,False,False,4.4752829625231305,2230,1265,4.403096,2.201548
259,108.179,941,587,42,82,walk_down,down,True,False,False,False,4.4752829625231305,400,1317,-2.201548,4.403096
260,108.465,927,610,38,80,walk_down,down,True,False,False,False,4.4752829625231305,400,1317,-2.201548,4.403096
261,108.870,898,644,42,82,walk_left,left,True,False,False,False,4.4752829625231305,400,1317,-3.480953,3.480953
262,109.275,871,680,42,82,walk_left,left,True,False,False,False,4.4752829625231305,400,1317,-3.480953,3.480953
263,109.680,847,717,38,80,walk_down,down,True,False,False,False,4.4752829625231305,400,1317,-2.730684,4.096027
264,110.090,818,752,42,82,walk_left,left,True,False,False,False,4.4752829625231305,400,1317,-3.480953,3.480953
265,110.506,794,785,42,82,walk_down,down,True,False,False,False,4.4752829625231305,400,1317,-2.953687,3.938249
266,110.899,770,817,42,82,walk_down,down,True,False,False,False,4.4752829625231305,400,1317,-2.953687,3.938249
267,111.307,754,839,42,82,walk_down,down,True,False,False,False,4.4752829625231305,400,1317,-2.953687,3.938249
268,111.722,730,871,42,82,walk_down,down,True,False,False,False,4.4752829625231305,400,1317,-2.953687,3.938249
269,112.124,708,904,38,80,walk_left,left,True,False,False,False,4.4752829625231305,400,1317,-3.480953,3.480953
270,112.524,682,936,42,82,walk_down,down,True,False,False,False,4.4752829625231305,400,1317,-2.953687,3.938249
271,112.939,658,968,42,82,walk_down,down,True,False,False,False,4.4752829625231305,400,1317,-2.953687,3.938249
272,113.341,631,1004,42,82,walk_down,down,True,False,False,False,4.4752829625231305,400,1317,-2.953687,3.938249
273,113.749,607,1041,38,80,walk_down,down,True,False,False,False,4.4752829625231305,400,1317,-2.201548,4.403096
274,114.157,596,1056,42,82,walk_right,right,True,False,False,False,4.4752829625231305,2230,332,4.570716,-1.828286
275,114.558,638,1039,38,80,walk_right,right,True,False,False,False,4.4752829625231305,2230,332,4.403096,-2.201548
276,114.963,679,1021,38,80,walk_right,right,True,False,False,False,4.4752829625231305,2230,332,4.403096,-2.201548
277,115.374,712,1006,38,80,walk_right,right,True,False,False,False,4.4752829625231305,2230,332,4.403096,-2.201548
278,115.779,753,988,38,80,walk_right,right,True,False,False,False,4.4752829625231305,2230,332,4.403096,-2.201548
279,116.190,794,970,38,80,walk_right,right,True,False,False,False,4.4752829625231305,2230,332,4.403096,-2.201548
280,116.590,835,952,38,80,walk_right,right,True,False,False,False,4.4752829625231305,2230,332,4.403096,-2.201548
281,117.104,876,934,38,80,walk_right,right,True,False,False,False,4.4752829625231305,2230,332,4.775828,-1.193957
282,117.407,900,923,38,80,walk_right,right,True,False,False,False,4.4752829625231305,2230,332,4.403096,-2.201548
283,117.808,941,905,38,80,walk_right,right,True,False,False,False,4.4752829625231305,2230,332,4.775828,-1.193957
284,118.220,982,886,38,80,walk_right,right,True,False,False,False,4.4752829625231305,2230,332,4.403096,-2.201548
285,118.622,1023,868,38,80,walk_right,right,True,False,False,False,4.4752829625231305,2230,332,4.403096,-2.201548
286,119.024,1064,850,38,80,walk_right,right,True,False,False,False,4.4752829625231305,2230,332,4.403096,-2.201548
287,119.430,1105,832,38,80,walk_right,right,True,False,False,False,4.4752829625231305,2230,332,4.403096,-2.201548
288,119.839,1150,812,38,80,walk_right,right,True,False,False,False,4.4752829625231305,2230,332,4.403096,-2.201548
289,120.257,1138,795,42,82,walk_left,left,True,False,False,False,4.4752829625231305,400,281,-4.096027,-2.730684
290,120.649,1110,775,38,80,walk_left,left,True,False,False,False,4.4752829625231305,400,281,-3.938249,-2.953687
291,121.056,1073,749,38,80,walk_left,left,True,False,False,False,4.4752829625231305,400,281,-3.938249,-2.953687
292,121.472,1037,724,38,80,walk_left,left,True,False,False,False,4.4752829625231305,400,281,-4.096027,-2.730684
293,121.874,1000,698,38,80,walk_left,left,True,False,False,False,4.4752829625231305,400,281,-3.938249,-2.953687
294,122.280,963,673,38,80,walk_left,left,True,False,False,False,4.4752829625231305,400,281,-4.403096,-2.201548
295,122.683,926,647,38,80,walk_left,left,True,False,False,False,4.4752829625231305,400,281,-3.938249,-2.953687
296,123.177,899,628,42,82,walk_up,up,True,False,False,False,4.4752829625231305,400,281,-3.480953,-3.480953
297,123.494,875,611,38,80,walk_left,left,True,False,False,False,4.4752829625231305,400,281,-3.938249,-2.953687
298,123.907,838,586,38,80,walk_left,left,True,False,False,False,4.4752829625231305,400,281,-4.403096,-2.201548
299,124.307,803,562,42,82,walk_left,left,True,False,False,False,4.4752829625231305,400,281,-4.403096,-2.201548
300,124.712,767,536,42,82,walk_up,up,True,False,False,False,4.4752829625231305,400,281,-3.480953,-3.480953
301,125.124,732,512,38,80,walk_left,left,True,False,False,False,4.4752829625231305,400,281,-4.096027,-2.730684
302,125.939,688,481,38,80,walk_up,up,True,False,False,False,4.4752829625231305,400,281,-3.480953,-3.480953
303,126.341,700,487,38,80,walk_right,right,True,False,False,False,4.4752829625231305,2230,1265,4.403096,2.201548
304,126.747,740,507,38,80,walk_right,right,True,False,False,False,4.4752829625231305,2230,1265,4.403096,2.201548
305,127.153,780,527,38,80,walk_right,right,True,False,False,False,4.4752829625231305,2230,1265,4.403096,2.201548
306,127.557,820,548,38,80,walk_right,right,True,False,False,False,4.4752829625231305,2230,1265,3.938249,2.953687
307,127.965,860,568,38,80,walk_right,right,True,False,False,False,4.4752829625231305,2230,1265,4.403096,2.201548
308,128.369,895,586,38,80,walk_right,right,True,False,False,False,4.4752829625231305,2230,1265,4.403096,2.201548
309,128.775,935,606,38,80,walk_right,right,True,False,False,False,4.4752829625231305,2230,1265,4.403096,2.201548
310,129.180,959,619,38,80,walk_right,right,True,False,False,False,4.4752829625231305,2230,1265,4.403096,2.201548
311,129.590,999,639,38,80,walk_right,right,True,False,False,False,4.4752829625231305,2230,1265,4.403096,2.201548
312,130.006,1039,659,38,80,walk_right,right,True,False,False,False,4.4752829625231305,2230,1265,4.403096,2.201548
313,130.399,1079,679,38,80,walk_right,right,True,False,False,False,4.4752829625231305,2230,1265,4.403096,2.201548
314,130.806,1123,702,38,80,walk_right,right,True,False,False,False,4.4752829625231305,2230,1265,4.403096,2.201548
315,131.219,1159,720,38,80,walk_right,right,True,False,False,False,4.4752829625231305,2230,1265,4.403096,2.201548
316,131.619,1199,740,38,80,walk_right,right,True,False,False,False,4.4752829625231305,2230,1265,4.403096,2.201548
317,132.103,1238,761,38,80,walk_right,right,True,False,False,False,4.4752829625231305,400,1317,4.403096,2.201548
318,132.433,1216,775,38,80,walk_left,left,True,False,False,False,4.4752829625231305,400,1317,-4.403096,2.201548
319,132.838,1183,798,38,80,walk_left,left,True,False,False,False,4.4752829625231305,400,1317,-3.480953,3.480953
320,133.245,1149,820,38,80,walk_left,left,True,False,False,False,4.4752829625231305,400,1317,-4.403096,2.201548
321,133.654,1108,847,38,80,walk_left,left,True,False,False,False,4.4752829625231305,400,1317,-4.403096,2.201548
322,134.058,1074,869,38,80,walk_left,left,True,False,False,False,4.4752829625231305,400,1317,-4.403096,2.201548
323,134.470,1037,894,38,80,walk_left,left,True,False,False,False,4.4752829625231305,400,1317,-4.403096,2.201548
324,134.873,1000,919,38,80,walk_left,left,True,False,False,False,4.4752829625231305,400,1317,-3.938249,2.953687
325,135.274,985,911,42,82,walk_up,up,True,False,False,False,4.4752829625231305,117,-3,-3.480953,-3.480953
326,135.691,954,878,42,82,walk_up,up,True,False,False,False,4.4752829625231305,117,-3,-3.480953,-3.480953
327,136.091,923,846,42,82,walk_up,up,True,False,False,False,4.4752829625231305,117,-3,-3.480953,-3.480953
328,136.498,902,823,42,82,walk_up,up,True,False,False,False,4.4752829625231305,117,-3,-3.480953,-3.480953
329,136.905,871,791,42,82,walk_up,up,True,False,False,False,4.4752829625231305,117,-3,-3.480953,-3.480953
330,137.309,840,758,42,82,walk_up,up,True,False,False,False,4.4752829625231305,117,-3,-3.480953,-3.480953
331,137.714,809,726,42,82,walk_up,up,True,False,False,False,4.4752829625231305,117,-3,-3.480953,-3.480953
332,138.124,797,706,38,80,walk_right,right,True,False,False,False,4.4752829625231305,2230,332,4.775828,-1.193957
333,138.524,836,696,38,80,walk_right,right,True,False,False,False,4.4752829625231305,2230,332,4.775828,-1.193957
334,138.931,879,685,38,80,walk_right,right,True,False,False,False,4.4752829625231305,2230,332,4.775828,-1.193957
335,139.338,918,674,38,80,walk_right,right,True,False,False,False,4.4752829625231305,2230,332,4.403096,-2.201548
336,139.755,966,662,38,80,walk_right,right,True,False,False,False,4.4752829625231305,2230,332,4.775828,-1.193957
337,140.157,1005,652,38,80,walk_right,right,True,False,False,False,4.4752829625231305,2230,332,4.775828,-1.193957
338,140.557,1048,641,38,80,walk_right,right,True,False,False,False,4.4752829625231305,2230,332,4.775828,-1.193957
339,140.966,1091,629,38,80,walk_right,right,True,False,False,False,4.4752829625231305,2230,332,4.775828,-1.193957
340,141.374,1109,625,38,80,walk_right,right,True,False,False,False,4.4752829625231305,2230,332,4.827214,-0.965443
341,141.774,1152,613,38,80,walk_right,right,True,False,False,False,4.4752829625231305,2230,332,4.403096,-2.201548
342,142.183,1195,602,38,80,walk_right,right,True,False,False,False,4.4752829625231305,2230,332,4.775828,-1.193957
343,142.590,1239,591,38,80,walk_right,right,True,False,False,False,4.4752829625231305,2230,332,4.827214,-0.965443
344,142.992,1282,580,38,80,walk_right,right,True,False,False,False,4.4752829625231305,2230,332,4.775828,-1.193957
345,143.407,1325,568,38,80,walk_right,right,True,False,False,False,4.4752829625231305,2230,332,4.775828,-1.193957
346,143.806,1364,558,38,80,walk_right,right,True,False,False,False,4.4752829625231305,2230,332,4.775828,-1.193957
347,144.220,1364,551,38,80,walk_left,left,True,False,False,False,4.4752829625231305,400,281,-4.827214,-0.965443
348,144.624,1321,539,38,80,walk_left,left,True,False,False,False,4.4752829625231305,400,281,-4.827214,-0.965443
349,145.030,1278,527,38,80,walk_left,left,True,False,False,False,4.4752829625231305,400,281,-4.775828,-1.193957
350,145.432,1235,515,38,80,walk_left,left,True,False,False,False,4.4752829625231305,400,281,-4.775828,-1.193957
351,145.837,1192,503,38,80,walk_left,left,True,False,False,False,4.4752829625231305,400,281,-4.775828,-1.193957
352,146.284,1149,491,38,80,walk_left,left,True,False,False,False,4.4752829625231305,400,281,-4.775828,-1.193957
353,146.658,1110,480,38,80,walk_left,left,True,False,False,False,4.4752829625231305,400,281,-4.775828,-1.193957
354,147.120,1071,469,38,80,walk_left,left,True,False,False,False,4.4752829625231305,400,281,-4.827214,-0.965443
355,147.465,1037,459,38,80,walk_left,left,True,False,False,False,4.4752829625231305,400,281,-4.403096,-2.201548
356,147.870,994,447,38,80,walk_left,left,True,False,False,False,4.4752829625231305,400,281,-4.775828,-1.193957
357,148.275,951,435,38,80,walk_left,left,True,False,False,False,4.4752829625231305,400,281,-4.775828,-1.193957
358,148.691,908,423,38,80,walk_left,left,True,False,False,False,4.4752829625231305,400,281,-4.775828,-1.193957
359,149.090,864,411,38,80,walk_left,left,True,False,False,False,4.4752829625231305,400,281,-4.827214,-0.965443
360,149.505,821,399,38,80,walk_left,left,True,False,False,False,4.4752829625231305,400,281,-4.827214,-0.965443
361,149.907,778,387,38,80,walk_left,left,True,False,False,False,4.4752829625231305,400,281,-4.827214,-0.965443
362,150.308,778,388,38,80,walk_right,right,True,False,False,False,4.4752829625231305,2230,1265,4.403096,2.201548
363,150.718,816,411,38,80,walk_right,right,True,False,False,False,4.4752829625231305,2230,1265,4.403096,2.201548
364,151.122,854,434,38,80,walk_right,right,True,False,False,False,4.4752829625231305,2230,1265,4.096027,2.730684
365,151.526,893,457,38,80,walk_right,right,True,False,False,False,4.4752829625231305,2230,1265,4.403096,2.201548
366,151.931,931,481,38,80,walk_right,right,True,False,False,False,4.4752829625231305,2230,1265,3.938249,2.953687
367,152.337,969,504,38,80,walk_right,right,True,False,False,False,4.4752829625231305,2230,1265,3.938249,2.953687
368,152.742,1011,529,38,80,walk_right,right,True,False,False,False,4.4752829625231305,2230,1265,4.096027,2.730684
369,153.197,1031,541,38,80,walk_right,right,True,False,False,False,4.4752829625231305,2230,1265,3.938249,2.953687
370,153.558,1065,562,38,80,walk_right,right,True,False,False,False,4.4752829625231305,2230,1265,3.938249,2.953687
371,153.970,1103,585,38,80,walk_down,down,True,False,False,False,4.4752829625231305,2230,1265,3.480953,3.480953
372,154.375,1138,607,46,82,walk_right,right,True,False,False,True,4.4752829625231305,2230,1265,3.938249,2.953687
373,154.781,1180,631,38,80,walk_right,right,True,False,False,False,4.4752829625231305,2230,1265,4.403096,2.201548
374,155.184,1218,654,38,80,walk_right,right,True,False,False,False,4.4752829625231305,2230,1265,4.403096,2.201548
375,155.587,1257,677,38,80,walk_right,right,True,False,False,False,4.4752829625231305,2230,1265,4.403096,2.201548
376,156.103,1299,703,38,80,walk_right,right,True,False,False,False,4.4752829625231305,400,1317,3.938249,2.953687
377,156.408,1273,720,38,80,walk_left,left,True,False,False,False,4.4752829625231305,400,1317,-4.403096,2.201548
378,156.807,1236,746,38,80,walk_left,left,True,False,False,False,4.4752829625231305,400,1317,-3.938249,2.953687
379,157.567,1203,768,38,80,walk_left,left,True,False,False,False,4.4752829625231305,400,1317,-4.096027,2.730684
380,158.025,1158,799,38,80,walk_left,left,True,False,False,False,4.4752829625231305,400,1317,-3.938249,2.953687
381,158.435,1121,824,38,80,walk_left,left,True,False,False,False,4.4752829625231305,400,1317,-3.938249,2.953687
382,158.840,1081,852,38,80,walk_left,left,True,False,False,False,4.4752829625231305,400,1317,-3.480953,3.480953
383,159.245,1070,859,38,80,walk_left,left,True,False,False,False,4.4752829625231305,400,1317,-4.096027,2.730684
384,159.657,1033,884,38,80,walk_left,left,True,False,False,False,4.4752829625231305,400,1317,-4.096027,2.730684
385,160.057,996,910,38,80,walk_left,left,True,False,False,False,4.4752829625231305,400,1317,-3.480953,3.480953
386,160.474,959,935,38,80,walk_left,left,True,False,False,False,4.4752829625231305,400,1317,-3.938249,2.953687
387,160.873,922,960,38,80,walk_left,left,True,False,False,False,4.4752829625231305,400,1317,-4.403096,2.201548
388,161.275,889,983,38,80,walk_left,left,True,False,False,False,4.4752829625231305,400,1317,-3.480953,3.480953
389,161.689,852,1008,38,80,walk_left,left,True,False,False,False,4.4752829625231305,400,1317,-4.096027,2.730684
390,162.197,826,1026,38,80,walk_left,left,True,False,False,False,4.4752829625231305,2230,332,-3.938249,2.953687
391,162.500,846,1016,38,80,walk_right,right,True,False,False,False,4.4752829625231305,2230,332,4.403096,-2.201548
392,162.906,886,996,38,80,walk_right,right,True,False,False,False,4.4752829625231305,2230,332,4.403096,-2.201548
393,163.307,926,976,38,80,walk_right,right,True,False,False,False,4.4752829625231305,2230,332,4.403096,-2.201548
394,163.713,966,957,38,80,walk_right,right,True,False,False,False,4.4752829625231305,2230,332,4.403096,-2.201548
395,164.124,1006,937,38,80,walk_right,right,True,False,False,False,4.4752829625231305,2230,332,4.403096,-2.201548
396,164.525,1047,917,38,80,walk_right,right,True,False,False,False,4.4752829625231305,2230,332,4.403096,-2.201548
397,164.938,1087,897,38,80,walk_right,right,True,False,False,False,4.4752829625231305,2230,332,4.403096,-2.201548
398,165.341,1111,885,38,80,walk_right,right,True,False,False,False,4.4752829625231305,2230,332,4.403096,-2.201548
399,165.747,1151,865,38,80,walk_right,right,True,False,False,False,4.4752829625231305,2230,332,4.403096,-2.201548
400,166.154,1191,845,38,80,walk_right,right,True,False,False,False,4.4752829625231305,2230,332,4.403096,-2.201548
401,166.558,1235,824,38,80,walk_right,right,True,False,False,False,4.4752829625231305,2230,332,4.403096,-2.201548
402,166.961,1275,804,38,80,walk_right,right,True,False,False,False,4.4752829625231305,2230,332,4.403096,-2.201548
403,167.374,1315,784,38,80,walk_right,right,True,False,False,False,4.4752829625231305,2230,332,4.403096,-2.201548
404,167.818,1351,766,38,80,walk_right,right,True,False,False,False,4.4752829625231305,2230,332,4.403096,-2.201548
405,168.187,1347,756,38,80,walk_left,left,True,False,False,False,4.4752829625231305,400,281,-4.403096,-2.201548
406,168.590,1307,736,38,80,walk_left,left,True,False,False,False,4.4752829625231305,400,281,-4.403096,-2.201548
407,168.999,1267,716,38,80,walk_left,left,True,False,False,False,4.4752829625231305,400,281,-4.403096,-2.201548
408,169.405,1227,696,38,80,walk_left,left,True,False,False,False,4.4752829625231305,400,281,-4.403096,-2.201548
409,169.807,1187,676,38,80,walk_left,left,True,False,False,False,4.4752829625231305,400,281,-4.403096,-2.201548
410,170.225,1147,656,38,80,walk_left,left,True,False,False,False,4.4752829625231305,400,281,-4.403096,-2.201548
411,170.618,1111,638,38,80,walk_left,left,True,False,False,False,4.4752829625231305,400,281,-4.403096,-2.201548
412,171.115,1071,618,38,80,walk_left,left,True,False,False,False,4.4752829625231305,400,281,-4.403096,-2.201548
413,171.440,1043,604,38,80,walk_left,left,True,False,False,False,4.4752829625231305,400,281,-4.403096,-2.201548
414,171.841,1003,584,38,80,walk_left,left,True,False,False,False,4.4752829625231305,400,281,-4.403096,-2.201548
415,172.257,963,563,38,80,walk_left,left,True,False,False,False,4.4752829625231305,400,281,-4.403096,-2.201548
416,172.657,923,543,38,80,walk_left,left,True,False,False,False,4.4752829625231305,400,281,-4.403096,-2.201548
417,173.058,883,523,38,80,walk_left,left,True,False,False,False,4.4752829625231305,400,281,-4.403096,-2.201548
418,173.469,843,503,38,80,walk_left,left,True,False,False,False,4.4752829625231305,400,281,-4.403096,-2.201548
419,173.874,803,483,38,80,walk_left,left,True,False,False,False,4.4752829625231305,400,281,-4.403096,-2.201548
420,174.275,815,490,38,80,walk_right,right,True,False,False,False,4.4752829625231305,2230,1265,4.403096,2.201548
421,174.687,847,507,38,80,walk_right,right,True,False,False,False,4.4752829625231305,2230,1265,4.403096,2.201548
422,175.090,890,531,38,80,walk_right,right,True,False,False,False,4.4752829625231305,2230,1265,4.403096,2.201548
423,175.497,929,552,38,80,walk_right,right,True,False,False,False,4.4752829625231305,2230,1265,4.403096,2.201548
424,175.901,968,574,38,80,walk_right,right,True,False,False,False,4.4752829625231305,2230,1265,4.403096,2.201548
425,176.306,1007,595,38,80,walk_right,right,True,False,False,False,4.4752829625231305,2230,1265,4.096027,2.730684
426,176.712,1047,617,38,80,walk_right,right,True,False,False,False,4.4752829625231305,2230,1265,4.403096,2.201548
427,177.126,1070,630,38,80,walk_right,right,True,False,False,False,4.4752829625231305,2230,1265,3.938249,2.953687
428,177.524,1106,649,38,80,walk_right,right,True,False,False,False,4.4752829625231305,2230,1265,4.403096,2.201548
429,177.937,1145,670,38,80,walk_right,right,True,False,False,False,4.4752829625231305,2230,1265,4.403096,2.201548
430,178.339,1180,690,38,80,walk_right,right,True,False,False,False,4.4752829625231305,2230,1265,4.403096,2.201548
431,178.743,1219,711,38,80,walk_right,right,True,False,False,False,4.4752829625231305,2230,1265,4.403096,2.201548
432,179.157,1259,733,38,80,walk_right,right,True,False,False,False,4.4752829625231305,2230,1265,4.403096,2.201548
433,179.556,1298,754,38,80,walk_right,right,True,False,False,False,4.4752829625231305,2230,1265,4.403096,2.201548
434,179.975,1337,776,38,80,walk_right,right,True,False,False,False,4.4752829625231305,2230,1265,4.403096,2.201548
435,180.375,1333,774,38,80,walk_left,left,True,False,False,False,4.4752829625231305,92,108,-4.403096,-2.201548
436,180.781,1298,755,38,80,walk_left,left,True,False,False,False,4.4752829625231305,92,108,-4.403096,-2.201548
437,181.185,1258,734,38,80,walk_left,left,True,False,False,False,4.4752829625231305,92,108,-4.403096,-2.201548
438,181.592,1219,712,38,80,walk_left,left,True,False,False,False,4.4752829625231305,92,108,-3.938249,-2.953687
439,181.994,1179,691,38,80,walk_left,left,True,False,False,False,4.4752829625231305,92,108,-4.403096,-2.201548
440,182.408,1140,670,38,80,walk_left,left,True,False,False,False,4.4752829625231305,92,108,-4.403096,-2.201548
441,182.807,1101,649,38,80,walk_left,left,True,False,False,False,4.4752829625231305,92,108,-4.096027,-2.730684
442,183.218,1077,636,38,80,walk_left,left,True,False,False,False,4.4752829625231305,92,108,-4.403096,-2.201548
443,183.623,1037,615,38,80,walk_left,left,True,False,False,False,4.4752829625231305,92,108,-4.403096,-2.201548
444,184.024,998,594,38,80,walk_left,left,True,False,False,False,4.4752829625231305,92,108,-4.403096,-2.201548
445,184.434,959,573,38,80,walk_left,left,True,False,False,False,4.4752829625231305,92,108,-4.096027,-2.730684
446,184.836,919,552,38,80,walk_left,left,True,False,False,False,4.4752829625231305,92,108,-4.403096,-2.201548
447,185.257,876,528,38,80,walk_left,left,True,False,False,False,4.4752829625231305,92,108,-4.403096,-2.201548
448,185.657,840,509,38,80,walk_left,left,True,False,False,False,4.4752829625231305,92,108,-4.403096,-2.201548
449,186.121,813,492,38,80,walk_right,right,True,False,False,False,4.4752829625231305,2230,332,4.922811,0.000000
450,186.471,849,488,38,80,walk_right,right,True,False,False,False,4.4752829625231305,2230,332,4.922811,0.000000
451,186.875,893,483,38,80,walk_right,right,True,False,False,False,4.4752829625231305,2230,332,4.922811,0.000000
452,187.277,938,478,38,80,walk_right,right,True,False,False,False,4.4752829625231305,2230,332,4.922811,0.000000
453,187.691,982,473,38,80,walk_right,right,True,False,False,False,4.4752829625231305,2230,332,4.922811,0.000000
454,188.091,1027,468,38,80,walk_right,right,True,False,False,False,4.4752829625231305,2230,332,4.922811,0.000000
455,188.521,1035,467,38,80,walk_right,right,True,False,False,False,4.4752829625231305,2230,332,4.922811,0.000000
456,188.906,1075,462,38,80,walk_right,right,True,False,False,False,4.4752829625231305,2230,332,4.775828,-1.193957
457,189.308,1102,459,38,80,walk_right,right,True,False,False,False,4.4752829625231305,2230,332,4.775828,-1.193957
458,189.714,1147,454,38,80,walk_right,right,True,False,False,False,4.4752829625231305,2230,332,4.827214,-0.965443
459,190.124,1191,449,38,80,walk_right,right,True,False,False,False,4.4752829625231305,2230,332,4.775828,-1.193957
460,190.525,1236,444,38,80,walk_right,right,True,False,False,False,4.4752829625231305,2230,332,4.827214,-0.965443
461,190.933,1280,439,38,80,walk_right,right,True,False,False,False,4.4752829625231305,2230,332,4.775828,-1.193957
462,191.341,1325,434,38,80,walk_right,right,True,False,False,False,4.4752829625231305,2230,332,4.827214,-0.965443
463,191.749,1369,429,38,80,walk_right,right,True,False,False,False,4.4752829625231305,2230,332,4.775828,-1.193957
464,192.155,1387,425,38,80,walk_left,left,True,False,False,False,4.4752829625231305,400,281,-4.775828,-1.193957
465,192.560,1365,422,38,80,walk_left,left,True,False,False,False,4.4752829625231305,400,281,-4.922811,0.000000
466,192.962,1325,416,38,80,walk_left,left,True,False,False,False,4.4752829625231305,400,281,-4.922811,0.000000
467,193.373,1289,411,38,80,walk_left,left,True,False,False,False,4.4752829625231305,400,281,-4.922811,0.000000
468,193.775,1245,404,38,80,walk_left,left,True,False,False,False,4.4752829625231305,400,281,-4.827214,-0.965443
469,194.192,1210,399,38,80,walk_left,left,True,False,False,False,4.4752829625231305,400,281,-4.775828,-1.193957
470,194.589,1170,393,38,80,walk_left,left,True,False,False,False,4.4752829625231305,400,281,-4.775828,-1.193957
471,195.116,1126,387,38,80,walk_left,left,True,False,False,False,4.4752829625231305,400,281,-4.922811,0.000000
472,195.404,1095,382,38,80,walk_left,left,True,False,False,False,4.4752829625231305,400,281,-4.775828,-1.193957
473,195.806,1046,375,38,80,walk_left,left,True,False,False,False,4.4752829625231305,400,281,-4.775828,-1.193957
474,196.211,1002,369,38,80,walk_left,left,True,False,False,False,4.4752829625231305,400,281,-4.922811,0.000000
475,196.618,962,363,38,80,walk_left,left,True,False,False,False,4.4752829625231305,400,281,-4.775828,-1.193957
476,197.025,913,356,38,80,walk_left,left,True,False,False,False,4.4752829625231305,400,281,-4.922811,0.000000
477,197.438,864,349,38,80,walk_left,left,True,False,False,False,4.4752829625231305,400,281,-4.922811,0.000000
478,197.842,820,342,38,80,walk_left,left,True,False,False,False,4.4752829625231305,400,281,-4.775828,-1.193957
479,198.246,814,345,38,80,walk_right,right,True,False,False,False,4.4752829625231305,2230,1265,4.403096,2.201548
480,198.650,855,372,38,80,walk_right,right,True,False,False,False,4.4752829625231305,2230,1265,4.096027,2.730684
481,199.058,897,399,38,80,walk_right,right,True,False,False,False,4.4752829625231305,2230,1265,3.938249,2.953687
482,199.475,927,418,38,80,walk_right,right,True,False,False,False,4.4752829625231305,2230,1265,4.403096,2.201548
483,199.875,964,443,38,80,walk_down,down,True,False,False,False,4.4752829625231305,2230,1265,3.480953,3.480953
484,200.275,1006,470,38,80,walk_right,right,True,False,False,False,4.4752829625231305,2230,1265,3.938249,2.953687
485,200.680,1043,494,38,80,walk_right,right,True,False,False,False,4.4752829625231305,2230,1265,3.938249,2.953687
486,201.122,1069,511,38,80,walk_right,right,True,False,False,False,4.4752829625231305,2230,1265,4.096027,2.730684
487,201.500,1103,533,38,80,walk_right,right,True,False,False,False,4.4752829625231305,2230,1265,3.938249,2.953687
488,201.905,1144,560,38,80,walk_down,down,True,False,False,False,4.4752829625231305,2230,1265,3.480953,3.480953
489,202.309,1182,584,38,80,walk_right,right,True,False,False,False,4.4752829625231305,2230,1265,4.403096,2.201548
490,202.716,1223,611,38,80,walk_down,down,True,False,False,False,4.4752829625231305,2230,1265,3.480953,3.480953
491,203.122,1265,638,38,80,walk_right,right,True,False,False,False,4.4752829625231305,2230,1265,3.938249,2.953687
492,203.525,1302,662,38,80,walk_right,right,True,False,False,False,4.4752829625231305,2230,1265,4.403096,2.201548
493,203.932,1343,689,38,80,walk_right,right,True,False,False,False,4.4752829625231305,2230,1265,4.096027,2.730684
494,205.158,1306,719,38,80,walk_left,left,True,False,False,False,4.4752829625231305,400,1317,-3.938249,2.953687
495,205.557,1265,746,38,80,walk_left,left,True,False,False,False,4.4752829625231305,400,1317,-3.938249,2.953687
496,205.967,1224,773,38,80,walk_left,left,True,False,False,False,4.4752829625231305,400,1317,-4.296097,3.222073
497,206.374,1187,797,38,80,walk_left,left,True,False,False,False,4.4752829625231305,400,1317,-4.468392,2.978928
498,206.775,1145,825,38,80,walk_left,left,True,False,False,False,4.4752829625231305,400,1317,-4.296272,3.222204
499,207.181,1119,842,38,80,walk_left,left,True,False,False,False,4.4752829625231305,400,1317,-4.296272,3.222204
500,207.591,1078,869,38,80,walk_left,left,True,False,False,False,4.4752829625231305,400,1317,-4.803378,2.401689
501,207.997,1037,896,38,80,walk_left,left,True,False,False,False,4.4752829625231305,400,1317,-4.803378,2.401689
502,208.409,1000,921,38,80,walk_left,left,True,False,False,False,4.4752829625231305,400,1317,-4.296272,3.222204
503,208.808,959,948,38,80,walk_left,left,True,False,False,False,4.4752829625231305,400,1317,-3.797404,3.797404
504,209.217,918,975,38,80,walk_left,left,True,False,False,False,4.4752829625231305,400,1317,-4.468393,2.978928
505,209.621,877,1002,38,80,walk_left,left,True,False,False,False,4.4752829625231305,400,1317,-4.468393,2.978928
506,210.116,847,1022,38,80,walk_left,left,True,False,False,False,4.4752829625231305,2230,332,-3.797404,3.797404
507,210.441,875,1008,38,80,walk_right,right,True,False,False,False,4.4752829625231305,2230,332,4.803378,-2.401689
508,210.841,911,990,38,80,walk_right,right,True,False,False,False,4.4752829625231305,2230,332,4.803378,-2.401689
509,211.243,955,968,38,80,walk_right,right,True,False,False,False,4.4752829625231305,2230,332,4.803378,-2.401689
510,211.657,995,948,38,80,walk_right,right,True,False,False,False,4.4752829625231305,2230,332,4.803378,-2.401689
511,212.058,1039,926,38,80,walk_right,right,True,False,False,False,4.4752829625231305,2230,332,4.803378,-2.401689
512,212.464,1083,904,38,80,walk_right,right,True,False,False,False,4.4752829625231305,2230,332,4.803378,-2.401689
513,212.871,1123,884,38,80,walk_right,right,True,False,False,False,4.4752829625231305,2230,332,4.803378,-2.401689
514,213.275,1151,870,38,80,walk_right,right,True,False,False,False,4.4752829625231305,2230,332,4.803378,-2.401689
515,213.691,1195,848,38,80,walk_right,right,True,False,False,False,4.4752829625231305,2230,332,4.803378,-2.401689
516,214.091,1239,826,38,80,walk_right,right,True,False,False,False,4.4752829625231305,2230,332,4.803378,-2.401689
517,214.495,1283,804,38,80,walk_right,right,True,False,False,False,4.4752829625231305,2230,332,4.803378,-2.401689
518,214.908,1323,784,38,80,walk_right,right,True,False,False,False,4.4752829625231305,2230,332,4.803378,-2.401689
519,215.308,1367,762,38,80,walk_right,right,True,False,False,False,4.4752829625231305,2230,332,4.803378,-2.401689
520,215.721,1411,740,38,80,walk_right,right,True,False,False,False,4.4752829625231305,2230,332,4.803378,-2.401689
521,216.385,1439,726,38,80,walk_right,right,True,False,False,False,4.4752829625231305,400,281,4.803378,-2.401689
522,216.524,1431,723,38,80,walk_left,left,True,False,False,False,4.4752829625231305,400,281,-4.803378,-2.401689
523,216.940,1390,705,38,80,walk_left,left,True,False,False,False,4.4752829625231305,400,281,-4.803378,-2.401689
524,217.340,1349,688,38,80,walk_left,left,True,False,False,False,4.4752829625231305,400,281,-5.209995,-1.302499
525,217.755,1308,670,38,80,walk_left,left,True,False,False,False,4.4752829625231305,400,281,-4.803378,-2.401689
526,218.157,1267,652,38,80,walk_left,left,True,False,False,False,4.4752829625231305,400,281,-4.803378,-2.401689
527,218.559,1230,636,38,80,walk_left,left,True,False,False,False,4.4752829625231305,400,281,-4.803378,-2.401689
528,218.970,1189,619,38,80,walk_left,left,True,False,False,False,4.4752829625231305,400,281,-4.803378,-2.401689
529,219.374,1164,608,38,80,walk_left,left,True,False,False,False,4.4752829625231305,400,281,-4.803378,-2.401689
530,219.777,1123,591,38,80,walk_left,left,True,False,False,False,4.4752829625231305,400,281,-5.209995,-1.302499
531,220.183,1082,573,38,80,walk_left,left,True,False,False,False,4.4752829625231305,400,281,-4.803378,-2.401689
532,220.588,1077,571,38,80,walk_left,left,True,False,False,False,4.4752829625231305,400,281,-4.986235,-1.994494
533,220.998,1036,554,38,80,walk_left,left,True,False,False,False,4.4752829625231305,400,281,-5.209995,-1.302499
534,221.407,995,536,38,80,walk_left,left,True,False,False,False,4.4752829625231305,400,281,-4.803378,-2.401689
535,221.807,954,518,38,80,walk_left,left,True,False,False,False,4.4752829625231305,400,281,-4.803378,-2.401689
536,222.222,953,520,38,80,walk_right,right,True,False,False,False,4.4752829625231305,2230,1265,4.803378,2.401689
537,222.623,990,541,42,82,walk_right,right,True,False,False,True,4.4752829625231305,2230,1265,4.803378,2.401689
538,223.025,1031,565,38,80,walk_right,right,True,False,False,False,4.4752829625231305,2230,1265,4.803378,2.401689
539,223.437,1069,588,38,80,walk_right,right,True,False,False,False,4.4752829625231305,2230,1265,4.296272,3.222204
540,223.839,1108,610,38,80,walk_right,right,True,False,False,False,4.4752829625231305,2230,1265,4.803378,2.401689
541,224.248,1147,633,38,80,walk_right,right,True,False,False,False,4.4752829625231305,2230,1265,4.296272,3.222204
542,224.653,1185,655,38,80,walk_right,right,True,False,False,False,4.4752829625231305,2230,1265,4.803378,2.401689
543,225.132,1224,678,38,80,walk_right,right,True,False,False,False,4.4752829625231305,2230,1265,4.803378,2.401689
544,225.623,1220,675,38,80,walk_left,left,True,False,False,False,4.4752829625231305,232,8,-4.296272,-3.222204
545,225.875,1203,664,42,82,walk_left,left,True,False,False,False,4.4752829625231305,232,8,-4.296272,-3.222204
546,226.275,1168,640,38,80,walk_left,left,True,False,False,False,4.4752829625231305,232,8,-3.938599,-2.953949
547,226.690,1133,617,42,82,walk_left,left,True,False,False,False,4.4752829625231305,232,8,-4.403097,-2.201549
548,227.088,1101,595,38,80,walk_left,left,True,False,False,False,4.4752829625231305,232,8,-3.938249,-2.953687
549,227.499,1061,568,38,80,walk_left,left,True,False,False,False,4.4752829625231305,232,8,-4.096027,-2.730684
550,227.903,1027,545,38,80,walk_left,left,True,False,False,False,4.4752829625231305,232,8,-3.938249,-2.953687
551,228.307,960,554,138,94,walk_down,down,True,False,False,False,4.4752829625231305,400,1317,-2.953687,3.938249
552,228.713,982,596,38,80,walk_down,down,True,False,False,False,4.4752829625231305,400,1317,-2.953687,3.938249
553,229.117,952,629,42,82,walk_left,left,True,False,False,False,4.4752829625231305,400,1317,-3.480953,3.480953
554,229.525,926,665,38,80,walk_left,left,True,False,False,False,4.4752829625231305,400,1317,-3.480953,3.480953
555,229.931,896,699,42,82,walk_left,left,True,False,False,False,4.4752829625231305,400,1317,-3.480953,3.480953
556,230.340,870,735,38,80,walk_left,left,True,False,False,False,4.4752829625231305,400,1317,-3.480953,3.480953
557,230.793,840,769,42,82,walk_down,down,True,False,False,False,4.4752829625231305,400,1317,-2.953687,3.938249
558,231.157,831,784,38,80,walk_down,down,True,False,False,False,4.4752829625231305,400,1317,-2.953687,3.938249
559,231.556,801,818,42,82,walk_down,down,True,False,False,False,4.4752829625231305,400,1317,-2.953687,3.938249
560,231.969,776,849,42,82,walk_down,down,True,False,False,False,4.4752829625231305,400,1317,-2.730684,4.096027
561,232.375,748,884,42,82,walk_down,down,True,False,False,False,4.4752829625231305,400,1317,-2.201548,4.403096
562,232.777,721,920,38,80,walk_down,down,True,False,False,False,4.4752829625231305,400,1317,-2.953687,3.938249
563,233.191,689,954,46,82,walk_down,down,True,False,False,True,4.4752829625231305,400,1317,-2.953687,3.938249
564,233.590,665,990,38,80,walk_down,down,True,False,False,False,4.4752829625231305,400,1317,-2.953687,3.938249
565,234.316,635,1023,42,82,walk_left,left,True,False,False,False,4.4752829625231305,2230,332,-3.480953,3.480953
566,234.807,691,1001,38,80,walk_right,right,True,False,False,False,4.4752829625231305,2230,332,4.403096,-2.201548
567,235.212,732,983,38,80,walk_right,right,True,False,False,False,4.4752829625231305,2230,332,4.403096,-2.201548
568,235.624,773,966,38,80,walk_right,right,True,False,False,False,4.4752829625231305,2230,332,4.775828,-1.193957
569,236.025,814,948,38,80,walk_right,right,True,False,False,False,4.4752829625231305,2230,332,4.403096,-2.201548
570,236.440,855,930,38,80,walk_right,right,True,False,False,False,4.4752829625231305,2230,332,4.403096,-2.201548
571,236.841,896,912,38,80,walk_right,right,True,False,False,False,4.4752829625231305,2230,332,4.403096,-2.201548
572,237.251,912,905,38,80,walk_right,right,True,False,False,False,4.4752829625231305,2230,332,4.403096,-2.201548
573,237.656,953,887,38,80,walk_right,right,True,False,False,False,4.4752829625231305,2230,332,4.403096,-2.201548
574,238.058,995,869,38,80,walk_right,right,True,False,False,False,4.4752829625231305,2230,332,4.570716,-1.828286
575,238.474,1036,851,38,80,walk_right,right,True,False,False,False,4.4752829625231305,2230,332,4.570716,-1.828286
576,238.873,1077,834,38,80,walk_right,right,True,False,False,False,4.4752829625231305,2230,332,4.827214,-0.965443
577,239.279,1118,816,38,80,walk_right,right,True,False,False,False,4.4752829625231305,2230,332,4.775828,-1.193957
578,239.680,1159,798,38,80,walk_right,right,True,False,False,False,4.4752829625231305,2230,332,4.403096,-2.201548
579,240.113,1184,783,38,80,walk_left,left,True,False,False,False,4.4752829625231305,400,281,-4.096027,-2.730684
580,240.506,1148,760,42,82,walk_up,up,True,False,False,False,4.4752829625231305,400,281,-3.480953,-3.480953
581,240.908,1116,739,38,80,walk_left,left,True,False,False,False,4.4752829625231305,400,281,-3.938249,-2.953687
582,241.308,1084,719,42,82,walk_up,up,True,False,False,False,4.4752829625231305,400,281,-3.480953,-3.480953
583,241.716,1050,697,42,82,walk_left,left,True,False,False,False,4.4752829625231305,400,281,-3.938249,-2.953687
584,242.124,1018,677,38,80,walk_left,left,True,False,False,False,4.4752829625231305,400,281,-4.403096,-2.201548
585,242.524,980,653,38,80,walk_left,left,True,False,False,False,4.4752829625231305,400,281,-4.403096,-2.201548
586,242.932,946,631,38,80,walk_left,left,True,False,False,False,4.4752829625231305,400,281,-4.403096,-2.201548
587,243.341,924,616,38,80,walk_up,up,True,False,False,False,4.4752829625231305,400,281,-3.480953,-3.480953
588,243.753,886,592,38,80,walk_left,left,True,False,False,False,4.4752829625231305,400,281,-3.938249,-2.953687
589,244.157,848,568,38,80,walk_left,left,True,False,False,False,4.4752829625231305,400,281,-4.403096,-2.201548
590,244.557,811,544,38,80,walk_left,left,True,False,False,False,4.4752829625231305,400,281,-4.096027,-2.730684
591,244.965,771,519,42,82,walk_left,left,True,False,False,False,4.4752829625231305,400,281,-4.403096,-2.201548
592,245.375,735,496,38,80,walk_left,left,True,False,False,False,4.4752829625231305,400,281,-4.403096,-2.201548
593,245.775,698,472,38,80,walk_left,left,True,False,False,False,4.4752829625231305,400,281,-4.096027,-2.730684
594,246.187,690,466,38,80,walk_right,right,True,False,False,False,4.4752829625231305,2230,1265,4.403096,2.201548
595,246.588,730,487,38,80,walk_right,right,True,False,False,False,4.4752829625231305,2230,1265,4.403096,2.201548
596,246.994,770,507,38,80,walk_right,right,True,False,False,False,4.4752829625231305,2230,1265,4.403096,2.201548
597,247.407,810,528,38,80,walk_right,right,True,False,False,False,4.4752829625231305,2230,1265,4.403096,2.201548
598,247.808,849,548,38,80,walk_right,right,True,False,False,False,4.4752829625231305,2230,1265,4.403096,2.201548
599,248.223,889,569,38,80,walk_right,right,True,False,False,False,4.4752829625231305,2230,1265,4.403096,2.201548
600,248.624,929,590,38,80,walk_right,right,True,False,False,False,4.4752829625231305,2230,1265,4.403096,2.201548
601,249.111,968,610,38,80,walk_right,right,True,False,False,False,4.4752829625231305,2230,1265,4.403096,2.201548
602,249.431,996,625,38,80,walk_right,right,True,False,False,False,4.4752829625231305,2230,1265,4.403096,2.201548
603,249.840,1040,647,38,80,walk_right,right,True,False,False,False,4.4752829625231305,2230,1265,4.403096,2.201548
604,250.255,1080,668,38,80,walk_right,right,True,False,False,False,4.4752829625231305,2230,1265,4.403096,2.201548
605,250.658,1119,689,38,80,walk_right,right,True,False,False,False,4.4752829625231305,2230,1265,4.403096,2.201548
606,251.057,1159,709,38,80,walk_right,right,True,False,False,False,4.4752829625231305,2230,1265,4.403096,2.201548
607,251.470,1199,730,38,80,walk_right,right,True,False,False,False,4.4752829625231305,2230,1265,4.403096,2.201548
608,251.976,1227,744,38,80,walk_right,right,True,False,False,False,4.4752829625231305,2230,1265,4.403096,2.201548
609,252.277,1223,747,38,80,walk_left,left,True,False,False,False,4.6438957231919815,400,1317,-4.012439,3.009329
610,252.686,1188,771,38,80,walk_left,left,True,False,False,False,4.6438957231919815,400,1317,-4.086483,3.064863
611,253.089,1154,795,38,80,walk_left,left,True,False,False,False,4.6438957231919815,400,1317,-4.086628,3.064971
612,253.500,1120,818,38,80,walk_left,left,True,False,False,False,4.6438957231919815,400,1317,-4.568989,2.284495
613,253.902,1089,840,38,80,walk_left,left,True,False,False,False,4.6438957231919815,400,1317,-4.086628,3.064971
614,254.307,1051,866,38,80,walk_left,left,True,False,False,False,4.6438957231919815,400,1317,-4.086628,3.064971
615,254.724,1013,892,38,80,walk_left,left,True,False,False,False,4.6438957231919815,400,1317,-4.568989,2.284495
616,255.124,986,911,38,80,walk_left,left,True,False,False,False,4.6438957231919815,400,1317,-4.086628,3.064971
617,255.525,948,937,38,80,walk_left,left,True,False,False,False,4.6438957231919815,400,1317,-4.568989,2.284495
618,255.930,910,964,38,80,walk_left,left,True,False,False,False,4.6438957231919815,400,1317,-4.086628,3.064971
619,256.339,872,990,38,80,walk_left,left,True,False,False,False,4.6438957231919815,400,1317,-4.250350,2.833567
620,256.747,837,1014,38,80,walk_left,left,True,False,False,False,4.6438957231919815,400,1317,-4.086628,3.064971
621,257.150,799,1040,38,80,walk_left,left,True,False,False,False,4.6438957231919815,400,1317,-4.568989,2.284495
622,257.556,761,1067,38,80,walk_left,left,True,False,False,False,4.6438957231919815,400,1317,-4.086628,3.064971
623,257.964,723,1093,38,80,walk_left,left,True,False,False,False,4.6438957231919815,400,1317,-4.568989,2.284495
624,258.375,738,1085,42,82,walk_right,right,True,False,False,True,4.6438957231919815,2230,332,4.568989,-2.284495
625,258.775,781,1065,38,80,walk_right,right,True,False,False,False,4.6438957231919815,2230,332,4.568989,-2.284495
626,259.195,823,1044,38,80,walk_right,right,True,False,False,False,4.6438957231919815,2230,332,4.742924,-1.897170
627,259.590,860,1025,38,80,walk_right,right,True,False,False,False,4.6438957231919815,2230,332,4.568989,-2.284495
628,259.996,901,1004,38,80,walk_right,right,True,False,False,False,4.6438957231919815,2230,332,4.568989,-2.284495
629,260.407,943,983,38,80,walk_right,right,True,False,False,False,4.6438957231919815,2230,332,4.568989,-2.284495
630,260.807,984,962,38,80,walk_right,right,True,False,False,False,4.6438957231919815,2230,332,4.568989,-2.284495
631,261.212,1009,949,38,80,walk_right,right,True,False,False,False,4.6438957231919815,2230,332,4.568989,-2.284495
632,261.621,1050,928,38,80,walk_right,right,True,False,False,False,4.6438957231919815,2230,332,4.086628,-3.064971
633,262.025,1092,907,38,80,walk_right,right,True,False,False,False,4.6438957231919815,2230,332,4.086628,-3.064971
634,262.440,1121,893,38,80,walk_right,right,True,False,False,False,4.6438957231919815,2230,332,4.568989,-2.284495
635,262.841,1162,872,38,80,walk_right,right,True,False,False,False,4.6438957231919815,2230,332,4.568989,-2.284495
636,263.252,1204,851,38,80,walk_right,right,True,False,False,False,4.6438957231919815,2230,332,4.568989,-2.284495
637,263.653,1245,830,38,80,walk_right,right,True,False,False,False,4.6438957231919815,2230,332,4.568989,-2.284495
638,264.116,1279,809,38,80,walk_left,left,True,False,False,False,4.6438957231919815,400,281,-4.568989,-2.284495
639,264.469,1247,790,38,80,walk_left,left,True,False,False,False,4.6438957231919815,400,281,-4.568989,-2.284495
640,264.874,1207,766,38,80,walk_left,left,True,False,False,False,4.6438957231919815,400,281,-4.568989,-2.284495
641,265.280,1167,742,38,80,walk_left,left,True,False,False,False,4.6438957231919815,400,281,-4.568989,-2.284495
642,265.684,1127,718,38,80,walk_left,left,True,False,False,False,4.6438957231919815,400,281,-4.568989,-2.284495
643,266.088,1087,694,38,80,walk_left,left,True,False,False,False,4.6438957231919815,400,281,-4.568989,-2.284495
644,266.493,1048,670,38,80,walk_left,left,True,False,False,False,4.6438957231919815,400,281,-4.568989,-2.284495
645,266.907,1008,646,38,80,walk_left,left,True,False,False,False,4.6438957231919815,400,281,-4.568989,-2.284495
646,267.307,984,632,38,80,walk_left,left,True,False,False,False,4.6438957231919815,400,281,-4.568989,-2.284495
647,267.717,944,608,38,80,walk_left,left,True,False,False,False,4.6438957231919815,400,281,-4.568989,-2.284495
648,268.121,904,584,38,80,walk_left,left,True,False,False,False,4.6438957231919815,400,281,-4.568989,-2.284495
649,268.525,865,560,38,80,walk_left,left,True,False,False,False,4.6438957231919815,400,281,-4.568989,-2.284495
650,268.931,825,536,38,80,walk_left,left,True,False,False,False,4.6438957231919815,400,281,-4.086628,-3.064971
651,269.340,781,510,38,80,walk_left,left,True,False,False,False,4.6438957231919815,400,281,-4.568989,-2.284495
652,269.756,741,486,38,80,walk_left,left,True,False,False,False,4.6438957231919815,400,281,-4.568989,-2.284495
653,270.157,725,476,38,80,walk_right,right,True,False,False,False,4.6438957231919815,2230,1265,4.568989,2.284495
654,270.555,701,462,38,80,walk_left,left,True,False,False,False,4.6438957231919815,92,108,-4.568989,-2.284495
655,270.970,661,439,38,80,walk_left,left,True,False,False,False,4.6438957231919815,92,108,-4.568989,-2.284495
656,271.373,621,415,38,80,walk_left,left,True,False,False,False,4.6438957231919815,92,108,-4.086628,-3.064971
657,271.775,581,392,38,80,walk_left,left,True,False,False,False,4.6438957231919815,92,108,-4.568989,-2.284495
658,272.183,541,369,38,80,walk_left,left,True,False,False,False,4.6438957231919815,92,108,-4.568989,-2.284495
659,272.589,509,350,38,80,walk_left,left,True,False,False,False,4.6438957231919815,92,108,-4.568989,-2.284495
660,273.104,468,327,38,80,walk_up,up,True,False,False,False,4.6438957231919815,92,108,-4.568989,-2.284495
661,273.408,440,310,38,80,walk_left,left,True,False,False,False,4.6438957231919815,92,108,-4.086628,-3.064971
662,273.808,400,287,38,80,walk_left,left,True,False,False,False,4.6438957231919815,92,108,-4.568989,-2.284495
663,274.235,356,261,38,80,walk_left,left,True,False,False,False,4.6438957231919815,92,108,-4.086628,-3.064971
664,274.625,316,238,38,80,walk_left,left,True,False,False,False,4.6438957231919815,92,108,-4.568989,-2.284495
665,275.025,272,212,38,80,walk_left,left,True,False,False,False,4.6438957231919815,92,108,-4.086628,-3.064971
666,275.440,231,189,38,80,walk_left,left,True,False,False,False,4.6438957231919815,92,108,-4.742924,-1.897170
667,275.840,191,166,38,80,walk_left,left,True,False,False,False,4.6438957231919815,92,108,-4.568989,-2.284495
668,276.249,186,183,42,82,walk_down,down,True,False,False,True,4.6438957231919815,400,1317,1.001817,5.009086
669,276.653,192,228,46,82,walk_down_sleep,down,True,False,False,True,4.6438957231919815,400,1317,1.238941,4.955765
670,277.057,201,274,46,82,walk_down_sleep,down,True,False,False,True,4.6438957231919815,400,1317,1.238941,4.955765
671,277.473,210,320,46,82,walk_down_sleep,down,True,False,False,True,4.6438957231919815,400,1317,1.001817,5.009086
672,277.873,218,365,46,82,walk_down_sleep,down,True,False,False,True,4.6438957231919815,400,1317,0.000000,5.108285
673,278.274,227,411,46,82,walk_down_sleep,down,True,False,False,True,4.6438957231919815,400,1317,1.001817,5.009086
674,278.689,236,457,46,82,walk_down_sleep,down,True,False,False,True,4.6438957231919815,400,1317,1.001817,5.009086
675,279.109,243,493,46,82,walk_down_sleep,down,True,False,False,True,4.6438957231919815,400,1317,1.001817,5.009086
676,279.496,251,534,46,82,walk_down_sleep,down,True,False,False,True,4.6438957231919815,400,1317,1.238941,4.955765
677,279.900,259,580,46,82,walk_down_sleep,down,True,False,False,True,4.6438957231919815,400,1317,1.001817,5.009086
678,280.305,269,630,46,82,walk_down_sleep,down,True,False,False,True,4.6438957231919815,400,1317,1.001817,5.009086
679,280.724,278,680,46,82,walk_down_sleep,down,True,False,False,True,4.6438957231919815,400,1317,0.000000,5.108285
680,281.124,287,726,46,82,walk_down_sleep,down,True,False,False,True,4.6438957231919815,400,1317,1.001817,5.009086
681,281.525,296,771,46,82,walk_down_sleep,down,True,False,False,True,4.6438957231919815,400,1317,1.238941,4.955765
682,281.932,305,817,46,82,walk_down_sleep,down,True,False,False,True,4.6438957231919815,400,1317,1.001817,5.009086
683,282.341,332,817,38,80,walk_right,right,True,False,False,False,4.6438957231919815,2230,332,5.009086,-1.001817
684,282.750,377,805,38,80,walk_right,right,True,False,False,False,4.6438957231919815,2230,332,5.009086,-1.001817
685,283.155,422,794,38,80,walk_right,right,True,False,False,False,4.6438957231919815,2230,332,5.009086,-1.001817
686,283.558,435,790,38,80,walk_right,right,True,False,False,False,4.6438957231919815,2230,332,4.955765,-1.238941
687,283.962,480,779,38,80,walk_right,right,True,False,False,False,4.6438957231919815,2230,332,4.955765,-1.238941
688,284.368,525,767,38,80,walk_right,right,True,False,False,False,4.6438957231919815,2230,332,4.955765,-1.238941
689,284.775,575,755,38,80,walk_right,right,True,False,False,False,4.6438957231919815,2230,332,5.009086,-1.001817
690,285.190,552,741,138,94,idle,right,True,False,False,False,4.6438957231919815,2230,332,5.009086,-1.001817
691,285.590,593,731,138,94,idle,right,True,False,False,False,4.6438957231919815,2230,332,5.009086,-1.001817
692,286.003,638,720,138,94,idle,right,True,False,False,False,4.6438957231919815,2230,332,5.009086,-1.001817
693,286.406,683,709,138,94,idle,right,True,False,False,False,4.6438957231919815,2230,332,5.009086,-1.001817
694,286.807,778,705,38,80,walk_right,right,True,False,False,False,4.6438957231919815,2230,332,5.009086,-1.001817
695,287.215,823,693,38,80,walk_right,right,True,False,False,False,4.6438957231919815,2230,332,5.009086,-1.001817
696,287.619,868,682,38,80,walk_right,right,True,False,False,False,4.6438957231919815,2230,332,5.009086,-1.001817
697,288.113,905,669,38,80,walk_left,left,True,False,False,False,4.6438957231919815,400,281,-4.250350,-2.833567
698,288.441,886,654,38,80,walk_left,left,True,False,False,False,4.6438957231919815,400,281,-4.086628,-3.064971
699,288.840,849,626,38,80,walk_left,left,True,False,False,False,4.6438957231919815,400,281,-4.086628,-3.064971
700,289.255,813,598,38,80,walk_up,up,True,False,False,False,4.6438957231919815,400,281,-3.612103,-3.612103
701,289.657,774,569,42,82,walk_left,left,True,False,False,False,4.6438957231919815,400,281,-4.250350,-2.833567
702,290.058,737,540,42,82,walk_left,left,True,False,False,False,4.6438957231919815,400,281,-4.086628,-3.064971
703,290.466,702,513,38,80,walk_left,left,True,False,False,False,4.6438957231919815,400,281,-4.086628,-3.064971
704,290.870,665,485,38,80,walk_left,left,True,False,False,False,4.6438957231919815,400,281,-4.086628,-3.064971
705,291.274,634,461,42,82,walk_up,up,True,False,False,False,4.6438957231919815,400,281,-3.612103,-3.612103
706,291.690,599,434,38,80,walk_left,left,True,False,False,False,4.6438957231919815,400,281,-4.086628,-3.064971
707,292.089,562,405,38,80,walk_left,left,True,False,False,False,4.6438957231919815,400,281,-4.086628,-3.064971
708,292.503,525,377,38,80,walk_left,left,True,False,False,False,4.6438957231919815,400,281,-4.086628,-3.064971
709,292.899,488,349,38,80,walk_left,left,True,False,False,False,4.6438957231919815,400,281,-4.086628,-3.064971
710,293.307,451,320,38,80,walk_up,up,True,False,False,False,4.6438957231919815,400,281,-2.891094,-2.891094
711,293.782,419,296,38,80,idle,left,False,False,False,False,4.6438957231919815,400,281,0.000000,0.000000
712,294.130,421,297,38,80,walk_right,right,True,False,False,False,4.6438957231919815,2230,1265,2.284495,1.142247
713,294.524,457,316,38,80,walk_right,right,True,False,False,False,4.6438957231919815,2230,1265,4.564527,2.282264
714,294.940,498,338,38,80,walk_right,right,True,False,False,False,4.6438957231919815,2230,1265,4.568985,2.284492
715,295.341,539,360,38,80,walk_right,right,True,False,False,False,4.6438957231919815,2230,1265,4.568989,2.284495
716,295.747,580,382,38,80,walk_right,right,True,False,False,False,4.6438957231919815,2230,1265,4.568989,2.284495
717,296.149,621,404,38,80,walk_right,right,True,False,False,False,4.6438957231919815,2230,1265,4.568989,2.284495
718,296.557,662,426,38,80,walk_right,right,True,False,False,False,4.6438957231919815,2230,1265,4.568989,2.284495
719,296.974,703,448,38,80,walk_right,right,True,False,False,False,4.6438957231919815,2230,1265,4.568989,2.284495
720,297.367,727,461,38,80,walk_right,right,True,False,False,False,4.6438957231919815,2230,1265,4.568989,2.284495
721,297.775,768,483,38,80,walk_right,right,True,False,False,False,4.6438957231919815,2230,1265,4.568989,2.284495
722,298.191,809,505,38,80,walk_right,right,True,False,False,False,4.6438957231919815,2230,1265,4.568989,2.284495
723,298.591,850,527,38,80,walk_right,right,True,False,False,False,4.6438957231919815,2230,1265,4.568989,2.284495
724,298.999,891,549,38,80,walk_right,right,True,False,False,False,4.6438957231919815,2230,1265,4.086628,3.064971
725,299.405,932,571,38,80,walk_right,right,True,False,False,False,4.6438957231919815,2230,1265,4.086628,3.064971
726,299.807,973,592,38,80,walk_right,right,True,False,False,False,4.6438957231919815,2230,1265,4.568989,2.284495
727,300.214,973,594,46,82,sleep,right,False,False,True,False,4.6438957231919815,400,1317,4.086628,3.064971
728,300.618,973,594,46,82,sleep,right,False,False,True,False,4.6438957231919815,400,1317,4.086628,3.064971
729,301.025,973,594,46,82,sleep,right,False,False,True,False,4.6438957231919815,400,1317,4.086628,3.064971
730,301.440,973,594,46,82,sleep,right,False,False,True,False,4.6438957231919815,400,1317,4.086628,3.064971
731,301.840,973,594,46,82,sleep,right,False,False,True,False,4.6438957231919815,400,1317,4.086628,3.064971
732,302.243,973,594,46,82,sleep,right,False,False,True,False,4.6438957231919815,400,1317,4.086628,3.064971
733,302.657,973,594,46,82,sleep,right,False,False,True,False,4.6438957231919815,400,1317,4.086628,3.064971
734,303.103,973,594,46,82,sleep,right,False,False,True,False,4.6438957231919815,400,1317,4.086628,3.064971
735,303.463,973,594,46,82,sleep,right,False,False,True,False,4.6438957231919815,400,1317,4.086628,3.064971
736,303.873,973,594,46,82,sleep,right,False,False,True,False,4.6438957231919815,400,1317,4.086628,3.064971
737,304.285,973,594,46,82,sleep,right,False,False,True,False,4.6438957231919815,400,1317,4.086628,3.064971
738,304.681,973,594,46,82,sleep,right,False,False,True,False,4.6438957231919815,400,1317,4.086628,3.064971
739,305.091,973,594,46,82,sleep,right,False,False,True,False,4.6438957231919815,400,1317,4.086628,3.064971
740,305.502,973,594,46,82,sleep,right,False,False,True,False,4.6438957231919815,400,1317,4.086628,3.064971
741,305.907,973,594,46,82,sleep,right,False,False,True,False,4.6438957231919815,400,1317,4.086628,3.064971
742,306.307,973,594,46,82,sleep,right,False,False,True,False,4.6438957231919815,2230,332,4.086628,3.064971
743,306.715,973,594,46,82,sleep,right,False,False,True,False,4.6438957231919815,2230,332,4.086628,3.064971
744,307.124,973,594,46,82,sleep,right,False,False,True,False,4.6438957231919815,2230,332,4.086628,3.064971
745,307.525,973,594,46,82,sleep,right,False,False,True,False,4.6438957231919815,2230,332,4.086628,3.064971
746,307.939,973,594,46,82,sleep,right,False,False,True,False,4.6438957231919815,2230,332,4.086628,3.064971
747,308.340,973,594,46,82,sleep,right,False,False,True,False,4.6438957231919815,2230,332,4.086628,3.064971
748,308.743,973,594,46,82,sleep,right,False,False,True,False,4.6438957231919815,2230,332,4.086628,3.064971
749,309.149,973,594,46,82,sleep,right,False,False,True,False,4.6438957231919815,2230,332,4.086628,3.064971
750,309.557,973,594,46,82,sleep,right,False,False,True,False,4.6438957231919815,2230,332,4.086628,3.064971
751,309.973,973,594,46,82,sleep,right,False,False,True,False,4.6438957231919815,2230,332,4.086628,3.064971
752,310.374,973,594,46,82,sleep,right,False,False,True,False,4.6438957231919815,2230,332,4.086628,3.064971
753,310.776,973,594,46,82,sleep,right,False,False,True,False,4.6438957231919815,2230,332,4.086628,3.064971
754,311.181,973,594,46,82,sleep,right,False,False,True,False,4.6438957231919815,2230,332,4.086628,3.064971
755,311.587,973,594,46,82,sleep,right,False,False,True,False,4.6438957231919815,2230,332,4.086628,3.064971
756,312.121,973,594,46,82,sleep,right,True,False,False,False,4.6438957231919815,400,281,4.086628,3.064971
757,312.402,973,594,46,82,sleep,right,False,False,True,False,4.6438957231919815,400,281,4.086628,3.064971
758,312.809,973,594,46,82,sleep,right,False,False,True,False,4.6438957231919815,400,281,4.086628,3.064971
759,313.218,973,594,46,82,sleep,right,False,False,True,False,4.6438957231919815,400,281,4.086628,3.064971
760,313.619,973,594,46,82,sleep,right,False,False,True,False,4.6438957231919815,400,281,4.086628,3.064971
761,314.025,973,594,46,82,sleep,right,False,False,True,False,4.6438957231919815,400,281,4.086628,3.064971
762,314.608,973,594,46,82,sleep,right,False,False,True,False,4.6438957231919815,400,281,4.086628,3.064971
763,314.839,973,594,46,82,sleep,right,False,False,True,False,4.6438957231919815,400,281,4.086628,3.064971
764,315.245,973,594,46,82,sleep,right,False,False,True,False,4.6438957231919815,400,281,4.086628,3.064971
765,315.651,973,594,46,82,sleep,right,False,False,True,False,4.6438957231919815,400,281,4.086628,3.064971
766,316.055,973,594,46,82,sleep,right,False,False,True,False,4.6438957231919815,400,281,4.086628,3.064971
767,316.474,973,594,46,82,sleep,right,False,False,True,False,4.6438957231919815,400,281,4.086628,3.064971
768,316.873,973,594,46,82,sleep,right,False,False,True,False,4.6438957231919815,400,281,4.086628,3.064971
769,317.280,973,594,46,82,sleep,right,False,False,True,False,4.6438957231919815,400,281,4.086628,3.064971
770,317.685,973,594,46,82,sleep,right,False,False,True,False,4.6438957231919815,400,281,4.086628,3.064971
771,318.118,973,594,46,82,sleep,right,False,False,True,False,4.6438957231919815,2230,1265,4.086628,3.064971
772,318.507,973,594,46,82,sleep,right,False,False,True,False,4.6438957231919815,2230,1265,4.086628,3.064971
773,318.908,973,594,46,82,sleep,right,False,False,True,False,4.6438957231919815,2230,1265,4.086628,3.064971
774,319.309,973,594,46,82,sleep,right,False,False,True,False,4.6438957231919815,2230,1265,4.086628,3.064971
775,319.718,973,594,46,82,sleep,right,False,False,True,False,4.6438957231919815,2230,1265,4.086628,3.064971
776,320.124,973,594,46,82,sleep,right,False,False,True,False,4.6438957231919815,2230,1265,4.086628,3.064971
777,320.529,973,594,46,82,sleep,right,False,False,True,False,4.6438957231919815,2230,1265,4.086628,3.064971
778,320.933,973,594,46,82,sleep,right,False,False,True,False,4.6438957231919815,2230,1265,4.086628,3.064971
779,321.340,973,594,46,82,sleep,right,False,False,True,False,4.6438957231919815,2230,1265,4.086628,3.064971
780,321.745,973,594,46,82,sleep,right,False,False,True,False,4.6438957231919815,2230,1265,4.086628,3.064971
781,322.159,973,594,46,82,sleep,right,False,False,True,False,4.6438957231919815,2230,1265,4.086628,3.064971
782,322.557,973,594,46,82,sleep,right,False,False,True,False,4.6438957231919815,2230,1265,4.086628,3.064971
783,322.971,973,594,46,82,sleep,right,False,False,True,False,4.6438957231919815,2230,1265,4.086628,3.064971
784,323.374,973,594,46,82,sleep,right,False,False,True,False,4.6438957231919815,2230,1265,4.086628,3.064971
785,323.776,973,594,46,82,sleep,right,False,False,True,False,4.6438957231919815,2230,1265,4.086628,3.064971
786,324.186,973,594,46,82,sleep,right,False,False,True,False,4.6438957231919815,400,1317,4.086628,3.064971
787,324.587,973,594,46,82,sleep,right,False,False,True,False,4.6438957231919815,400,1317,4.086628,3.064971
788,325.009,973,594,46,82,sleep,right,False,False,True,False,4.6438957231919815,400,1317,4.086628,3.064971
789,325.407,973,594,46,82,sleep,right,False,False,True,False,4.6438957231919815,400,1317,4.086628,3.064971
790,325.807,973,594,46,82,sleep,right,False,False,True,False,4.6438957231919815,400,1317,4.086628,3.064971
791,326.214,973,594,46,82,sleep,right,False,False,True,False,4.6438957231919815,400,1317,4.086628,3.064971
792,326.618,973,594,46,82,sleep,right,False,False,True,False,4.6438957231919815,400,1317,4.086628,3.064971
793,327.120,973,594,46,82,sleep,right,False,False,True,False,4.6438957231919815,400,1317,4.086628,3.064971
794,327.440,973,594,46,82,sleep,right,False,False,True,False,4.6438957231919815,400,1317,4.086628,3.064971
795,327.841,973,594,46,82,sleep,right,False,False,True,False,4.6438957231919815,400,1317,4.086628,3.064971
796,328.255,973,594,46,82,sleep,right,False,False,True,False,4.6438957231919815,400,1317,4.086628,3.064971
797,328.656,973,594,46,82,sleep,right,False,False,True,False,4.6438957231919815,400,1317,4.086628,3.064971
798,329.057,973,594,46,82,sleep,right,False,False,True,False,4.6438957231919815,400,1317,4.086628,3.064971
799,329.462,973,594,46,82,sleep,right,False,False,True,False,4.6438957231919815,400,1317,4.086628,3.064971
800,329.874,973,594,46,82,sleep,right,False,False,True,False,4.6438957231919815,400,1317,4.086628,3.064971
801,330.280,973,594,46,82,sleep,right,False,False,True,False,4.6438957231919815,2230,332,4.086628,3.064971
802,330.681,973,594,46,82,sleep,right,False,False,True,False,4.6438957231919815,2230,332,4.086628,3.064971
803,331.090,973,594,46,82,sleep,right,False,False,True,False,4.6438957231919815,2230,332,4.086628,3.064971
804,331.501,973,594,46,82,sleep,right,False,False,True,False,4.6438957231919815,2230,332,4.086628,3.064971
805,331.900,973,594,46,82,sleep,right,False,False,True,False,4.6438957231919815,2230,332,4.086628,3.064971
806,332.307,973,594,46,82,sleep,right,False,False,True,False,4.6438957231919815,2230,332,4.086628,3.064971
807,332.724,973,594,46,82,sleep,right,False,False,True,False,4.6438957231919815,2230,332,4.086628,3.064971
808,333.130,973,594,46,82,sleep,right,False,False,True,False,4.6438957231919815,2230,332,4.086628,3.064971
809,333.526,973,594,46,82,sleep,right,False,False,True,False,4.6438957231919815,2230,332,4.086628,3.064971
810,333.940,973,594,46,82,sleep,right,False,False,True,False,4.6438957231919815,2230,332,4.086628,3.064971
811,334.340,973,594,46,82,sleep,right,False,False,True,False,4.6438957231919815,2230,332,4.086628,3.064971
812,334.754,973,594,46,82,sleep,right,False,False,True,False,4.6438957231919815,2230,332,4.086628,3.064971
813,335.150,973,594,46,82,sleep,right,False,False,True,False,4.6438957231919815,2230,332,4.086628,3.064971
814,335.556,973,594,46,82,sleep,right,False,False,True,False,4.6438957231919815,2230,332,4.086628,3.064971
815,335.970,973,594,46,82,sleep,right,False,False,True,False,4.6438957231919815,2230,332,4.086628,3.064971
816,336.374,977,595,38,80,sleep,right,False,False,True,False,4.6438957231919815,400,281,4.086628,3.064971
817,336.780,973,594,46,82,sleep,right,False,False,True,False,4.6438957231919815,400,281,4.086628,3.064971
818,337.184,973,594,46,82,sleep,right,False,False,True,False,4.6438957231919815,400,281,4.086628,3.064971
819,337.592,973,594,46,82,sleep,right,False,False,True,False,4.6438957231919815,400,281,4.086628,3.064971
820,337.998,973,594,46,82,sleep,right,False,False,True,False,4.6438957231919815,400,281,4.086628,3.064971
821,338.408,973,594,46,82,sleep,right,False,False,True,False,4.6438957231919815,400,281,4.086628,3.064971
822,338.806,973,594,46,82,sleep,right,False,False,True,False,4.6438957231919815,400,281,4.086628,3.064971
823,339.235,973,594,46,82,sleep,right,False,False,True,False,4.6438957231919815,400,281,4.086628,3.064971
824,339.624,973,594,46,82,sleep,right,False,False,True,False,4.6438957231919815,400,281,4.086628,3.064971
825,340.025,973,594,46,82,sleep,right,False,False,True,False,4.6438957231919815,400,281,4.086628,3.064971
826,340.432,973,594,46,82,sleep,right,False,False,True,False,4.6438957231919815,400,281,4.086628,3.064971
827,340.841,973,594,46,82,sleep,right,False,False,True,False,4.6438957231919815,400,281,4.086628,3.064971
828,341.249,973,594,46,82,sleep,right,False,False,True,False,4.6438957231919815,400,281,4.086628,3.064971
829,341.657,973,594,46,82,sleep,right,False,False,True,False,4.6438957231919815,400,281,4.086628,3.064971
830,342.113,973,594,46,82,sleep,right,False,False,True,False,4.6438957231919815,2230,1265,4.086628,3.064971
831,342.469,973,594,46,82,sleep,right,False,False,True,False,4.6438957231919815,2230,1265,4.086628,3.064971
832,342.871,973,594,46,82,sleep,right,False,False,True,False,4.6438957231919815,2230,1265,4.086628,3.064971
833,343.275,973,594,46,82,sleep,right,False,False,True,False,4.6438957231919815,2230,1265,4.086628,3.064971
834,343.681,973,594,46,82,sleep,right,False,False,True,False,4.6438957231919815,2230,1265,4.086628,3.064971
835,344.090,973,594,46,82,sleep,right,False,False,True,False,4.6438957231919815,2230,1265,4.086628,3.064971
836,344.504,973,594,46,82,sleep,right,False,False,True,False,4.6438957231919815,2230,1265,4.086628,3.064971
837,344.907,973,594,46,82,sleep,right,False,False,True,False,4.6438957231919815,2230,1265,4.086628,3.064971
838,345.307,973,594,46,82,sleep,right,False,False,True,False,4.6438957231919815,2230,1265,4.086628,3.064971
839,345.718,973,594,46,82,sleep,right,False,False,True,False,4.6438957231919815,2230,1265,4.086628,3.064971
840,346.122,973,594,46,82,sleep,right,False,False,True,False,4.6438957231919815,2230,1265,4.086628,3.064971
841,346.930,973,594,46,82,sleep,right,False,False,True,False,4.6438957231919815,2230,1265,4.086628,3.064971
842,347.341,973,594,46,82,sleep,right,False,False,True,False,4.6438957231919815,2230,1265,4.086628,3.064971
843,347.752,973,594,46,82,sleep,right,False,False,True,False,4.6438957231919815,2230,1265,4.086628,3.064971
844,348.157,973,594,46,82,sleep,right,False,False,True,False,4.6438957231919815,400,1317,4.086628,3.064971
845,348.557,973,594,46,82,sleep,right,False,False,True,False,4.6438957231919815,400,1317,4.086628,3.064971
846,348.969,973,594,46,82,sleep,right,False,False,True,False,4.6438957231919815,400,1317,4.086628,3.064971
847,349.369,973,594,46,82,sleep,right,False,False,True,False,4.6438957231919815,400,1317,4.086628,3.064971
848,349.775,973,594,46,82,sleep,right,False,False,True,False,4.6438957231919815,400,1317,4.086628,3.064971
849,350.182,973,594,46,82,sleep,right,False,False,True,False,4.6438957231919815,400,1317,4.086628,3.064971
850,350.590,973,594,46,82,sleep,right,False,False,True,False,4.6438957231919815,400,1317,4.086628,3.064971
851,351.125,973,594,46,82,sleep,right,False,False,True,False,4.6438957231919815,400,1317,4.086628,3.064971
852,351.399,973,594,46,82,sleep,right,False,False,True,False,4.6438957231919815,400,1317,4.086628,3.064971
853,351.808,973,594,46,82,sleep,right,False,False,True,False,4.6438957231919815,400,1317,4.086628,3.064971
854,352.217,973,594,46,82,sleep,right,False,False,True,False,4.6438957231919815,400,1317,4.086628,3.064971
855,352.619,973,594,46,82,sleep,right,False,False,True,False,4.6438957231919815,400,1317,4.086628,3.064971
856,353.024,973,594,46,82,sleep,right,False,False,True,False,4.6438957231919815,400,1317,4.086628,3.064971
857,353.441,973,594,46,82,sleep,right,False,False,True,False,4.6438957231919815,400,1317,4.086628,3.064971
858,353.840,973,594,46,82,sleep,right,False,False,True,False,4.6438957231919815,400,1317,4.086628,3.064971
859,354.243,973,594,46,82,sleep,right,False,False,True,False,4.6438957231919815,2230,332,4.086628,3.064971
860,354.657,973,594,46,82,sleep,right,False,False,True,False,4.6438957231919815,2230,332,4.086628,3.064971
861,355.058,973,594,46,82,sleep,right,False,False,True,False,4.6438957231919815,2230,332,4.086628,3.064971
862,355.468,973,594,46,82,sleep,right,False,False,True,False,4.6438957231919815,2230,332,4.086628,3.064971
863,355.869,973,594,46,82,sleep,right,False,False,True,False,4.6438957231919815,2230,332,4.086628,3.064971
864,356.275,973,594,46,82,sleep,right,False,False,True,False,4.6438957231919815,2230,332,4.086628,3.064971
865,356.688,973,594,46,82,sleep,right,False,False,True,False,4.6438957231919815,2230,332,4.086628,3.064971
866,357.105,973,594,46,82,sleep,right,False,False,True,False,4.6438957231919815,2230,332,4.086628,3.064971
867,357.507,973,594,46,82,sleep,right,False,False,True,False,4.6438957231919815,2230,332,4.086628,3.064971
868,357.907,973,594,46,82,sleep,right,False,False,True,False,4.6438957231919815,2230,332,4.086628,3.064971
869,358.308,973,594,46,82,sleep,right,False,False,True,False,4.6438957231919815,2230,332,4.086628,3.064971
870,358.720,973,594,46,82,sleep,right,False,False,True,False,4.6438957231919815,2230,332,4.086628,3.064971
871,359.123,973,594,46,82,sleep,right,False,False,True,False,4.6438957231919815,2230,332,4.086628,3.064971
872,359.527,973,594,46,82,sleep,right,False,False,True,False,4.6438957231919815,2230,332,4.086628,3.064971
873,359.932,973,594,46,82,sleep,right,False,False,True,False,4.6438957231919815,2230,332,4.086628,3.064971
874,360.341,973,594,46,82,sleep,right,False,False,True,False,4.6438957231919815,400,281,4.086628,3.064971
875,360.755,973,594,46,82,sleep,right,False,False,True,False,4.6438957231919815,400,281,4.086628,3.064971
876,361.158,973,594,46,82,sleep,right,False,False,True,False,4.6438957231919815,400,281,4.086628,3.064971
877,361.557,973,594,46,82,sleep,right,False,False,True,False,4.6438957231919815,400,281,4.086628,3.064971
878,361.967,973,594,46,82,sleep,right,False,False,True,False,4.6438957231919815,400,281,4.086628,3.064971
879,362.373,973,594,46,82,sleep,right,False,False,True,False,4.6438957231919815,400,281,4.086628,3.064971
880,362.775,973,594,46,82,sleep,right,False,False,True,False,4.6438957231919815,400,281,4.086628,3.064971
881,363.181,973,594,46,82,sleep,right,False,False,True,False,4.6438957231919815,400,281,4.086628,3.064971
882,363.590,973,594,46,82,sleep,right,False,False,True,False,4.6438957231919815,400,281,4.086628,3.064971
883,363.994,973,594,46,82,sleep,right,False,False,True,False,4.6438957231919815,400,281,4.086628,3.064971
884,364.407,973,594,46,82,sleep,right,False,False,True,False,4.6438957231919815,400,281,4.086628,3.064971
885,364.807,973,594,46,82,sleep,right,False,False,True,False,4.6438957231919815,400,281,4.086628,3.064971
886,365.217,973,594,46,82,sleep,right,False,False,True,False,4.6438957231919815,400,281,4.086628,3.064971
887,365.621,973,594,46,82,sleep,right,False,False,True,False,4.6438957231919815,400,281,4.086628,3.064971
888,366.118,973,594,46,82,sleep,right,False,False,True,False,4.6438957231919815,2230,1265,4.086628,3.064971
889,366.441,973,594,46,82,sleep,right,False,False,True,False,4.6438957231919815,2230,1265,4.086628,3.064971
890,366.841,973,594,46,82,sleep,right,False,False,True,False,4.6438957231919815,2230,1265,4.086628,3.064971
891,367.290,973,594,46,82,sleep,right,False,False,True,False,4.6438957231919815,2230,1265,4.086628,3.064971
892,367.654,973,594,46,82,sleep,right,False,False,True,False,4.6438957231919815,2230,1265,4.086628,3.064971
893,368.058,973,594,46,82,sleep,right,False,False,True,False,4.6438957231919815,2230,1265,4.086628,3.064971
894,368.474,973,594,46,82,sleep,right,False,False,True,False,4.6438957231919815,2230,1265,4.086628,3.064971
895,368.873,973,594,46,82,sleep,right,False,False,True,False,4.6438957231919815,2230,1265,4.086628,3.064971
896,369.277,973,594,46,82,sleep,right,False,False,True,False,4.6438957231919815,2230,1265,4.086628,3.064971
897,369.688,973,594,46,82,sleep,right,False,False,True,False,4.6438957231919815,2230,1265,4.086628,3.064971
898,370.091,973,594,46,82,sleep,right,False,False,True,False,4.6438957231919815,2230,1265,4.086628,3.064971
899,370.498,973,594,46,82,sleep,right,False,False,True,False,4.6438957231919815,2230,1265,4.086628,3.064971
900,370.903,973,594,46,82,sleep,right,False,False,True,False,4.6438957231919815,2230,1265,4.086628,3.064971
901,371.306,973,594,46,82,sleep,right,False,False,True,False,4.6438957231919815,2230,1265,4.086628,3.064971
902,371.714,973,594,46,82,sleep,right,False,False,True,False,4.6438957231919815,2230,1265,4.086628,3.064971
903,372.118,977,595,38,80,walk_right,right,True,False,False,False,4.6438957231919815,400,1317,4.086628,3.064971
904,372.526,973,594,46,82,sleep,right,False,False,True,False,4.6438957231919815,400,1317,4.086628,3.064971
905,372.932,973,594,46,82,sleep,right,False,False,True,False,4.6438957231919815,400,1317,4.086628,3.064971
906,373.342,973,594,46,82,sleep,right,False,False,True,False,4.6438957231919815,400,1317,4.086628,3.064971
907,373.751,973,594,46,82,sleep,right,False,False,True,False,4.6438957231919815,400,1317,4.086628,3.064971
908,374.158,973,594,46,82,sleep,right,False,False,True,False,4.6438957231919815,400,1317,4.086628,3.064971
909,374.558,973,594,46,82,sleep,right,False,False,True,False,4.6438957231919815,400,1317,4.086628,3.064971
910,374.971,973,594,46,82,sleep,right,False,False,True,False,4.6438957231919815,400,1317,4.086628,3.064971
911,375.374,973,594,46,82,sleep,right,False,False,True,False,4.6438957231919815,400,1317,4.086628,3.064971
912,375.779,973,594,46,82,sleep,right,False,False,True,False,4.6438957231919815,400,1317,4.086628,3.064971
913,376.182,973,594,46,82,sleep,right,False,False,True,False,4.6438957231919815,400,1317,4.086628,3.064971
914,376.588,973,594,46,82,sleep,right,False,False,True,False,4.6438957231919815,400,1317,4.086628,3.064971
915,377.006,973,594,46,82,sleep,right,False,False,True,False,4.6438957231919815,400,1317,4.086628,3.064971
916,377.508,973,594,46,82,sleep,right,False,False,True,False,4.6438957231919815,400,1317,4.086628,3.064971
917,377.808,973,594,46,82,sleep,right,False,False,True,False,4.6438957231919815,400,1317,4.086628,3.064971
918,378.222,977,595,38,80,sleep,right,False,False,True,False,4.6438957231919815,2230,332,4.086628,3.064971
919,378.625,973,594,46,82,sleep,right,False,False,True,False,4.6438957231919815,2230,332,4.086628,3.064971
920,379.025,973,594,46,82,sleep,right,False,False,True,False,4.6438957231919815,2230,332,4.086628,3.064971
921,379.437,973,594,46,82,sleep,right,False,False,True,False,4.6438957231919815,2230,332,4.086628,3.064971
922,379.840,973,594,46,82,sleep,right,False,False,True,False,4.6438957231919815,2230,332,4.086628,3.064971
923,380.257,973,594,46,82,sleep,right,False,False,True,False,4.6438957231919815,2230,332,4.086628,3.064971
924,380.649,973,594,46,82,sleep,right,False,False,True,False,4.6438957231919815,2230,332,4.086628,3.064971
925,381.124,973,594,46,82,sleep,right,False,False,True,False,4.6438957231919815,2230,332,4.086628,3.064971
926,381.474,973,594,46,82,sleep,right,False,False,True,False,4.6438957231919815,2230,332,4.086628,3.064971
927,381.876,973,594,46,82,sleep,right,False,False,True,False,4.6438957231919815,2230,332,4.086628,3.064971
928,382.275,973,594,46,82,sleep,right,False,False,True,False,4.6438957231919815,2230,332,4.086628,3.064971
929,382.683,973,594,46,82,sleep,right,False,False,True,False,4.6438957231919815,2230,332,4.086628,3.064971
930,383.090,973,594,46,82,sleep,right,False,False,True,False,4.6438957231919815,2230,332,4.086628,3.064971
931,383.495,973,594,46,82,sleep,right,False,False,True,False,4.6438957231919815,2230,332,4.086628,3.064971
932,383.909,973,594,46,82,sleep,right,False,False,True,False,4.6438957231919815,2230,332,4.086628,3.064971
933,384.308,973,594,46,82,sleep,right,False,False,True,False,4.6438957231919815,400,281,4.086628,3.064971
934,384.724,973,594,46,82,sleep,right,False,False,True,False,4.6438957231919815,400,281,4.086628,3.064971
935,385.125,973,594,46,82,sleep,right,False,False,True,False,4.6438957231919815,400,281,4.086628,3.064971
936,385.524,973,594,46,82,sleep,right,False,False,True,False,4.6438957231919815,400,281,4.086628,3.064971
937,385.939,973,594,46,82,sleep,right,False,False,True,False,4.6438957231919815,400,281,4.086628,3.064971
938,386.342,973,594,46,82,sleep,right,False,False,True,False,4.6438957231919815,400,281,4.086628,3.064971
939,386.748,973,594,46,82,sleep,right,False,False,True,False,4.6438957231919815,400,281,4.086628,3.064971
940,387.155,973,594,46,82,sleep,right,False,False,True,False,4.6438957231919815,400,281,4.086628,3.064971
941,387.559,973,594,46,82,sleep,right,False,False,True,False,4.6438957231919815,400,281,4.086628,3.064971
942,387.963,973,594,46,82,sleep,right,False,False,True,False,4.6438957231919815,400,281,4.086628,3.064971
943,388.377,973,594,46,82,sleep,right,False,False,True,False,4.6438957231919815,400,281,4.086628,3.064971
944,388.774,973,594,46,82,sleep,right,False,False,True,False,4.6438957231919815,400,281,4.086628,3.064971
945,389.185,973,594,46,82,sleep,right,False,False,True,False,4.6438957231919815,400,281,4.086628,3.064971
946,389.588,973,594,46,82,sleep,right,False,False,True,False,4.6438957231919815,400,281,4.086628,3.064971
947,390.120,973,594,46,82,sleep,right,True,False,False,False,4.6438957231919815,2230,1265,4.086628,3.064971
948,390.408,977,595,38,80,sleep,right,False,False,True,False,4.6438957231919815,2230,1265,4.086628,3.064971
949,390.808,973,594,46,82,sleep,right,False,False,True,False,4.6438957231919815,2230,1265,4.086628,3.064971
950,391.219,973,594,46,82,sleep,right,False,False,True,False,4.6438957231919815,2230,1265,4.086628,3.064971
951,391.624,973,594,46,82,sleep,right,False,False,True,False,4.6438957231919815,2230,1265,4.086628,3.064971
952,392.024,973,594,46,82,sleep,right,False,False,True,False,4.6438957231919815,2230,1265,4.086628,3.064971
953,392.432,973,594,46,82,sleep,right,False,False,True,False,4.6438957231919815,2230,1265,4.086628,3.064971
954,392.837,973,594,46,82,sleep,right,False,False,True,False,4.6438957231919815,2230,1265,4.086628,3.064971
955,393.242,973,594,46,82,sleep,right,False,False,True,False,4.6438957231919815,2230,1265,4.086628,3.064971
956,393.657,973,594,46,82,sleep,right,False,False,True,False,4.6438957231919815,2230,1265,4.086628,3.064971
957,394.057,973,594,46,82,sleep,right,False,False,True,False,4.6438957231919815,2230,1265,4.086628,3.064971
958,394.468,973,594,46,82,sleep,right,False,False,True,False,4.6438957231919815,2230,1265,4.086628,3.064971
959,394.872,973,594,46,82,sleep,right,False,False,True,False,4.6438957231919815,2230,1265,4.086628,3.064971
960,395.275,973,594,46,82,sleep,right,False,False,True,False,4.6438957231919815,2230,1265,4.086628,3.064971
961,395.691,973,594,46,82,sleep,right,False,False,True,False,4.6438957231919815,2230,1265,4.086628,3.064971
962,396.114,973,594,46,82,sleep,right,False,False,True,False,4.6438957231919815,400,1317,4.086628,3.064971
963,396.498,973,594,46,82,sleep,right,False,False,True,False,4.6438957231919815,400,1317,4.086628,3.064971
964,396.904,973,594,46,82,sleep,right,False,False,True,False,4.6438957231919815,400,1317,4.086628,3.064971
965,397.306,973,594,46,82,sleep,right,False,False,True,False,4.6438957231919815,400,1317,4.086628,3.064971
966,397.715,973,594,46,82,sleep,right,False,False,True,False,4.6438957231919815,400,1317,4.086628,3.064971
967,398.121,973,594,46,82,sleep,right,False,False,True,False,4.6438957231919815,400,1317,4.086628,3.064971
968,398.524,973,594,46,82,sleep,right,False,False,True,False,4.6438957231919815,400,1317,4.086628,3.064971
969,398.942,973,594,46,82,sleep,right,False,False,True,False,4.6438957231919815,400,1317,4.086628,3.064971
970,399.336,973,594,46,82,sleep,right,False,False,True,False,4.6438957231919815,400,1317,4.086628,3.064971
971,399.756,973,594,46,82,sleep,right,False,False,True,False,4.6438957231919815,400,1317,4.086628,3.064971
972,400.157,973,594,46,82,sleep,right,False,False,True,False,4.6438957231919815,400,1317,4.086628,3.064971
973,400.558,973,594,46,82,sleep,right,False,False,True,False,4.6438957231919815,400,1317,4.086628,3.064971
974,400.969,973,594,46,82,sleep,right,False,False,True,False,4.6438957231919815,400,1317,4.086628,3.064971
975,401.374,973,594,46,82,sleep,right,False,False,True,False,4.6438957231919815,400,1317,4.086628,3.064971
976,401.778,973,594,46,82,sleep,right,False,False,True,False,4.6438957231919815,400,1317,4.086628,3.064971
977,402.183,973,594,46,82,sleep,right,False,False,True,False,4.6438957231919815,2230,332,4.086628,3.064971
978,402.587,973,594,46,82,sleep,right,False,False,True,False,4.6438957231919815,2230,332,4.086628,3.064971
979,403.007,973,594,46,82,sleep,right,False,False,True,False,4.6438957231919815,2230,332,4.086628,3.064971
980,403.399,973,594,46,82,sleep,right,False,False,True,False,4.6438957231919815,2230,332,4.086628,3.064971
981,403.808,973,594,46,82,sleep,right,False,False,True,False,4.6438957231919815,2230,332,4.086628,3.064971
982,404.233,973,594,46,82,sleep,right,False,False,True,False,4.6438957231919815,2230,332,4.086628,3.064971
983,404.625,973,594,46,82,sleep,right,False,False,True,False,4.6438957231919815,2230,332,4.086628,3.064971
984,405.133,973,594,46,82,sleep,right,False,False,True,False,4.6438957231919815,2230,332,4.086628,3.064971
985,405.439,973,594,46,82,sleep,right,False,False,True,False,4.6438957231919815,2230,332,4.086628,3.064971
986,405.841,973,594,46,82,sleep,right,False,False,True,False,4.6438957231919815,2230,332,4.086628,3.064971
987,406.243,973,594,46,82,sleep,right,False,False,True,False,4.6438957231919815,2230,332,4.086628,3.064971
988,406.649,973,594,46,82,sleep,right,False,False,True,False,4.6438957231919815,2230,332,4.086628,3.064971
989,407.058,973,594,46,82,sleep,right,False,False,True,False,4.6438957231919815,2230,332,4.086628,3.064971
990,407.476,973,594,46,82,sleep,right,False,False,True,False,4.6438957231919815,2230,332,4.086628,3.064971
991,407.874,973,594,46,82,sleep,right,False,False,True,False,4.6438957231919815,2230,332,4.086628,3.064971
992,408.275,973,594,46,82,sleep,right,False,False,True,False,4.6438957231919815,400,281,4.086628,3.064971
993,408.680,973,594,46,82,sleep,right,False,False,True,False,4.6438957231919815,400,281,4.086628,3.064971
994,409.091,973,594,46,82,sleep,right,False,False,True,False,4.6438957231919815,400,281,4.086628,3.064971
995,409.577,973,594,46,82,sleep,right,False,False,True,False,4.6438957231919815,400,281,4.086628,3.064971
996,409.899,973,594,46,82,sleep,right,False,False,True,False,4.6438957231919815,400,281,4.086628,3.064971
997,410.307,973,594,46,82,sleep,right,False,False,True,False,4.6438957231919815,400,281,4.086628,3.064971
998,410.718,973,594,46,82,sleep,right,False,False,True,False,4.6438957231919815,400,281,4.086628,3.064971
999,411.157,973,594,46,82,sleep,right,False,False,True,False,4.6438957231919815,400,281,4.086628,3.064971
1000,411.523,973,594,46,82,sleep,right,False,False,True,False,4.6438957231919815,400,281,4.086628,3.064971
1001,411.940,973,594,46,82,sleep,right,False,False,True,False,4.6438957231919815,400,281,4.086628,3.064971
1002,412.336,973,594,46,82,sleep,right,False,False,True,False,4.6438957231919815,400,281,4.086628,3.064971
1003,412.743,973,594,46,82,sleep,right,False,False,True,False,4.6438957231919815,400,281,4.086628,3.064971
1004,413.158,973,594,46,82,sleep,right,False,False,True,False,4.6438957231919815,400,281,4.086628,3.064971
1005,413.558,973,594,46,82,sleep,right,False,False,True,False,4.6438957231919815,400,281,4.086628,3.064971
1006,413.968,973,594,46,82,sleep,right,False,False,True,False,4.6438957231919815,400,281,4.086628,3.064971
1007,414.373,977,595,38,80,sleep,right,False,False,True,False,4.6438957231919815,2230,1265,4.086628,3.064971
1008,414.776,973,594,46,82,sleep,right,False,False,True,False,4.6438957231919815,2230,1265,4.086628,3.064971
1009,415.182,973,594,46,82,sleep,right,False,False,True,False,4.6438957231919815,2230,1265,4.086628,3.064971
1010,415.589,973,594,46,82,sleep,right,False,False,True,False,4.6438957231919815,2230,1265,4.086628,3.064971
1011,415.993,973,594,46,82,sleep,right,False,False,True,False,4.6438957231919815,2230,1265,4.086628,3.064971
1012,416.407,973,594,46,82,sleep,right,False,False,True,False,4.6438957231919815,2230,1265,4.086628,3.064971
1013,416.808,973,594,46,82,sleep,right,False,False,True,False,4.6438957231919815,2230,1265,4.086628,3.064971
1014,417.223,973,594,46,82,sleep,right,False,False,True,False,4.6438957231919815,2230,1265,4.086628,3.064971
1015,417.623,973,594,46,82,sleep,right,False,False,True,False,4.6438957231919815,2230,1265,4.086628,3.064971
1016,418.025,973,594,46,82,sleep,right,False,False,True,False,4.6438957231919815,2230,1265,4.086628,3.064971
1017,418.433,973,594,46,82,sleep,right,False,False,True,False,4.6438957231919815,2230,1265,4.086628,3.064971
1018,418.839,973,594,46,82,sleep,right,False,False,True,False,4.6438957231919815,2230,1265,4.086628,3.064971
1019,419.242,973,594,46,82,sleep,right,False,False,True,False,4.6438957231919815,2230,1265,4.086628,3.064971
1020,419.650,973,594,46,82,sleep,right,False,False,True,False,4.6438957231919815,2230,1265,4.086628,3.064971
1021,420.126,973,594,46,82,sleep,right,False,False,True,False,4.6438957231919815,400,1317,4.086628,3.064971
1022,420.462,973,594,46,82,sleep,right,False,False,True,False,4.6438957231919815,400,1317,4.086628,3.064971
1023,420.875,973,594,46,82,sleep,right,False,False,True,False,4.6438957231919815,400,1317,4.086628,3.064971
1024,421.289,973,594,46,82,sleep,right,False,False,True,False,4.6438957231919815,400,1317,4.086628,3.064971
1025,421.688,973,594,46,82,sleep,right,False,False,True,False,4.6438957231919815,400,1317,4.086628,3.064971
1026,422.091,973,594,46,82,sleep,right,False,False,True,False,4.6438957231919815,400,1317,4.086628,3.064971
1027,422.494,973,594,46,82,sleep,right,False,False,True,False,4.6438957231919815,400,1317,4.086628,3.064971
1028,422.906,973,594,46,82,sleep,right,False,False,True,False,4.6438957231919815,400,1317,4.086628,3.064971
1029,423.307,973,594,46,82,sleep,right,False,False,True,False,4.6438957231919815,400,1317,4.086628,3.064971
1030,423.712,973,594,46,82,sleep,right,False,False,True,False,4.6438957231919815,400,1317,4.086628,3.064971
1031,424.123,973,594,46,82,sleep,right,False,False,True,False,4.6438957231919815,400,1317,4.086628,3.064971
1032,424.525,973,594,46,82,sleep,right,False,False,True,False,4.6438957231919815,400,1317,4.086628,3.064971
1033,424.938,973,594,46,82,sleep,right,False,False,True,False,4.6438957231919815,400,1317,4.086628,3.064971
1034,425.341,973,594,46,82,sleep,right,False,False,True,False,4.6438957231919815,400,1317,4.086628,3.064971
1035,425.745,973,594,46,82,sleep,right,False,False,True,False,4.6438957231919815,400,1317,4.086628,3.064971
1036,426.150,973,594,46,82,sleep,right,False,False,True,False,4.6438957231919815,2230,332,4.086628,3.064971
1037,426.558,973,594,46,82,sleep,right,False,False,True,False,4.6438957231919815,2230,332,4.086628,3.064971
1038,426.968,973,594,46,82,sleep,right,False,False,True,False,4.6438957231919815,2230,332,4.086628,3.064971
1039,427.374,973,594,46,82,sleep,right,False,False,True,False,4.6438957231919815,2230,332,4.086628,3.064971
1040,427.775,973,594,46,82,sleep,right,False,False,True,False,4.6438957231919815,2230,332,4.086628,3.064971
1041,428.187,973,594,46,82,sleep,right,False,False,True,False,4.6438957231919815,2230,332,4.086628,3.064971
1042,428.591,973,594,46,82,sleep,right,False,False,True,False,4.6438957231919815,2230,332,4.086628,3.064971
1043,429.113,973,594,46,82,sleep,right,False,False,True,False,4.6438957231919815,2230,332,4.086628,3.064971
1044,429.401,973,594,46,82,sleep,right,False,False,True,False,4.6438957231919815,2230,332,4.086628,3.064971
1045,429.807,973,594,46,82,sleep,right,False,False,True,False,4.6438957231919815,2230,332,4.086628,3.064971
1046,430.293,973,594,46,82,sleep,right,False,False,True,False,4.6438957231919815,2230,332,4.086628,3.064971
1047,430.625,973,594,46,82,sleep,right,False,False,True,False,4.6438957231919815,2230,332,4.086628,3.064971
1048,431.026,973,594,46,82,sleep,right,False,False,True,False,4.6438957231919815,2230,332,4.086628,3.064971
1049,431.440,973,594,46,82,sleep,right,False,False,True,False,4.6438957231919815,2230,332,4.086628,3.064971
1050,431.841,973,594,46,82,sleep,right,False,False,True,False,4.6438957231919815,2230,332,4.086628,3.064971
1051,432.252,973,594,46,82,sleep,right,False,False,True,False,4.6438957231919815,400,281,4.086628,3.064971
1052,432.657,973,594,46,82,sleep,right,False,False,True,False,4.6438957231919815,400,281,4.086628,3.064971
1053,433.059,973,594,46,82,sleep,right,False,False,True,False,4.6438957231919815,400,281,4.086628,3.064971
1054,433.462,973,594,46,82,sleep,right,False,False,True,False,4.6438957231919815,400,281,4.086628,3.064971
1055,433.870,973,594,46,82,sleep,right,False,False,True,False,4.6438957231919815,400,281,4.086628,3.064971
1056,434.275,973,594,46,82,sleep,right,False,False,True,False,4.6438957231919815,400,281,4.086628,3.064971
1057,434.686,973,594,46,82,sleep,right,False,False,True,False,4.6438957231919815,400,281,4.086628,3.064971
1058,435.118,973,594,46,82,sleep,right,False,False,True,False,4.6438957231919815,400,281,4.086628,3.064971
1059,435.495,973,594,46,82,sleep,right,False,False,True,False,4.6438957231919815,400,281,4.086628,3.064971
1060,435.900,973,594,46,82,sleep,right,False,False,True,False,4.6438957231919815,400,281,4.086628,3.064971
1061,436.305,973,594,46,82,sleep,right,False,False,True,False,4.6438957231919815,400,281,4.086628,3.064971
1062,436.724,973,594,46,82,sleep,right,False,False,True,False,4.6438957231919815,400,281,4.086628,3.064971
1063,437.125,973,594,46,82,sleep,right,False,False,True,False,4.6438957231919815,400,281,4.086628,3.064971
1064,437.536,973,594,46,82,sleep,right,False,False,True,False,4.6438957231919815,400,281,4.086628,3.064971
1065,437.937,973,594,46,82,sleep,right,False,False,True,False,4.6438957231919815,400,281,4.086628,3.064971
1066,438.340,973,594,46,82,sleep,right,False,False,True,False,4.6438957231919815,2230,1265,4.086628,3.064971
1067,438.743,973,594,46,82,sleep,right,False,False,True,False,4.6438957231919815,2230,1265,4.086628,3.064971
1068,439.159,973,594,46,82,sleep,right,False,False,True,False,4.6438957231919815,2230,1265,4.086628,3.064971
1069,439.560,973,594,46,82,sleep,right,False,False,True,False,4.6438957231919815,2230,1265,4.086628,3.064971
1070,439.971,973,594,46,82,sleep,right,False,False,True,False,4.6438957231919815,2230,1265,4.086628,3.064971
1071,440.373,973,594,46,82,sleep,right,False,False,True,False,4.6438957231919815,2230,1265,4.086628,3.064971
1072,441.016,973,594,46,82,sleep,right,False,False,True,False,4.6438957231919815,2230,1265,4.086628,3.064971
1073,441.589,973,594,46,82,sleep,right,False,False,True,False,4.6438957231919815,2230,1265,4.086628,3.064971
1074,441.993,973,594,46,82,sleep,right,False,False,True,False,4.6438957231919815,2230,1265,4.086628,3.064971
1075,442.409,973,594,46,82,sleep,right,False,False,True,False,4.6438957231919815,2230,1265,4.086628,3.064971
1076,442.808,973,594,46,82,sleep,right,False,False,True,False,4.6438957231919815,2230,1265,4.086628,3.064971
1077,443.222,973,594,46,82,sleep,right,False,False,True,False,4.6438957231919815,2230,1265,4.086628,3.064971
1078,443.625,973,594,46,82,sleep,right,False,False,True,False,4.6438957231919815,2230,1265,4.086628,3.064971
1079,444.129,973,594,46,82,sleep,right,True,False,False,False,4.6438957231919815,400,1317,4.086628,3.064971
1080,444.434,973,594,46,82,sleep,right,False,False,True,False,4.6438957231919815,400,1317,4.086628,3.064971
1081,444.838,973,594,46,82,sleep,right,False,False,True,False,4.6438957231919815,400,1317,4.086628,3.064971
1082,445.258,973,594,46,82,sleep,right,False,False,True,False,4.6438957231919815,400,1317,4.086628,3.064971
1083,445.665,973,594,46,82,sleep,right,False,False,True,False,4.6438957231919815,400,1317,4.086628,3.064971
1084,446.074,973,594,46,82,sleep,right,False,False,True,False,4.6438957231919815,400,1317,4.086628,3.064971
1085,446.490,973,594,46,82,sleep,right,False,False,True,False,4.6438957231919815,400,1317,4.086628,3.064971
1086,446.891,973,594,46,82,sleep,right,False,False,True,False,4.6438957231919815,400,1317,4.086628,3.064971
1087,447.290,973,594,46,82,sleep,right,False,False,True,False,4.6438957231919815,400,1317,4.086628,3.064971
1088,447.702,973,594,46,82,sleep,right,False,False,True,False,4.6438957231919815,400,1317,4.086628,3.064971
1089,448.107,973,594,46,82,sleep,right,False,False,True,False,4.6438957231919815,400,1317,4.086628,3.064971
1090,448.510,973,594,46,82,sleep,right,False,False,True,False,4.6438957231919815,400,1317,4.086628,3.064971
1091,448.923,973,594,46,82,sleep,right,False,False,True,False,4.6438957231919815,400,1317,4.086628,3.064971
1092,449.324,973,594,46,82,sleep,right,False,False,True,False,4.6438957231919815,400,1317,4.086628,3.064971
1093,449.738,973,594,46,82,sleep,right,False,False,True,False,4.6438957231919815,400,1317,4.086628,3.064971
1094,450.141,973,594,46,82,sleep,right,True,False,False,False,4.6438957231919815,2230,332,4.086628,3.064971
1095,450.542,973,594,46,82,sleep,right,False,False,True,False,4.6438957231919815,2230,332,4.086628,3.064971
1096,450.948,973,594,46,82,sleep,right,False,False,True,False,4.6438957231919815,2230,332,4.086628,3.064971
1097,451.357,973,594,46,82,sleep,right,False,False,True,False,4.6438957231919815,2230,332,4.086628,3.064971
1098,451.771,973,594,46,82,sleep,right,False,False,True,False,4.6438957231919815,2230,332,4.086628,3.064971
1099,452.165,973,594,46,82,sleep,right,False,False,True,False,4.6438957231919815,2230,332,4.086628,3.064971
1100,452.574,973,594,46,82,sleep,right,False,False,True,False,4.6438957231919815,2230,332,4.086628,3.064971
1101,453.158,973,594,46,82,sleep,right,False,False,True,False,4.6438957231919815,2230,332,4.086628,3.064971
1102,453.390,973,594,46,82,sleep,right,False,False,True,False,4.6438957231919815,2230,332,4.086628,3.064971
1103,453.790,973,594,46,82,sleep,right,False,False,True,False,4.6438957231919815,2230,332,4.086628,3.064971
1104,454.196,973,594,46,82,sleep,right,False,False,True,False,4.6438957231919815,2230,332,4.086628,3.064971
1105,454.607,973,594,46,82,sleep,right,False,False,True,False,4.6438957231919815,2230,332,4.086628,3.064971
1106,455.008,973,594,46,82,sleep,right,False,False,True,False,4.6438957231919815,2230,332,4.086628,3.064971
1107,455.424,973,594,46,82,sleep,right,False,False,True,False,4.6438957231919815,2230,332,4.086628,3.064971
1108,455.824,973,594,46,82,sleep,right,False,False,True,False,4.6438957231919815,2230,332,4.086628,3.064971
1109,456.239,973,594,46,82,sleep,right,False,False,True,False,4.6438957231919815,400,281,4.086628,3.064971
1110,456.641,973,594,46,82,sleep,right,False,False,True,False,4.6438957231919815,400,281,4.086628,3.064971
1111,457.041,973,594,46,82,sleep,right,False,False,True,False,4.6438957231919815,400,281,4.086628,3.064971
1112,457.454,973,594,46,82,sleep,right,False,False,True,False,4.6438957231919815,400,281,4.086628,3.064971
1113,457.857,973,594,46,82,sleep,right,False,False,True,False,4.6438957231919815,400,281,4.086628,3.064971
1114,458.264,973,594,46,82,sleep,right,False,False,True,False,4.6438957231919815,400,281,4.086628,3.064971
1115,458.669,973,594,46,82,sleep,right,False,False,True,False,4.6438957231919815,400,281,4.086628,3.064971
1116,459.108,973,594,46,82,sleep,right,False,False,True,False,4.6438957231919815,400,281,4.086628,3.064971
1117,459.490,973,594,46,82,sleep,right,False,False,True,False,4.6438957231919815,400,281,4.086628,3.064971
1118,459.891,973,594,46,82,sleep,right,False,False,True,False,4.6438957231919815,400,281,4.086628,3.064971
1119,460.292,973,594,46,82,sleep,right,False,False,True,False,4.6438957231919815,400,281,4.086628,3.064971
1120,460.704,973,594,46,82,sleep,right,False,False,True,False,4.6438957231919815,400,281,4.086628,3.064971
1121,461.107,973,594,46,82,sleep,right,False,False,True,False,4.6438957231919815,400,281,4.086628,3.064971
1122,461.510,973,594,46,82,sleep,right,False,False,True,False,4.6438957231919815,400,281,4.086628,3.064971
1123,461.915,973,594,46,82,sleep,right,False,False,True,False,4.6438957231919815,400,281,4.086628,3.064971
1124,462.323,973,594,46,82,sleep,right,False,False,True,False,4.6438957231919815,2230,1265,4.086628,3.064971
1125,462.740,973,594,46,82,sleep,right,False,False,True,False,4.6438957231919815,2230,1265,4.086628,3.064971
1126,463.134,973,594,46,82,sleep,right,False,False,True,False,4.6438957231919815,2230,1265,4.086628,3.064971
1127,463.541,973,594,46,82,sleep,right,False,False,True,False,4.6438957231919815,2230,1265,4.086628,3.064971
1128,463.950,973,594,46,82,sleep,right,False,False,True,False,4.6438957231919815,2230,1265,4.086628,3.064971
1129,464.356,973,594,46,82,sleep,right,False,False,True,False,4.6438957231919815,2230,1265,4.086628,3.064971
1130,464.759,973,594,46,82,sleep,right,False,False,True,False,4.6438957231919815,2230,1265,4.086628,3.064971
1131,465.164,973,594,46,82,sleep,right,False,False,True,False,4.6438957231919815,2230,1265,4.086628,3.064971
1132,465.573,973,594,46,82,sleep,right,False,False,True,False,4.6438957231919815,2230,1265,4.086628,3.064971
1133,465.977,973,594,46,82,sleep,right,False,False,True,False,4.6438957231919815,2230,1265,4.086628,3.064971
1134,466.391,973,594,46,82,sleep,right,False,False,True,False,4.6438957231919815,2230,1265,4.086628,3.064971
1135,466.791,973,594,46,82,sleep,right,False,False,True,False,4.6438957231919815,2230,1265,4.086628,3.064971
1136,467.197,973,594,46,82,sleep,right,False,False,True,False,4.6438957231919815,2230,1265,4.086628,3.064971
1137,467.607,973,594,46,82,sleep,right,False,False,True,False,4.6438957231919815,2230,1265,4.086628,3.064971
1138,468.130,973,594,46,82,sleep,right,True,False,False,False,4.6438957231919815,400,1317,4.086628,3.064971
1139,468.424,973,594,46,82,sleep,right,False,False,True,False,4.6438957231919815,400,1317,4.086628,3.064971
1140,468.824,973,594,46,82,sleep,right,False,False,True,False,4.6438957231919815,400,1317,4.086628,3.064971
1141,469.234,973,594,46,82,sleep,right,False,False,True,False,4.6438957231919815,400,1317,4.086628,3.064971
1142,469.638,973,594,46,82,sleep,right,False,False,True,False,4.6438957231919815,400,1317,4.086628,3.064971
1143,470.042,973,594,46,82,sleep,right,False,False,True,False,4.6438957231919815,400,1317,4.086628,3.064971
1144,470.446,973,594,46,82,sleep,right,False,False,True,False,4.6438957231919815,400,1317,4.086628,3.064971
1145,470.857,973,594,46,82,sleep,right,False,False,True,False,4.6438957231919815,400,1317,4.086628,3.064971
1146,471.258,973,594,46,82,sleep,right,False,False,True,False,4.6438957231919815,400,1317,4.086628,3.064971
1147,471.674,973,594,46,82,sleep,right,False,False,True,False,4.6438957231919815,400,1317,4.086628,3.064971
1148,472.075,973,594,46,82,sleep,right,False,False,True,False,4.6438957231919815,400,1317,4.086628,3.064971
1149,472.490,973,594,46,82,sleep,right,False,False,True,False,4.6438957231919815,400,1317,4.086628,3.064971
1150,472.891,973,594,46,82,sleep,right,False,False,True,False,4.6438957231919815,400,1317,4.086628,3.064971
1151,473.292,973,594,46,82,sleep,right,False,False,True,False,4.6438957231919815,400,1317,4.086628,3.064971
1152,473.702,973,594,46,82,sleep,right,False,False,True,False,4.6438957231919815,400,1317,4.086628,3.064971
1153,474.113,973,594,46,82,sleep,right,True,False,False,False,4.6438957231919815,2230,332,4.086628,3.064971
1154,474.509,973,594,46,82,sleep,right,False,False,True,False,4.6438957231919815,2230,332,4.086628,3.064971
1155,474.926,973,594,46,82,sleep,right,False,False,True,False,4.6438957231919815,2230,332,4.086628,3.064971
1156,475.324,973,594,46,82,sleep,right,False,False,True,False,4.6438957231919815,2230,332,4.086628,3.064971
1157,475.734,973,594,46,82,sleep,right,False,False,True,False,4.6438957231919815,2230,332,4.086628,3.064971
1158,476.141,973,594,46,82,sleep,right,False,False,True,False,4.6438957231919815,2230,332,4.086628,3.064971
1159,476.540,973,594,46,82,sleep,right,False,False,True,False,4.6438957231919815,2230,332,4.086628,3.064971
1160,476.957,973,594,46,82,sleep,right,False,False,True,False,4.6438957231919815,2230,332,4.086628,3.064971
1161,477.358,973,594,46,82,sleep,right,False,False,True,False,4.6438957231919815,2230,332,4.086628,3.064971
1162,477.762,973,594,46,82,sleep,right,False,False,True,False,4.6438957231919815,2230,332,4.086628,3.064971
1163,478.164,973,594,46,82,sleep,right,False,False,True,False,4.6438957231919815,2230,332,4.086628,3.064971
1164,478.574,973,594,46,82,sleep,right,False,False,True,False,4.6438957231919815,2230,332,4.086628,3.064971
1165,478.988,973,594,46,82,sleep,right,False,False,True,False,4.6438957231919815,2230,332,4.086628,3.064971
1166,479.383,973,594,46,82,sleep,right,False,False,True,False,4.6438957231919815,2230,332,4.086628,3.064971
1167,479.791,973,594,46,82,sleep,right,False,False,True,False,4.6438957231919815,2230,332,4.086628,3.064971
1168,480.199,973,594,46,82,sleep,right,False,False,True,False,4.6438957231919815,400,281,4.086628,3.064971
1169,480.604,973,594,46,82,sleep,right,False,False,True,False,4.6438957231919815,400,281,4.086628,3.064971
1170,481.009,973,594,46,82,sleep,right,False,False,True,False,4.6438957231919815,400,281,4.086628,3.064971
1171,481.423,973,594,46,82,sleep,right,False,False,True,False,4.6438957231919815,400,281,4.086628,3.064971
1172,481.825,973,594,46,82,sleep,right,False,False,True,False,4.6438957231919815,400,281,4.086628,3.064971
1173,482.292,973,594,46,82,sleep,right,False,False,True,False,4.6438957231919815,400,281,4.086628,3.064971
1174,482.641,973,594,46,82,sleep,right,False,False,True,False,4.6438957231919815,400,281,4.086628,3.064971
1175,483.125,973,594,46,82,sleep,right,False,False,True,False,4.6438957231919815,400,281,4.086628,3.064971
1176,483.445,973,594,46,82,sleep,right,False,False,True,False,4.6438957231919815,400,281,4.086628,3.064971
1177,483.857,973,594,46,82,sleep,right,False,False,True,False,4.6438957231919815,400,281,4.086628,3.064971
1178,484.264,973,594,46,82,sleep,right,False,False,True,False,4.6438957231919815,400,281,4.086628,3.064971
1179,484.668,973,594,46,82,sleep,right,False,False,True,False,4.6438957231919815,400,281,4.086628,3.064971
1180,485.071,973,594,46,82,sleep,right,False,False,True,False,4.6438957231919815,400,281,4.086628,3.064971
1181,485.489,973,594,46,82,sleep,right,False,False,True,False,4.6438957231919815,400,281,4.086628,3.064971
1182,485.890,973,594,46,82,sleep,right,False,False,True,False,4.6438957231919815,400,281,4.086628,3.064971
1183,486.292,973,594,46,82,sleep,right,False,False,True,False,4.6438957231919815,2230,1265,4.086628,3.064971
1184,486.704,973,594,46,82,sleep,right,False,False,True,False,4.6438957231919815,2230,1265,4.086628,3.064971
1185,487.107,973,594,46,82,sleep,right,False,False,True,False,4.6438957231919815,2230,1265,4.086628,3.064971
1186,487.512,973,594,46,82,sleep,right,False,False,True,False,4.6438957231919815,2230,1265,4.086628,3.064971
1187,487.924,973,594,46,82,sleep,right,False,False,True,False,4.6438957231919815,2230,1265,4.086628,3.064971
1188,488.324,973,594,46,82,sleep,right,False,False,True,False,4.6438957231919815,2230,1265,4.086628,3.064971
1189,488.740,973,594,46,82,sleep,right,False,False,True,False,4.6438957231919815,2230,1265,4.086628,3.064971
1190,489.142,973,594,46,82,sleep,right,False,False,True,False,4.6438957231919815,2230,1265,4.086628,3.064971
1191,489.543,973,594,46,82,sleep,right,False,False,True,False,4.6438957231919815,2230,1265,4.086628,3.064971
1192,489.952,973,594,46,82,sleep,right,False,False,True,False,4.6438957231919815,2230,1265,4.086628,3.064971
1193,490.352,973,594,46,82,sleep,right,False,False,True,False,4.6438957231919815,2230,1265,4.086628,3.064971
1194,490.760,973,594,46,82,sleep,right,False,False,True,False,4.6438957231919815,2230,1265,4.086628,3.064971
1195,491.175,973,594,46,82,sleep,right,False,False,True,False,4.6438957231919815,2230,1265,4.086628,3.064971
1196,491.575,973,594,46,82,sleep,right,False,False,True,False,4.6438957231919815,2230,1265,4.086628,3.064971
1197,492.115,973,594,46,82,sleep,right,False,False,True,False,4.6438957231919815,2230,1265,4.086628,3.064971
1198,493.606,973,594,46,82,sleep,right,False,False,True,False,4.6438957231919815,400,1317,4.086628,3.064971
1199,494.010,973,594,46,82,sleep,right,False,False,True,False,4.6438957231919815,400,1317,4.086628,3.064971
1200,494.422,973,594,46,82,sleep,right,False,False,True,False,4.6438957231919815,400,1317,4.086628,3.064971
1201,494.824,973,594,46,82,sleep,right,False,False,True,False,4.6438957231919815,400,1317,4.086628,3.064971
1202,495.234,973,594,46,82,sleep,right,False,False,True,False,4.6438957231919815,400,1317,4.086628,3.064971
1203,495.639,973,594,46,82,sleep,right,False,False,True,False,4.6438957231919815,400,1317,4.086628,3.064971
1204,496.042,973,594,46,82,sleep,right,False,False,True,False,4.6438957231919815,400,1317,4.086628,3.064971
1205,496.457,973,594,46,82,sleep,right,False,False,True,False,4.6438957231919815,400,1317,4.086628,3.064971
1206,496.857,973,594,46,82,sleep,right,False,False,True,False,4.6438957231919815,400,1317,4.086628,3.064971
1207,497.258,973,594,46,82,sleep,right,False,False,True,False,4.6438957231919815,400,1317,4.086628,3.064971
1208,497.674,973,594,46,82,sleep,right,False,False,True,False,4.6438957231919815,400,1317,4.086628,3.064971
1209,498.113,973,594,46,82,sleep,right,True,False,False,False,4.6438957231919815,2230,332,4.086628,3.064971
1210,498.483,973,594,46,82,sleep,right,False,False,True,False,4.6438957231919815,2230,332,4.086628,3.064971
1211,498.888,973,594,46,82,sleep,right,False,False,True,False,4.6438957231919815,2230,332,4.086628,3.064971
1212,499.291,973,594,46,82,sleep,right,False,False,True,False,4.6438957231919815,2230,332,4.086628,3.064971
1213,499.698,973,594,46,82,sleep,right,False,False,True,False,4.6438957231919815,2230,332,4.086628,3.064971
1214,500.105,973,594,46,82,sleep,right,False,False,True,False,4.6438957231919815,2230,332,4.086628,3.064971
1215,500.508,973,594,46,82,sleep,right,False,False,True,False,4.6438957231919815,2230,332,4.086628,3.064971
1216,500.924,973,594,46,82,sleep,right,False,False,True,False,4.6438957231919815,2230,332,4.086628,3.064971
1217,501.325,973,594,46,82,sleep,right,False,False,True,False,4.6438957231919815,2230,332,4.086628,3.064971
1218,501.734,973,594,46,82,sleep,right,False,False,True,False,4.6438957231919815,2230,332,4.086628,3.064971
1219,502.135,973,594,46,82,sleep,right,False,False,True,False,4.6438957231919815,2230,332,4.086628,3.064971
1220,502.539,973,594,46,82,sleep,right,False,False,True,False,4.6438957231919815,2230,332,4.086628,3.064971
1221,502.956,973,594,46,82,sleep,right,False,False,True,False,4.6438957231919815,2230,332,4.086628,3.064971
1222,503.498,973,594,46,82,sleep,right,False,False,True,False,4.6438957231919815,2230,332,4.086628,3.064971
1223,503.771,973,594,46,82,sleep,right,False,False,True,False,4.6438957231919815,2230,332,4.086628,3.064971
1224,504.165,973,594,46,82,sleep,right,False,False,True,False,4.6438957231919815,400,281,4.086628,3.064971
1225,504.573,973,594,46,82,sleep,right,False,False,True,False,4.6438957231919815,400,281,4.086628,3.064971
1226,504.980,973,594,46,82,sleep,right,False,False,True,False,4.6438957231919815,400,281,4.086628,3.064971
1227,505.387,973,594,46,82,sleep,right,False,False,True,False,4.6438957231919815,400,281,4.086628,3.064971
1228,505.791,973,594,46,82,sleep,right,False,False,True,False,4.6438957231919815,400,281,4.086628,3.064971
1229,506.197,973,594,46,82,sleep,right,False,False,True,False,4.6438957231919815,400,281,4.086628,3.064971
1230,506.607,973,594,46,82,sleep,right,False,False,True,False,4.6438957231919815,400,281,4.086628,3.064971
1231,507.124,973,594,46,82,sleep,right,False,False,True,False,4.6438957231919815,400,281,4.086628,3.064971
1232,507.421,973,594,46,82,sleep,right,False,False,True,False,4.6438957231919815,400,281,4.086628,3.064971
1233,507.824,973,594,46,82,sleep,right,False,False,True,False,4.6438957231919815,400,281,4.086628,3.064971
1234,508.242,973,594,46,82,sleep,right,False,False,True,False,4.6438957231919815,400,281,4.086628,3.064971
1235,508.641,973,594,46,82,sleep,right,False,False,True,False,4.6438957231919815,400,281,4.086628,3.064971
1236,509.041,973,594,46,82,sleep,right,False,False,True,False,4.6438957231919815,400,281,4.086628,3.064971
1237,509.455,973,594,46,82,sleep,right,False,False,True,False,4.6438957231919815,400,281,4.086628,3.064971
1238,509.859,973,594,46,82,sleep,right,False,False,True,False,4.6438957231919815,400,281,4.086628,3.064971
1239,510.259,973,594,46,82,sleep,right,False,False,True,False,4.6438957231919815,2230,1265,4.086628,3.064971
1240,510.671,973,594,46,82,sleep,right,False,False,True,False,4.6438957231919815,2230,1265,4.086628,3.064971
1241,511.075,973,594,46,82,sleep,right,False,False,True,False,4.6438957231919815,2230,1265,4.086628,3.064971
1242,511.482,973,594,46,82,sleep,right,False,False,True,False,4.6438957231919815,2230,1265,4.086628,3.064971
1243,511.888,973,594,46,82,sleep,right,False,False,True,False,4.6438957231919815,2230,1265,4.086628,3.064971
1244,512.290,973,594,46,82,sleep,right,False,False,True,False,4.6438957231919815,2230,1265,4.086628,3.064971
1245,512.698,973,594,46,82,sleep,right,False,False,True,False,4.6438957231919815,2230,1265,4.086628,3.064971
1246,513.115,973,594,46,82,sleep,right,False,False,True,False,4.6438957231919815,2230,1265,4.086628,3.064971
1247,513.508,973,594,46,82,sleep,right,False,False,True,False,4.6438957231919815,2230,1265,4.086628,3.064971
1248,513.925,973,594,46,82,sleep,right,False,False,True,False,4.6438957231919815,2230,1265,4.086628,3.064971
1249,514.325,973,594,46,82,sleep,right,False,False,True,False,4.6438957231919815,2230,1265,4.086628,3.064971
1250,514.738,973,594,46,82,sleep,right,False,False,True,False,4.6438957231919815,2230,1265,4.086628,3.064971
1251,515.142,973,594,46,82,sleep,right,False,False,True,False,4.6438957231919815,2230,1265,4.086628,3.064971
1252,515.543,973,594,46,82,sleep,right,False,False,True,False,4.6438957231919815,2230,1265,4.086628,3.064971
1253,515.948,973,594,46,82,sleep,right,False,False,True,False,4.6438957231919815,2230,1265,4.086628,3.064971
1254,516.359,973,594,46,82,sleep,right,False,False,True,False,4.6438957231919815,400,1317,4.086628,3.064971
1255,516.762,973,594,46,82,sleep,right,False,False,True,False,4.6438957231919815,400,1317,4.086628,3.064971
1256,517.175,973,594,46,82,sleep,right,False,False,True,False,4.6438957231919815,400,1317,4.086628,3.064971
1257,517.575,973,594,46,82,sleep,right,False,False,True,False,4.6438957231919815,400,1317,4.086628,3.064971
1258,517.978,973,594,46,82,sleep,right,False,False,True,False,4.6438957231919815,400,1317,4.086628,3.064971
1259,518.392,973,594,46,82,sleep,right,False,False,True,False,4.6438957231919815,400,1317,4.086628,3.064971
1260,518.793,973,594,46,82,sleep,right,False,False,True,False,4.6438957231919815,400,1317,4.086628,3.064971
1261,519.200,973,594,46,82,sleep,right,False,False,True,False,4.6438957231919815,400,1317,4.086628,3.064971
1262,519.603,973,594,46,82,sleep,right,False,False,True,False,4.6438957231919815,400,1317,4.086628,3.064971
1263,520.020,973,594,46,82,sleep,right,False,False,True,False,4.6438957231919815,400,1317,4.086628,3.064971
1264,520.425,973,594,46,82,sleep,right,False,False,True,False,4.6438957231919815,400,1317,4.086628,3.064971
1265,520.825,973,594,46,82,sleep,right,False,False,True,False,4.6438957231919815,400,1317,4.086628,3.064971
1266,521.233,973,594,46,82,sleep,right,False,False,True,False,4.6438957231919815,400,1317,4.086628,3.064971
1267,521.636,973,594,46,82,sleep,right,False,False,True,False,4.6438957231919815,400,1317,4.086628,3.064971
1268,522.112,973,594,46,82,sleep,right,False,False,True,False,4.6438957231919815,2230,332,4.086628,3.064971
1269,522.460,973,594,46,82,sleep,right,False,False,True,False,4.6438957231919815,2230,332,4.086628,3.064971
1270,522.858,973,594,46,82,sleep,right,False,False,True,False,4.6438957231919815,2230,332,4.086628,3.064971
1271,523.259,973,594,46,82,sleep,right,False,False,True,False,4.6438957231919815,2230,332,4.086628,3.064971
1272,523.674,973,594,46,82,sleep,right,False,False,True,False,4.6438957231919815,2230,332,4.086628,3.064971
1273,524.075,973,594,46,82,sleep,right,False,False,True,False,4.6438957231919815,2230,332,4.086628,3.064971
1274,524.485,973,594,46,82,sleep,right,False,False,True,False,4.6438957231919815,2230,332,4.086628,3.064971
1275,524.888,973,594,46,82,sleep,right,False,False,True,False,4.6438957231919815,2230,332,4.086628,3.064971
1276,525.292,973,594,46,82,sleep,right,False,False,True,False,4.6438957231919815,2230,332,4.086628,3.064971
1277,525.697,973,594,46,82,sleep,right,False,False,True,False,4.6438957231919815,2230,332,4.086628,3.064971
1278,526.102,973,594,46,82,sleep,right,False,False,True,False,4.6438957231919815,2230,332,4.086628,3.064971
1279,526.519,973,594,46,82,sleep,right,False,False,True,False,4.6438957231919815,2230,332,4.086628,3.064971
1280,526.921,973,594,46,82,sleep,right,False,False,True,False,4.6438957231919815,2230,332,4.086628,3.064971
1281,527.326,973,594,46,82,sleep,right,False,False,True,False,4.6438957231919815,2230,332,4.086628,3.064971
1282,527.730,973,594,46,82,sleep,right,False,False,True,False,4.6438957231919815,2230,332,4.086628,3.064971
1283,528.135,973,594,46,82,sleep,right,False,False,True,False,4.6438957231919815,400,281,4.086628,3.064971
1284,528.539,973,594,46,82,sleep,right,False,False,True,False,4.6438957231919815,400,281,4.086628,3.064971
1285,528.947,973,594,46,82,sleep,right,False,False,True,False,4.6438957231919815,400,281,4.086628,3.064971
1286,529.352,973,594,46,82,sleep,right,False,False,True,False,4.6438957231919815,400,281,4.086628,3.064971
1287,529.761,973,594,46,82,sleep,right,False,False,True,False,4.6438957231919815,400,281,4.086628,3.064971
1288,530.174,973,594,46,82,sleep,right,False,False,True,False,4.6438957231919815,400,281,4.086628,3.064971
1289,530.576,973,594,46,82,sleep,right,False,False,True,False,4.6438957231919815,400,281,4.086628,3.064971
1290,531.124,973,594,46,82,sleep,right,False,False,True,False,4.6438957231919815,400,281,4.086628,3.064971
1291,531.391,973,594,46,82,sleep,right,False,False,True,False,4.6438957231919815,400,281,4.086628,3.064971
1292,531.792,973,594,46,82,sleep,right,False,False,True,False,4.6438957231919815,400,281,4.086628,3.064971
1293,532.200,973,594,46,82,sleep,right,False,False,True,False,4.6438957231919815,400,281,4.086628,3.064971
1294,532.605,973,594,46,82,sleep,right,False,False,True,False,4.6438957231919815,400,281,4.086628,3.064971
1295,533.009,973,594,46,82,sleep,right,False,False,True,False,4.6438957231919815,400,281,4.086628,3.064971
1296,533.414,973,594,46,82,sleep,right,False,False,True,False,4.6438957231919815,400,281,4.086628,3.064971
1297,533.825,973,594,46,82,sleep,right,False,False,True,False,4.6438957231919815,400,281,4.086628,3.064971
1298,534.227,973,594,46,82,sleep,right,False,False,True,False,4.6438957231919815,2230,1265,4.086628,3.064971
1299,534.641,973,594,46,82,sleep,right,False,False,True,False,4.6438957231919815,2230,1265,4.086628,3.064971
1300,535.041,973,594,46,82,sleep,right,False,False,True,False,4.6438957231919815,2230,1265,4.086628,3.064971
1301,535.466,973,594,46,82,sleep,right,False,False,True,False,4.6438957231919815,2230,1265,4.086628,3.064971
1302,535.857,973,594,46,82,sleep,right,False,False,True,False,4.6438957231919815,2230,1265,4.086628,3.064971
1303,536.258,973,594,46,82,sleep,right,False,False,True,False,4.6438957231919815,2230,1265,4.086628,3.064971
1304,536.675,973,594,46,82,sleep,right,False,False,True,False,4.6438957231919815,2230,1265,4.086628,3.064971
1305,537.114,973,594,46,82,sleep,right,False,False,True,False,4.6438957231919815,2230,1265,4.086628,3.064971
1306,537.488,973,594,46,82,sleep,right,False,False,True,False,4.6438957231919815,2230,1265,4.086628,3.064971
1307,537.891,973,594,46,82,sleep,right,False,False,True,False,4.6438957231919815,2230,1265,4.086628,3.064971
1308,538.292,973,594,46,82,sleep,right,False,False,True,False,4.6438957231919815,2230,1265,4.086628,3.064971
1309,538.702,973,594,46,82,sleep,right,False,False,True,False,4.6438957231919815,2230,1265,4.086628,3.064971
1310,539.106,973,594,46,82,sleep,right,False,False,True,False,4.6438957231919815,2230,1265,4.086628,3.064971
1311,539.510,973,594,46,82,sleep,right,False,False,True,False,4.6438957231919815,2230,1265,4.086628,3.064971
1312,539.924,973,594,46,82,sleep,right,False,False,True,False,4.6438957231919815,2230,1265,4.086628,3.064971
1313,540.324,973,594,46,82,sleep,right,False,False,True,False,4.6438957231919815,400,1317,4.086628,3.064971
1314,540.732,973,594,46,82,sleep,right,False,False,True,False,4.6438957231919815,400,1317,4.086628,3.064971
1315,541.137,973,594,46,82,sleep,right,False,False,True,False,4.6438957231919815,400,1317,4.086628,3.064971
1316,541.540,973,594,46,82,sleep,right,False,False,True,False,4.6438957231919815,400,1317,4.086628,3.064971
1317,541.948,973,594,46,82,sleep,right,False,False,True,False,4.6438957231919815,400,1317,4.086628,3.064971
1318,542.358,973,594,46,82,sleep,right,False,False,True,False,4.6438957231919815,400,1317,4.086628,3.064971
1319,542.758,973,594,46,82,sleep,right,False,False,True,False,4.6438957231919815,400,1317,4.086628,3.064971
1320,543.169,973,594,46,82,sleep,right,False,False,True,False,4.6438957231919815,400,1317,4.086628,3.064971
1321,543.575,973,594,46,82,sleep,right,False,False,True,False,4.6438957231919815,400,1317,4.086628,3.064971
1322,543.978,973,594,46,82,sleep,right,False,False,True,False,4.6438957231919815,400,1317,4.086628,3.064971
1323,544.391,973,594,46,82,sleep,right,False,False,True,False,4.6438957231919815,400,1317,4.086628,3.064971
1324,544.792,973,594,46,82,sleep,right,False,False,True,False,4.6438957231919815,400,1317,4.086628,3.064971
1325,545.208,973,594,46,82,sleep,right,False,False,True,False,4.6438957231919815,400,1317,4.086628,3.064971
1326,545.608,973,594,46,82,sleep,right,False,False,True,False,4.6438957231919815,400,1317,4.086628,3.064971
1327,546.106,973,594,46,82,sleep,right,True,False,False,False,4.6438957231919815,2230,332,4.086628,3.064971
1328,546.416,973,594,46,82,sleep,right,False,False,True,False,4.6438957231919815,2230,332,4.086628,3.064971
1329,546.825,973,594,46,82,sleep,right,False,False,True,False,4.6438957231919815,2230,332,4.086628,3.064971
1330,547.230,973,594,46,82,sleep,right,False,False,True,False,4.6438957231919815,2230,332,4.086628,3.064971
1331,547.633,973,594,46,82,sleep,right,False,False,True,False,4.6438957231919815,2230,332,4.086628,3.064971
1332,548.043,973,594,46,82,sleep,right,False,False,True,False,4.6438957231919815,2230,332,4.086628,3.064971
1333,548.456,973,594,46,82,sleep,right,False,False,True,False,4.6438957231919815,2230,332,4.086628,3.064971
1334,548.858,973,594,46,82,sleep,right,False,False,True,False,4.6438957231919815,2230,332,4.086628,3.064971
1335,549.259,973,594,46,82,sleep,right,False,False,True,False,4.6438957231919815,2230,332,4.086628,3.064971
1336,549.672,973,594,46,82,sleep,right,False,False,True,False,4.6438957231919815,2230,332,4.086628,3.064971
1337,550.075,973,594,46,82,sleep,right,False,False,True,False,4.6438957231919815,2230,332,4.086628,3.064971
1338,550.481,973,594,46,82,sleep,right,False,False,True,False,4.6438957231919815,2230,332,4.086628,3.064971
1339,550.883,973,594,46,82,sleep,right,False,False,True,False,4.6438957231919815,2230,332,4.086628,3.064971
1340,551.292,973,594,46,82,sleep,right,False,False,True,False,4.6438957231919815,2230,332,4.086628,3.064971
1341,551.709,973,594,46,82,sleep,right,False,False,True,False,4.6438957231919815,2230,332,4.086628,3.064971
1342,552.127,973,594,46,82,sleep,right,True,False,False,False,4.6438957231919815,400,281,4.086628,3.064971
1343,552.509,973,594,46,82,sleep,right,False,False,True,False,4.6438957231919815,400,281,4.086628,3.064971
1344,552.927,973,594,46,82,sleep,right,False,False,True,False,4.6438957231919815,400,281,4.086628,3.064971
1345,553.326,973,594,46,82,sleep,right,False,False,True,False,4.6438957231919815,400,281,4.086628,3.064971
1346,553.730,973,594,46,82,sleep,right,False,False,True,False,4.6438957231919815,400,281,4.086628,3.064971
1347,554.137,973,594,46,82,sleep,right,False,False,True,False,4.6438957231919815,400,281,4.086628,3.064971
1348,554.542,973,594,46,82,sleep,right,False,False,True,False,4.6438957231919815,400,281,4.086628,3.064971
1349,554.950,973,594,46,82,sleep,right,False,False,True,False,4.6438957231919815,400,281,4.086628,3.064971
1350,555.357,973,594,46,82,sleep,right,False,False,True,False,4.6438957231919815,400,281,4.086628,3.064971
1351,555.758,973,594,46,82,sleep,right,False,False,True,False,4.6438957231919815,400,281,4.086628,3.064971
1352,556.164,973,594,46,82,sleep,right,False,False,True,False,4.6438957231919815,400,281,4.086628,3.064971
1353,556.573,973,594,46,82,sleep,right,False,False,True,False,4.6438957231919815,400,281,4.086628,3.064971
1354,556.987,973,594,46,82,sleep,right,False,False,True,False,4.6438957231919815,400,281,4.086628,3.064971
1355,557.390,973,594,46,82,sleep,right,False,False,True,False,4.6438957231919815,400,281,4.086628,3.064971
1356,557.790,973,594,46,82,sleep,right,False,False,True,False,4.6438957231919815,400,281,4.086628,3.064971
1357,558.201,973,594,46,82,sleep,right,False,False,True,False,4.6438957231919815,2230,1265,4.086628,3.064971
1358,558.608,973,594,46,82,sleep,right,False,False,True,False,4.6438957231919815,2230,1265,4.086628,3.064971
1359,559.010,973,594,46,82,sleep,right,False,False,True,False,4.6438957231919815,2230,1265,4.086628,3.064971
1360,559.424,973,594,46,82,sleep,right,False,False,True,False,4.6438957231919815,2230,1265,4.086628,3.064971
1361,559.821,973,594,46,82,sleep,right,False,False,True,False,4.6438957231919815,2230,1265,4.086628,3.064971
1362,560.239,973,594,46,82,sleep,right,False,False,True,False,4.6438957231919815,2230,1265,4.086628,3.064971
1363,560.640,973,594,46,82,sleep,right,False,False,True,False,4.6438957231919815,2230,1265,4.086628,3.064971
1364,561.139,973,594,46,82,sleep,right,False,False,True,False,4.6438957231919815,2230,1265,4.086628,3.064971
1365,561.452,973,594,46,82,sleep,right,False,False,True,False,4.6438957231919815,2230,1265,4.086628,3.064971
1366,561.858,973,594,46,82,sleep,right,False,False,True,False,4.6438957231919815,2230,1265,4.086628,3.064971
1367,562.265,973,594,46,82,sleep,right,False,False,True,False,4.6438957231919815,2230,1265,4.086628,3.064971
1368,562.668,973,594,46,82,sleep,right,False,False,True,False,4.6438957231919815,2230,1265,4.086628,3.064971
1369,563.073,973,594,46,82,sleep,right,False,False,True,False,4.6438957231919815,2230,1265,4.086628,3.064971
1370,563.492,973,594,46,82,sleep,right,False,False,True,False,4.6438957231919815,2230,1265,4.086628,3.064971
1371,563.892,973,594,46,82,sleep,right,False,False,True,False,4.6438957231919815,2230,1265,4.086628,3.064971
1372,564.291,973,594,46,82,sleep,right,False,False,True,False,4.6438957231919815,400,1317,4.086628,3.064971
1373,564.707,973,594,46,82,sleep,right,False,False,True,False,4.6438957231919815,400,1317,4.086628,3.064971
1374,565.107,973,594,46,82,sleep,right,False,False,True,False,4.6438957231919815,400,1317,4.086628,3.064971
1375,565.509,973,594,46,82,sleep,right,False,False,True,False,4.6438957231919815,400,1317,4.086628,3.064971
1376,565.922,973,594,46,82,sleep,right,False,False,True,False,4.6438957231919815,400,1317,4.086628,3.064971
1377,566.324,973,594,46,82,sleep,right,False,False,True,False,4.6438957231919815,400,1317,4.086628,3.064971
1378,566.963,973,594,46,82,sleep,right,False,False,True,False,4.6438957231919815,400,1317,4.086628,3.064971
1379,567.541,973,594,46,82,sleep,right,False,False,True,False,4.6438957231919815,400,1317,4.086628,3.064971
1380,567.958,973,594,46,82,sleep,right,False,False,True,False,4.6438957231919815,400,1317,4.086628,3.064971
1381,568.358,973,594,46,82,sleep,right,False,False,True,False,4.6438957231919815,400,1317,4.086628,3.064971
1382,568.766,973,594,46,82,sleep,right,False,False,True,False,4.6438957231919815,400,1317,4.086628,3.064971
1383,569.167,973,594,46,82,sleep,right,False,False,True,False,4.6438957231919815,400,1317,4.086628,3.064971
1384,569.575,973,594,46,82,sleep,right,False,False,True,False,4.6438957231919815,400,1317,4.086628,3.064971
1385,570.117,973,594,46,82,sleep,right,False,False,True,False,4.6438957231919815,400,1317,4.086628,3.064971
1386,570.391,973,594,46,82,sleep,right,False,False,True,False,4.6438957231919815,2230,332,4.086628,3.064971
1387,570.793,973,594,46,82,sleep,right,False,False,True,False,4.6438957231919815,2230,332,4.086628,3.064971
1388,571.204,973,594,46,82,sleep,right,False,False,True,False,4.6438957231919815,2230,332,4.086628,3.064971
1389,571.608,973,594,46,82,sleep,right,False,False,True,False,4.6438957231919815,2230,332,4.086628,3.064971
1390,572.013,973,594,46,82,sleep,right,False,False,True,False,4.6438957231919815,2230,332,4.086628,3.064971
1391,572.417,973,594,46,82,sleep,right,False,False,True,False,4.6438957231919815,2230,332,4.086628,3.064971
1392,572.823,973,594,46,82,sleep,right,False,False,True,False,4.6438957231919815,2230,332,4.086628,3.064971
1393,573.241,973,594,46,82,sleep,right,False,False,True,False,4.6438957231919815,2230,332,4.086628,3.064971
1394,573.641,973,594,46,82,sleep,right,False,False,True,False,4.6438957231919815,2230,332,4.086628,3.064971
1395,574.041,973,594,46,82,sleep,right,False,False,True,False,4.6438957231919815,2230,332,4.086628,3.064971
1396,574.451,973,594,46,82,sleep,right,False,False,True,False,4.6438957231919815,2230,332,4.086628,3.064971
1397,574.857,973,594,46,82,sleep,right,False,False,True,False,4.6438957231919815,2230,332,4.086628,3.064971
1398,575.258,973,594,46,82,sleep,right,False,False,True,False,4.6438957231919815,2230,332,4.086628,3.064971
1399,575.674,973,594,46,82,sleep,right,False,False,True,False,4.6438957231919815,2230,332,4.086628,3.064971
1400,576.117,973,594,46,82,sleep,right,True,False,False,False,4.6438957231919815,400,281,4.086628,3.064971
1401,576.484,973,594,46,82,sleep,right,False,False,True,False,4.6438957231919815,400,281,4.086628,3.064971
1402,576.891,973,594,46,82,sleep,right,False,False,True,False,4.6438957231919815,400,281,4.086628,3.064971
1403,577.292,973,594,46,82,sleep,right,False,False,True,False,4.6438957231919815,400,281,4.086628,3.064971
1404,577.703,973,594,46,82,sleep,right,False,False,True,False,4.6438957231919815,400,281,4.086628,3.064971
1405,578.104,973,594,46,82,sleep,right,False,False,True,False,4.6438957231919815,400,281,4.086628,3.064971
1406,578.509,973,594,46,82,sleep,right,False,False,True,False,4.6438957231919815,400,281,4.086628,3.064971
1407,578.914,973,594,46,82,sleep,right,False,False,True,False,4.6438957231919815,400,281,4.086628,3.064971
1408,579.324,973,594,46,82,sleep,right,False,False,True,False,4.6438957231919815,400,281,4.086628,3.064971
1409,579.731,973,594,46,82,sleep,right,False,False,True,False,4.6438957231919815,400,281,4.086628,3.064971
1410,580.136,973,594,46,82,sleep,right,False,False,True,False,4.6438957231919815,400,281,4.086628,3.064971
1411,580.541,973,594,46,82,sleep,right,False,False,True,False,4.6438957231919815,400,281,4.086628,3.064971
1412,580.958,973,594,46,82,sleep,right,False,False,True,False,4.6438957231919815,400,281,4.086628,3.064971
1413,581.358,973,594,46,82,sleep,right,False,False,True,False,4.6438957231919815,400,281,4.086628,3.064971
1414,581.761,973,594,46,82,sleep,right,False,False,True,False,4.6438957231919815,400,281,4.086628,3.064971
1415,582.173,973,594,46,82,sleep,right,False,False,True,False,4.6438957231919815,2230,1265,4.086628,3.064971
1416,582.574,973,594,46,82,sleep,right,False,False,True,False,4.6438957231919815,2230,1265,4.086628,3.064971
1417,582.979,973,594,46,82,sleep,right,False,False,True,False,4.6438957231919815,2230,1265,4.086628,3.064971
1418,583.385,973,594,46,82,sleep,right,False,False,True,False,4.6438957231919815,2230,1265,4.086628,3.064971
1419,583.791,973,594,46,82,sleep,right,False,False,True,False,4.6438957231919815,2230,1265,4.086628,3.064971
1420,584.208,973,594,46,82,sleep,right,False,False,True,False,4.6438957231919815,2230,1265,4.086628,3.064971
1421,584.609,973,594,46,82,sleep,right,False,False,True,False,4.6438957231919815,2230,1265,4.086628,3.064971
1422,585.130,973,594,46,82,sleep,right,False,False,True,False,4.6438957231919815,2230,1265,4.086628,3.064971
1423,585.425,973,594,46,82,sleep,right,False,False,True,False,4.6438957231919815,2230,1265,4.086628,3.064971
1424,585.825,973,594,46,82,sleep,right,False,False,True,False,4.6438957231919815,2230,1265,4.086628,3.064971
1425,586.233,973,594,46,82,sleep,right,False,False,True,False,4.6438957231919815,2230,1265,4.086628,3.064971
1426,586.637,973,594,46,82,sleep,right,False,False,True,False,4.6438957231919815,2230,1265,4.086628,3.064971
1427,587.041,973,594,46,82,sleep,right,False,False,True,False,4.6438957231919815,2230,1265,4.086628,3.064971
1428,587.457,973,594,46,82,sleep,right,False,False,True,False,4.6438957231919815,2230,1265,4.086628,3.064971
1429,587.858,973,594,46,82,sleep,right,False,False,True,False,4.6438957231919815,2230,1265,4.086628,3.064971
1430,588.268,973,594,46,82,sleep,right,False,False,True,False,4.6438957231919815,400,1317,4.086628,3.064971
1431,588.664,973,594,46,82,sleep,right,False,False,True,False,4.6438957231919815,400,1317,4.086628,3.064971
1432,589.074,973,594,46,82,sleep,right,False,False,True,False,4.6438957231919815,400,1317,4.086628,3.064971
1433,589.484,973,594,46,82,sleep,right,False,False,True,False,4.6438957231919815,400,1317,4.086628,3.064971
1434,589.887,973,594,46,82,sleep,right,False,False,True,False,4.6438957231919815,400,1317,4.086628,3.064971
1435,590.290,973,594,46,82,sleep,right,False,False,True,False,4.6438957231919815,400,1317,4.086628,3.064971
1436,590.697,973,594,46,82,sleep,right,False,False,True,False,4.6438957231919815,400,1317,4.086628,3.064971
1437,591.105,973,594,46,82,sleep,right,False,False,True,False,4.6438957231919815,400,1317,4.086628,3.064971
1438,591.508,973,594,46,82,sleep,right,False,False,True,False,4.6438957231919815,400,1317,4.086628,3.064971
1439,591.923,973,594,46,82,sleep,right,False,False,True,False,4.6438957231919815,400,1317,4.086628,3.064971
1440,592.321,973,594,46,82,sleep,right,False,False,True,False,4.6438957231919815,400,1317,4.086628,3.064971
1441,592.739,973,594,46,82,sleep,right,False,False,True,False,4.6438957231919815,400,1317,4.086628,3.064971
1442,593.141,973,594,46,82,sleep,right,False,False,True,False,4.6438957231919815,400,1317,4.086628,3.064971
1443,593.541,973,594,46,82,sleep,right,False,False,True,False,4.6438957231919815,400,1317,4.086628,3.064971
1444,593.948,973,594,46,82,sleep,right,False,False,True,False,4.6438957231919815,400,1317,4.086628,3.064971
1445,594.358,973,594,46,82,sleep,right,False,False,True,False,4.6438957231919815,2230,332,4.086628,3.064971
1446,594.759,973,594,46,82,sleep,right,False,False,True,False,4.6438957231919815,2230,332,4.086628,3.064971
1447,595.164,973,594,46,82,sleep,right,False,False,True,False,4.6438957231919815,2230,332,4.086628,3.064971
1448,595.573,973,594,46,82,sleep,right,False,False,True,False,4.6438957231919815,2230,332,4.086628,3.064971
1449,595.981,973,594,46,82,sleep,right,False,False,True,False,4.6438957231919815,2230,332,4.086628,3.064971
1450,596.384,973,594,46,82,sleep,right,False,False,True,False,4.6438957231919815,2230,332,4.086628,3.064971
1451,596.792,973,594,46,82,sleep,right,False,False,True,False,4.6438957231919815,2230,332,4.086628,3.064971
1452,597.202,973,594,46,82,sleep,right,False,False,True,False,4.6438957231919815,2230,332,4.086628,3.064971
1453,597.607,973,594,46,82,sleep,right,False,False,True,False,4.6438957231919815,2230,332,4.086628,3.064971
1454,598.012,973,594,46,82,sleep,right,False,False,True,False,4.6438957231919815,2230,332,4.086628,3.064971
1455,598.421,973,594,46,82,sleep,right,False,False,True,False,4.6438957231919815,2230,332,4.086628,3.064971
1456,598.825,973,594,46,82,sleep,right,False,False,True,False,4.6438957231919815,2230,332,4.086628,3.064971
1457,599.230,973,594,46,82,sleep,right,False,False,True,False,4.6438957231919815,2230,332,4.086628,3.064971
1458,599.636,973,594,46,82,sleep,right,False,False,True,False,4.6438957231919815,2230,332,4.086628,3.064971
