t	is_moving	pos_x	pos_y	tgt_x	tgt_y	speed	vx	vy	anim	activity	locked	sleeping	move_calls	dx	dy
0.042	1	2411	1379	2454	1408	5.67	1.12	1.12	walk_left	walking	0	0	1	0	0
0.048	1	2413	1380	2454	1408	5.67	2.13	1.06	walk_right	walking	0	0	2	2	1
0.078	1	2416	1382	2454	1408	5.67	2.63	1.75	walk_left	walking	0	0	3	3	2
0.111	0	2448	1394	2454	1408	5.67	0.00	0.00	idle	walking	0	0	4	32	12
0.140	0	2448	1394	2454	1408	5.67	0.00	0.00	idle	walking	0	0	4	32	12
0.175	0	2448	1394	2454	1408	5.67	0.00	0.00	idle	walking	0	0	4	32	12
0.203	0	2448	1394	2454	1408	5.67	0.00	0.00	idle	walking	0	0	4	32	12
0.238	0	2448	1394	2454	1408	5.67	0.00	0.00	idle	walking	0	0	4	32	12
0.269	0	2448	1394	2454	1408	5.67	0.00	0.00	idle	walking	0	0	4	32	12
1.701	0	2398	1387	2454	1408	5.67	0.00	0.00	idle	walking	0	0	4	32	12
1.718	0	2398	1387	2454	1408	5.67	0.00	0.00	idle	walking	0	0	4	32	12
1.801	0	2398	1387	2454	1408	5.67	0.00	0.00	idle	walking	0	0	4	32	12
1.832	0	2398	1387	2454	1408	5.67	0.00	0.00	idle	walking	0	0	4	32	12
1.868	0	2398	1387	2454	1408	5.67	0.00	0.00	idle	walking	0	0	4	32	12
1.895	0	2398	1387	2454	1408	5.67	0.00	0.00	idle	walking	0	0	4	32	12
1.924	0	2398	1387	2454	1408	5.67	0.00	0.00	idle	walking	0	0	4	32	12
1.962	0	2398	1387	2454	1408	5.67	0.00	0.00	idle	walking	0	0	4	32	12
1.988	0	2398	1387	2454	1408	5.67	0.00	0.00	idle	walking	0	0	4	32	12
2.020	0	2398	1387	2454	1408	5.67	0.00	0.00	idle	walking	0	0	4	32	12
2.057	0	2398	1387	2454	1408	5.67	0.00	0.00	idle	walking	0	0	4	32	12
2.088	0	2398	1387	2454	1408	5.67	0.00	0.00	idle	walking	0	0	4	32	12
2.114	0	2398	1387	2454	1408	5.67	0.00	0.00	idle	walking	0	0	4	32	12
2.151	0	2398	1387	2454	1408	5.67	0.00	0.00	idle	walking	0	0	4	32	12
2.173	0	2398	1387	2454	1408	5.67	0.00	0.00	idle	walking	0	0	4	32	12
2.207	0	2398	1387	2454	1408	5.67	0.00	0.00	idle	walking	0	0	4	32	12
2.242	0	2398	1387	2454	1408	5.67	0.00	0.00	idle	walking	0	0	4	32	12
2.274	0	2398	1387	2454	1408	5.67	0.00	0.00	idle	walking	0	0	4	32	12
2.299	0	2398	1387	2454	1408	5.67	0.00	0.00	idle	walking	0	0	4	32	12
2.337	1	2398	1387	2366	1500	5.31	0.00	0.00	idle	walking	0	0	4	32	12
2.363	1	2397	1389	2366	1500	5.31	-0.83	1.66	idle	walking	0	0	5	-51	-5
2.395	1	2397	1391	2366	1500	5.31	0.00	2.79	idle	walking	0	0	6	0	2
2.427	1	2396	1395	2366	1500	5.31	-0.79	3.16	idle	walking	0	0	7	-1	4
2.460	1	2442	1403	2366	1500	5.31	-2.47	2.47	walk_left	walking	0	0	8	46	8
2.488	1	2439	1406	2366	1500	5.31	-2.55	2.55	walk_left	walking	0	0	9	-3	3
2.518	1	2437	1409	2366	1500	5.31	-2.03	3.05	walk_left	walking	0	0	10	-2	3
2.550	1	2435	1412	2366	1500	5.31	-2.05	3.07	walk_left	walking	0	0	11	-2	3
2.581	1	2433	1415	2366	1500	5.31	-2.05	3.08	walk_left	walking	0	0	12	-2	3
2.613	1	2430	1418	2366	1500	5.31	-2.62	2.62	walk_left	walking	0	0	13	-3	3
2.647	1	2430	1422	2366	1500	5.31	-2.06	3.09	walk_left	walking	0	0	14	0	4
2.674	1	2428	1425	2366	1500	5.31	-2.06	3.09	walk_left	walking	0	0	15	-2	3
2.708	1	2426	1427	2366	1500	5.31	-2.37	2.37	walk_left	walking	0	0	16	-2	2
2.741	1	2424	1430	2366	1500	5.31	-1.75	2.63	walk_left	walking	0	0	17	-2	3
2.767	1	2422	1432	2366	1500	5.31	-2.17	2.17	walk_left	walking	0	0	18	-2	2
2.799	1	2420	1434	2366	1500	5.31	-2.14	2.14	walk_left	walking	0	0	19	-2	2
2.832	1	2418	1437	2366	1500	5.31	-1.66	2.49	walk_left	walking	0	0	20	-2	3
2.862	1	2416	1439	2366	1500	5.31	-2.11	2.11	walk_left	walking	0	0	21	-2	2
2.894	1	2414	1441	2366	1500	5.31	-2.11	2.11	walk_left	walking	0	0	22	-2	2
2.925	1	2412	1444	2366	1500	5.31	-1.65	2.48	walk_left	walking	0	0	23	-2	3
2.956	1	2410	1446	2366	1500	5.31	-2.10	2.10	walk_left	walking	0	0	24	-2	2
3.155	1	2408	1448	2366	1500	5.31	-2.10	2.10	walk_left	walking	0	0	25	-2	2
3.174	1	2406	1450	2366	1500	5.31	-2.10	2.10	walk_left	walking	0	0	26	-2	2
3.207	1	2405	1453	2366	1500	5.31	-0.94	2.82	walk_down	walking	0	0	27	-1	3
3.236	1	2403	1455	2366	1500	5.31	-2.10	2.10	walk_left	walking	0	0	28	-2	2
3.274	1	2401	1457	2366	1500	5.31	-2.10	2.10	walk_left	walking	0	0	29	-2	2
3.307	1	2399	1460	2366	1500	5.31	-1.65	2.48	walk_left	walking	0	0	30	-2	3
3.341	1	2397	1462	2366	1500	5.31	-2.10	2.10	walk_left	walking	0	0	31	-2	2
3.374	1	2395	1465	2366	1500	5.31	-1.84	2.76	walk_left	walking	0	0	32	-2	3
3.407	1	2393	1467	2366	1500	5.31	-2.37	2.37	walk_left	walking	0	0	33	-2	2
3.425	1	2391	1470	2366	1500	5.31	-1.81	2.71	walk_left	walking	0	0	34	-2	3
3.458	1	2389	1472	2366	1500	5.31	-2.18	2.18	walk_left	walking	0	0	35	-2	2
3.491	1	2387	1474	2366	1500	5.31	-2.04	2.04	walk_left	walking	0	0	36	-2	2
3.524	1	2385	1476	2366	1500	5.31	-1.90	1.90	walk_left	walking	0	0	37	-2	2
3.558	1	2384	1478	2366	1500	5.31	-1.11	2.22	walk_down	walking	0	0	38	-1	2
3.625	0	2380	1479	2366	1500	5.31	0.00	0.00	idle	walking	0	0	39	-4	1
3.644	0	2380	1479	2366	1500	5.31	0.00	0.00	idle	walking	0	0	39	-4	1
3.675	0	2380	1479	2366	1500	5.31	0.00	0.00	idle	walking	0	0	39	-4	1
3.706	0	2380	1479	2366	1500	5.31	0.00	0.00	idle	walking	0	0	39	-4	1
3.741	0	2380	1479	2366	1500	5.31	0.00	0.00	idle	walking	0	0	39	-4	1
3.778	0	2332	1473	2366	1500	5.31	0.00	0.00	idle	walking	0	0	39	-4	1
3.808	0	2332	1473	2366	1500	5.31	0.00	0.00	idle	walking	0	0	39	-4	1
3.839	0	2332	1473	2366	1500	5.31	0.00	0.00	idle	walking	0	0	39	-4	1
3.870	0	2332	1473	2366	1500	5.31	0.00	0.00	idle	walking	0	0	39	-4	1
3.891	0	2332	1473	2366	1500	5.31	0.00	0.00	idle	walking	0	0	39	-4	1
3.925	0	2332	1473	2366	1500	5.31	0.00	0.00	idle	walking	0	0	39	-4	1
3.959	0	2332	1473	2366	1500	5.31	0.00	0.00	idle	walking	0	0	39	-4	1
3.990	0	2332	1473	2366	1500	5.31	0.00	0.00	idle	walking	0	0	39	-4	1
4.026	0	2332	1473	2366	1500	5.31	0.00	0.00	idle	walking	0	0	39	-4	1
4.057	0	2332	1473	2366	1500	5.31	0.00	0.00	idle	walking	0	0	39	-4	1
4.090	0	2332	1473	2366	1500	5.31	0.00	0.00	idle	walking	0	0	39	-4	1
4.111	0	2332	1473	2366	1500	5.31	0.00	0.00	idle	walking	0	0	39	-4	1
4.157	0	2332	1473	2366	1500	5.31	0.00	0.00	idle	walking	0	0	39	-4	1
4.175	0	2332	1473	2366	1500	5.31	0.00	0.00	idle	walking	0	0	39	-4	1
4.207	0	2332	1473	2366	1500	5.31	0.00	0.00	idle	walking	0	0	39	-4	1
4.240	0	2332	1473	2366	1500	5.31	0.00	0.00	idle	walking	0	0	39	-4	1
4.273	0	2332	1473	2366	1500	5.31	0.00	0.00	idle	walking	0	0	39	-4	1
4.316	0	2332	1473	2366	1500	5.31	0.00	0.00	idle	walking	0	0	39	-4	1
4.334	0	2332	1473	2366	1500	5.31	0.00	0.00	idle	walking	0	0	39	-4	1
4.372	0	2332	1473	2366	1500	5.31	0.00	0.00	idle	walking	0	0	39	-4	1
4.405	0	2332	1473	2366	1500	5.31	0.00	0.00	idle	walking	0	0	39	-4	1
4.424	0	2332	1473	2366	1500	5.31	0.00	0.00	idle	walking	0	0	39	-4	1
4.457	0	2332	1473	2366	1500	5.31	0.00	0.00	idle	walking	0	0	39	-4	1
4.490	0	2332	1473	2366	1500	5.31	0.00	0.00	idle	walking	0	0	39	-4	1
4.526	0	2332	1473	2366	1500	5.31	0.00	0.00	idle	walking	0	0	39	-4	1
4.548	0	2332	1473	2366	1500	5.31	0.00	0.00	idle	walking	0	0	39	-4	1
4.590	0	2332	1473	2366	1500	5.31	0.00	0.00	idle	walking	0	0	39	-4	1
4.623	0	2332	1473	2366	1500	5.31	0.00	0.00	idle	walking	0	0	39	-4	1
4.656	0	2332	1473	2366	1500	5.31	0.00	0.00	idle	walking	0	0	39	-4	1
4.674	0	2332	1473	2366	1500	5.31	0.00	0.00	idle	walking	0	0	39	-4	1
4.712	0	2332	1473	2366	1500	5.31	0.00	0.00	idle	walking	0	0	39	-4	1
4.739	0	2332	1473	2366	1500	5.31	0.00	0.00	idle	walking	0	0	39	-4	1
4.774	0	2332	1473	2366	1500	5.31	0.00	0.00	idle	walking	0	0	39	-4	1
4.807	0	2332	1473	2366	1500	5.31	0.00	0.00	idle	walking	0	0	39	-4	1
4.839	0	2332	1473	2366	1500	5.31	0.00	0.00	idle	walking	0	0	39	-4	1
4.873	0	2332	1473	2366	1500	5.31	0.00	0.00	idle	walking	0	0	39	-4	1
4.896	0	2332	1473	2366	1500	5.31	0.00	0.00	idle	walking	0	0	39	-4	1
4.923	0	2332	1473	2366	1500	5.31	0.00	0.00	idle	walking	0	0	39	-4	1
4.957	0	2332	1473	2366	1500	5.31	0.00	0.00	idle	walking	0	0	39	-4	1
4.990	0	2332	1473	2366	1500	5.31	0.00	0.00	idle	walking	0	0	39	-4	1
5.023	0	2332	1473	2366	1500	5.31	0.00	0.00	idle	walking	0	0	39	-4	1
5.057	0	2332	1473	2366	1500	5.31	0.00	0.00	idle	walking	0	0	39	-4	1
5.094	0	2332	1473	2366	1500	5.31	0.00	0.00	idle	walking	0	0	39	-4	1
5.124	0	2332	1473	2366	1500	5.31	0.00	0.00	idle	walking	0	0	39	-4	1
5.140	0	2332	1473	2366	1500	5.31	0.00	0.00	idle	walking	0	0	39	-4	1
5.173	0	2332	1473	2366	1500	5.31	0.00	0.00	idle	walking	0	0	39	-4	1
5.207	0	2332	1473	2366	1500	5.31	0.00	0.00	idle	walking	0	0	39	-4	1
5.241	0	2332	1473	2366	1500	5.31	0.00	0.00	idle	walking	0	0	39	-4	1
5.277	0	2332	1473	2366	1500	5.31	0.00	0.00	idle	walking	0	0	39	-4	1
5.306	0	2332	1473	2366	1500	5.31	0.00	0.00	idle	walking	0	0	39	-4	1
5.340	0	2332	1473	2366	1500	5.31	0.00	0.00	idle	walking	0	0	39	-4	1
5.374	0	2332	1473	2366	1500	5.31	0.00	0.00	idle	walking	0	0	39	-4	1
5.391	0	2332	1473	2366	1500	5.31	0.00	0.00	idle	walking	0	0	39	-4	1
5.423	0	2332	1473	2366	1500	5.31	0.00	0.00	idle	walking	0	0	39	-4	1
5.458	0	2332	1473	2366	1500	5.31	0.00	0.00	idle	walking	0	0	39	-4	1
5.485	0	2332	1473	2366	1500	5.31	0.00	0.00	idle	walking	0	0	39	-4	1
5.517	0	2332	1473	2366	1500	5.31	0.00	0.00	idle	walking	0	0	39	-4	1
5.548	0	2332	1473	2366	1500	5.31	0.00	0.00	idle	walking	0	0	39	-4	1
5.578	0	2332	1473	2366	1500	5.31	0.00	0.00	idle	walking	0	0	39	-4	1
5.610	0	2332	1473	2366	1500	5.31	0.00	0.00	idle	walking	0	0	39	-4	1
5.645	0	2332	1473	2366	1500	5.31	0.00	0.00	idle	walking	0	0	39	-4	1
5.673	0	2332	1473	2366	1500	5.31	0.00	0.00	idle	walking	0	0	39	-4	1
5.705	0	2332	1473	2366	1500	5.31	0.00	0.00	idle	walking	0	0	39	-4	1
5.740	0	2332	1473	2366	1500	5.31	0.00	0.00	idle	walking	0	0	39	-4	1
5.767	0	2332	1473	2366	1500	5.31	0.00	0.00	idle	walking	0	0	39	-4	1
5.808	0	2332	1473	2366	1500	5.31	0.00	0.00	idle	walking	0	0	39	-4	1
5.835	0	2332	1473	2366	1500	5.31	0.00	0.00	idle	walking	0	0	39	-4	1
5.861	0	2332	1473	2366	1500	5.31	0.00	0.00	idle	walking	0	0	39	-4	1
5.891	0	2332	1473	2366	1500	5.31	0.00	0.00	idle	walking	0	0	39	-4	1
5.923	0	2332	1473	2366	1500	5.31	0.00	0.00	idle	walking	0	0	39	-4	1
5.955	0	2332	1473	2366	1500	5.31	0.00	0.00	idle	walking	0	0	39	-4	1
6.133	0	2332	1473	2366	1500	5.31	0.00	0.00	idle	walking	0	0	39	-4	1
6.175	0	2332	1473	2366	1500	5.31	0.00	0.00	idle	walking	0	0	39	-4	1
6.207	0	2332	1473	2366	1500	5.31	0.00	0.00	idle	walking	0	0	39	-4	1
6.236	0	2332	1473	2366	1500	5.31	0.00	0.00	idle	walking	0	0	39	-4	1
6.268	0	2332	1473	2366	1500	5.31	0.00	0.00	idle	walking	0	0	39	-4	1
6.298	0	2332	1473	2366	1500	5.31	0.00	0.00	idle	walking	0	0	39	-4	1
6.360	0	2332	1473	2366	1500	5.31	0.00	0.00	idle	walking	0	0	39	-4	1
6.413	1	2330	1472	175	5	5.31	-1.66	-0.83	jump_ball	walking	0	0	40	-50	-7
6.426	1	2332	1470	175	5	5.31	-1.66	-0.83	jump_ball	jumping	0	0	41	2	-2
6.459	1	2334	1464	175	5	5.31	-1.66	-0.83	jump_ball	jumping	0	0	42	2	-6
6.491	1	2337	1458	175	5	5.31	-1.66	-0.83	jump_ball	jumping	0	0	43	3	-6
6.525	1	2339	1452	175	5	5.31	-1.66	-0.83	jump_ball	jumping	0	0	44	2	-6
6.560	1	2341	1447	175	5	5.31	-1.66	-0.83	jump_ball	jumping	0	0	45	2	-5
6.595	1	2344	1442	175	5	5.31	-1.66	-0.83	jump_ball	jumping	0	0	46	3	-5
6.625	1	2346	1438	175	5	5.31	-1.66	-0.83	jump_ball	jumping	0	0	47	2	-4
6.643	1	2347	1436	175	5	5.31	-1.66	-0.83	jump_ball	jumping	0	0	48	1	-2
6.675	1	2349	1433	175	5	5.31	-1.66	-0.83	jump_ball	jumping	0	0	49	2	-3
6.708	1	2351	1431	175	5	5.31	-1.66	-0.83	jump_ball	jumping	0	0	50	2	-2
6.743	1	2354	1428	175	5	5.31	-1.66	-0.83	jump_ball	jumping	0	0	51	3	-3
6.776	1	2356	1427	175	5	5.31	-1.66	-0.83	jump_ball	jumping	0	0	52	2	-1
6.807	1	2358	1426	175	5	5.31	-1.66	-0.83	jump_ball	jumping	0	0	53	2	-1
6.830	1	2360	1426	175	5	5.31	-1.66	-0.83	jump_ball	jumping	0	0	54	2	0
6.862	1	2362	1425	175	5	5.31	-1.66	-0.83	jump_ball	jumping	0	0	55	2	-1
6.892	1	2364	1426	175	5	5.31	-1.66	-0.83	jump_ball	jumping	0	0	56	2	1
6.924	1	2366	1427	175	5	5.31	-1.66	-0.83	jump_ball	jumping	0	0	57	2	1
6.955	1	2368	1428	175	5	5.31	-1.66	-0.83	jump_ball	jumping	0	0	58	2	1
6.986	1	2370	1430	175	5	5.31	-1.66	-0.83	jump_ball	jumping	0	0	59	2	2
7.018	1	2372	1432	175	5	5.31	-1.66	-0.83	jump_ball	jumping	0	0	60	2	2
7.050	1	2375	1435	175	5	5.31	-1.66	-0.83	jump_ball	jumping	0	0	61	3	3
7.080	1	2377	1439	175	5	5.31	-1.66	-0.83	jump_ball	jumping	0	0	62	2	4
7.111	1	2379	1442	175	5	5.31	-1.66	-0.83	jump_ball	jumping	0	0	63	2	3
7.142	1	2381	1447	175	5	5.31	-1.66	-0.83	jump_ball	jumping	0	0	64	2	5
7.174	1	2383	1452	175	5	5.31	-1.66	-0.83	jump_ball	jumping	0	0	65	2	5
7.205	1	2385	1457	175	5	5.31	-1.66	-0.83	jump_ball	jumping	0	0	66	2	5
7.236	1	2387	1463	175	5	5.31	-1.66	-0.83	jump_ball	jumping	0	0	67	2	6
7.266	1	2389	1469	175	5	5.31	-1.66	-0.83	jump_ball	jumping	0	0	68	2	6
7.299	1	2391	1476	175	5	5.31	-1.66	-0.83	jump_ball	jumping	0	0	69	2	7
7.341	1	2394	1486	175	5	5.31	-1.66	-0.83	jump_ball	jumping	0	0	70	3	10
7.375	1	2397	1494	175	5	5.31	-1.66	-0.83	jump_ball	jumping	0	0	71	3	8
7.393	1	2398	1499	175	5	5.31	-1.66	-0.83	jump_ball	jumping	0	0	72	1	5
7.426	1	2400	1506	175	5	5.31	-1.66	-0.83	land	jumping	0	0	74	0	0
7.455	1	2398	1504	175	5	5.31	-1.97	-1.97	land	walking	0	0	75	-2	-2
7.490	1	2395	1503	175	5	5.31	-3.09	-1.03	land	walking	0	0	76	-3	-1
7.518	1	2388	1480	175	5	5.31	-2.47	-2.47	land	walking	0	0	77	-7	-23
7.558	1	2385	1478	175	5	5.31	-3.00	-2.00	land	walking	0	0	78	-3	-2
7.591	1	2382	1476	175	5	5.31	-3.05	-2.03	land	walking	0	0	79	-3	-2
7.624	1	2378	1474	175	5	5.31	-3.30	-1.65	land	walking	0	0	80	-4	-2
7.658	1	2375	1472	175	5	5.31	-3.08	-2.05	land	walking	0	0	81	-3	-2
7.709	1	2372	1469	175	5	5.31	-2.62	-2.62	land	walking	0	0	82	-3	-3
7.741	1	2369	1467	175	5	5.31	-3.09	-2.06	land	walking	0	0	83	-3	-2
7.774	1	2366	1465	175	5	5.31	-3.09	-2.06	land	walking	0	0	84	-3	-2
7.808	1	2363	1463	175	5	5.31	-3.09	-2.06	land	walking	0	0	85	-3	-2
7.841	1	2360	1461	175	5	5.31	-3.09	-2.06	land	walking	0	0	86	-3	-2
7.875	1	2357	1459	175	5	5.31	-3.09	-2.06	land	walking	0	0	87	-3	-2
7.894	1	2354	1457	175	5	5.31	-3.09	-2.06	idle	walking	0	0	88	-3	-2
7.923	1	2351	1455	175	5	5.31	-3.09	-2.06	idle	walking	0	0	89	-3	-2
7.958	1	2348	1453	175	5	5.31	-3.09	-2.06	idle	walking	0	0	90	-3	-2
7.992	1	2344	1451	175	5	5.31	-3.33	-1.66	idle	walking	0	0	91	-4	-2
8.024	1	2341	1449	175	5	5.31	-3.09	-2.06	idle	walking	0	0	92	-3	-2
8.058	1	2338	1447	175	5	5.31	-3.09	-2.06	idle	walking	0	0	93	-3	-2
8.096	1	2291	1439	175	5	5.31	-3.09	-2.06	idle	walking	0	0	94	-47	-8
8.125	1	2288	1437	175	5	5.31	-3.09	-2.06	idle	walking	0	0	95	-3	-2
8.143	1	2288	1438	175	5	5.31	-3.09	-2.06	jump_ball	jumping	0	0	96	0	1
8.173	1	2285	1430	175	5	5.31	-3.09	-2.06	jump_ball	jumping	0	0	97	-3	-8
8.206	1	2282	1422	175	5	5.31	-3.09	-2.06	jump_ball	jumping	0	0	98	-3	-8
8.235	1	2280	1416	175	5	5.31	-3.09	-2.06	jump_ball	jumping	0	0	99	-2	-6
8.268	1	2277	1410	175	5	5.31	-3.09	-2.06	jump_ball	jumping	0	0	100	-3	-6
8.308	1	2273	1403	175	5	5.31	-3.09	-2.06	jump_ball	jumping	0	0	101	-4	-7
8.342	1	2270	1397	175	5	5.31	-3.09	-2.06	jump_ball	jumping	0	0	102	-3	-6
8.361	1	2268	1394	175	5	5.31	-3.09	-2.06	jump_ball	jumping	0	0	103	-2	-3
8.392	1	2265	1390	175	5	5.31	-3.09	-2.06	jump_ball	jumping	0	0	104	-3	-4
8.424	1	2263	1386	175	5	5.31	-3.09	-2.06	jump_ball	jumping	0	0	105	-2	-4
8.457	1	2259	1383	175	5	5.31	-3.09	-2.06	jump_ball	jumping	0	0	106	-4	-3
8.490	1	2257	1380	175	5	5.31	-3.09	-2.06	jump_ball	jumping	0	0	107	-2	-3
8.525	1	2253	1378	175	5	5.31	-3.09	-2.06	jump_ball	jumping	0	0	108	-4	-2
8.558	1	2251	1376	175	5	5.31	-3.09	-2.06	jump_ball	jumping	0	0	109	-2	-2
8.590	1	2248	1375	175	5	5.31	-3.09	-2.06	jump_ball	jumping	0	0	110	-3	-1
8.612	1	2246	1374	175	5	5.31	-3.09	-2.06	jump_ball	jumping	0	0	111	-2	-1
8.656	1	2242	1374	175	5	5.31	-3.09	-2.06	jump_ball	jumping	0	0	112	-4	0
8.675	1	2240	1374	175	5	5.31	-3.09	-2.06	jump_ball	jumping	0	0	113	-2	0
8.707	1	2237	1375	175	5	5.31	-3.09	-2.06	jump_ball	jumping	0	0	114	-3	1
8.742	1	2234	1376	175	5	5.31	-3.09	-2.06	jump_ball	jumping	0	0	115	-3	1
8.774	1	2231	1378	175	5	5.31	-3.09	-2.06	jump_ball	jumping	0	0	116	-3	2
8.808	1	2228	1381	175	5	5.31	-3.09	-2.06	jump_ball	jumping	0	0	117	-3	3
8.832	1	2226	1383	175	5	5.31	-3.09	-2.06	jump_ball	jumping	0	0	118	-2	2
8.874	1	2222	1387	175	5	5.31	-3.09	-2.06	jump_ball	jumping	0	0	119	-4	4
8.906	1	2219	1391	175	5	5.31	-3.09	-2.06	jump_ball	jumping	0	0	120	-3	4
8.925	1	2217	1393	175	5	5.31	-3.09	-2.06	jump_ball	jumping	0	0	121	-2	2
8.957	1	2214	1398	175	5	5.31	-3.09	-2.06	jump_ball	jumping	0	0	122	-3	5
9.115	1	2200	1429	175	5	5.31	-3.09	-2.06	jump_ball	jumping	0	0	123	-14	31
9.141	1	2198	1435	175	5	5.31	-3.09	-2.06	jump_ball	jumping	0	0	124	-2	6
9.175	1	2198	1437	175	5	5.31	-3.09	-2.06	land	jumping	0	0	126	0	0
9.207	1	2195	1434	175	5	5.31	-2.63	-2.63	land	walking	0	0	127	-3	-3
9.240	1	2192	1432	175	5	5.31	-3.09	-2.06	land	walking	0	0	128	-3	-2
9.275	1	2189	1430	175	5	5.31	-3.09	-2.06	land	walking	0	0	129	-3	-2
9.309	1	2181	1407	175	5	5.31	-3.09	-2.06	land	walking	0	0	130	-8	-23
9.342	1	2178	1405	175	5	5.31	-3.09	-2.06	land	walking	0	0	131	-3	-2
9.375	1	2175	1403	175	5	5.31	-3.09	-2.06	land	walking	0	0	132	-3	-2
9.391	1	2172	1401	175	5	5.31	-3.09	-2.06	land	walking	0	0	133	-3	-2
9.423	1	2169	1399	175	5	5.31	-3.09	-2.06	land	walking	0	0	134	-3	-2
9.458	1	2166	1396	175	5	5.31	-2.63	-2.63	land	walking	0	0	135	-3	-3
9.493	1	2163	1394	175	5	5.31	-3.09	-2.06	land	walking	0	0	136	-3	-2
9.523	1	2160	1392	175	5	5.31	-3.09	-2.06	land	walking	0	0	137	-3	-2
9.558	1	2157	1390	175	5	5.31	-3.09	-2.06	land	walking	0	0	138	-3	-2
9.592	1	2153	1388	175	5	5.31	-3.33	-1.66	land	walking	0	0	139	-4	-2
9.624	1	2150	1386	175	5	5.31	-3.09	-2.06	land	walking	0	0	140	-3	-2
9.656	1	2147	1384	175	5	5.31	-3.09	-2.06	land	walking	0	0	141	-3	-2
9.676	1	2144	1381	175	5	5.31	-2.63	-2.63	idle	walking	0	0	142	-3	-3
9.708	1	2141	1379	175	5	5.31	-3.09	-2.06	idle	walking	0	0	143	-3	-2
9.741	1	2138	1377	175	5	5.31	-3.09	-2.06	idle	walking	0	0	144	-3	-2
9.774	1	2135	1375	175	5	5.31	-3.09	-2.06	idle	walking	0	0	145	-3	-2
9.808	1	2132	1373	175	5	5.31	-3.09	-2.06	idle	walking	0	0	146	-3	-2
9.840	1	2129	1371	175	5	5.31	-3.09	-2.06	idle	walking	0	0	147	-3	-2
9.879	1	2082	1363	175	5	5.31	-3.09	-2.06	idle	walking	0	0	148	-47	-8
9.906	1	2079	1360	175	5	5.31	-2.63	-2.63	idle	walking	0	0	149	-3	-3
9.924	1	2076	1358	175	5	5.31	-3.09	-2.06	idle	walking	0	0	150	-3	-2
9.957	1	2073	1356	175	5	5.31	-3.09	-2.06	idle	walking	0	0	151	-3	-2
9.992	1	2070	1354	175	5	5.31	-3.09	-2.06	idle	walking	0	0	152	-3	-2
10.024	1	2067	1352	175	5	5.31	-3.09	-2.06	idle	walking	0	0	153	-3	-2
10.063	1	2064	1350	175	5	5.31	-3.09	-2.06	idle	walking	0	0	154	-3	-2
10.090	1	2061	1348	175	5	5.31	-3.09	-2.06	idle	walking	0	0	155	-3	-2
10.123	1	2058	1345	175	5	5.31	-2.63	-2.63	idle	walking	0	0	156	-3	-3
10.157	1	2058	1345	175	5	5.31	-2.63	-2.63	fall	jumping	0	0	156	-3	-3
10.175	1	2057	1345	175	5	5.31	-2.63	-2.63	fall	jumping	0	0	157	-1	0
10.209	1	2056	1345	175	5	5.31	-2.63	-2.63	fall	jumping	0	0	158	-1	0
10.243	1	2105	1353	175	5	5.31	-2.63	-2.63	fall	jumping	0	0	159	49	8
10.276	1	2104	1354	175	5	5.31	-2.63	-2.63	fall	jumping	0	0	160	-1	1
10.397	1	2103	1365	175	5	5.31	-2.63	-2.63	fall	jumping	0	0	161	-1	11
10.458	1	2102	1373	175	5	5.31	-2.63	-2.63	fall	jumping	0	0	162	-1	8
10.493	1	2101	1378	175	5	5.31	-2.63	-2.63	fall	jumping	0	0	163	-1	5
10.525	1	2100	1383	175	5	5.31	-2.63	-2.63	fall	jumping	0	0	164	-1	5
10.559	1	2099	1389	175	5	5.31	-2.63	-2.63	fall	jumping	0	0	165	-1	6
10.580	1	2098	1393	175	5	5.31	-2.63	-2.63	fall	jumping	0	0	166	-1	4
10.627	1	2097	1403	175	5	5.31	-2.63	-2.63	fall	jumping	0	0	167	-1	10
10.656	1	2096	1410	175	5	5.31	-2.63	-2.63	fall	jumping	0	0	168	-1	7
10.675	1	2095	1414	175	5	5.31	-2.63	-2.63	fall	jumping	0	0	169	-1	4
10.709	1	2094	1423	175	5	5.31	-2.63	-2.63	fall	jumping	0	0	170	-1	9
10.741	1	2093	1432	175	5	5.31	-2.63	-2.63	fall	jumping	0	0	171	-1	9
10.774	1	2092	1441	175	5	5.31	-2.63	-2.63	fall	jumping	0	0	172	-1	9
10.801	1	2091	1448	175	5	5.31	-2.63	-2.63	fall	jumping	0	0	173	-1	7
10.830	1	2090	1457	175	5	5.31	-2.63	-2.63	fall	jumping	0	0	174	-1	9
10.861	1	2089	1467	175	5	5.31	-2.63	-2.63	fall	jumping	0	0	175	-1	10
10.892	1	2088	1478	175	5	5.31	-2.63	-2.63	fall	jumping	0	0	176	-1	11
10.925	1	2087	1489	175	5	5.31	-2.63	-2.63	fall	jumping	0	0	177	-1	11
10.955	1	2086	1500	175	5	5.31	-2.63	-2.63	fall	jumping	0	0	178	-1	11
10.995	1	2085	1516	175	5	5.31	-2.63	-2.63	fall	jumping	0	0	179	-1	16
11.020	1	2084	1520	175	5	5.31	-2.63	-2.63	idle	jumping	0	0	180	-1	4
11.060	1	2081	1518	175	5	5.31	-3.09	-2.06	idle	walking	0	0	181	-3	-2
11.083	1	2078	1516	175	5	5.31	-3.09	-2.06	idle	walking	0	0	182	-3	-2
11.127	1	2075	1513	175	5	5.31	-2.63	-2.63	idle	walking	0	0	183	-3	-3
11.146	1	2072	1511	175	5	5.31	-3.09	-2.06	idle	walking	0	0	184	-3	-2
11.183	1	2019	1502	175	5	5.31	-3.09	-2.06	idle	walking	0	0	185	-53	-9
11.207	1	2016	1499	175	5	5.31	-2.63	-2.63	idle	walking	0	0	186	-3	-3
11.239	1	2014	1497	175	5	5.31	-2.63	-2.63	idle	walking	0	0	187	-2	-2
11.269	1	2011	1495	175	5	5.31	-3.09	-2.06	idle	walking	0	0	188	-3	-2
11.299	1	2008	1492	175	5	5.31	-2.63	-2.63	idle	walking	0	0	189	-3	-3
11.330	1	2005	1490	175	5	5.31	-3.09	-2.06	idle	walking	0	0	190	-3	-2
11.378	1	2002	1488	175	5	5.31	-3.09	-2.06	idle	walking	0	0	191	-3	-2
11.407	1	1999	1485	175	5	5.31	-2.63	-2.63	idle	walking	0	0	192	-3	-3
11.425	1	1996	1483	175	5	5.31	-3.09	-2.06	idle	walking	0	0	193	-3	-2
11.459	1	1993	1481	175	5	5.31	-3.09	-2.06	idle	walking	0	0	194	-3	-2
11.490	1	1990	1478	175	5	5.31	-2.63	-2.63	idle	walking	0	0	195	-3	-3
11.525	1	1988	1476	175	5	5.31	-2.63	-2.63	idle	walking	0	0	196	-2	-2
11.560	1	1985	1474	175	5	5.31	-3.09	-2.06	idle	walking	0	0	197	-3	-2
11.591	1	1982	1471	175	5	5.31	-2.63	-2.63	idle	walking	0	0	198	-3	-3
11.625	1	1979	1469	175	5	5.31	-3.09	-2.06	idle	walking	0	0	199	-3	-2
11.656	1	1976	1467	175	5	5.31	-3.09	-2.06	idle	walking	0	0	200	-3	-2
11.675	1	1973	1464	175	5	5.31	-2.63	-2.63	idle	walking	0	0	201	-3	-3
11.708	1	1970	1462	175	5	5.31	-3.09	-2.06	idle	walking	0	0	202	-3	-2
11.747	1	1967	1460	175	5	5.31	-3.09	-2.06	idle	walking	0	0	203	-3	-2
11.775	1	1964	1457	175	5	5.31	-2.63	-2.63	idle	walking	0	0	204	-3	-3
11.809	1	1962	1455	175	5	5.31	-2.63	-2.63	idle	walking	0	0	205	-2	-2
11.840	1	1959	1453	175	5	5.31	-3.09	-2.06	idle	walking	0	0	206	-3	-2
11.873	1	1956	1450	175	5	5.31	-2.63	-2.63	idle	walking	0	0	207	-3	-3
11.906	1	1953	1448	175	5	5.31	-3.09	-2.06	idle	walking	0	0	208	-3	-2
11.927	1	1950	1446	175	5	5.31	-3.09	-2.06	idle	walking	0	0	209	-3	-2
11.958	1	1947	1443	175	5	5.31	-2.63	-2.63	idle	walking	0	0	210	-3	-3
12.128	1	1944	1441	175	5	5.31	-3.09	-2.06	idle	walking	0	0	211	-3	-2
12.155	1	1944	1441	175	5	5.31	-3.09	-2.06	jump_ball	jumping	0	0	212	0	0
12.173	1	1942	1437	175	5	5.31	-3.09	-2.06	jump_ball	jumping	0	0	213	-2	-4
12.207	1	1939	1429	175	5	5.31	-3.09	-2.06	jump_ball	jumping	0	0	214	-3	-8
12.242	1	1936	1422	175	5	5.31	-3.09	-2.06	jump_ball	jumping	0	0	215	-3	-7
12.273	1	1936	1422	175	5	5.31	-3.09	-2.06	fall	jumping	0	0	215	-3	-7
12.310	1	1985	1429	175	5	5.31	-3.09	-2.06	fall	jumping	0	0	216	49	7
12.331	1	1984	1429	175	5	5.31	-3.09	-2.06	fall	jumping	0	0	217	-1	0
12.376	1	1983	1431	175	5	5.31	-3.09	-2.06	fall	jumping	0	0	218	-1	2
12.393	1	1982	1432	175	5	5.31	-3.09	-2.06	fall	jumping	0	0	219	-1	1
12.424	1	1981	1434	175	5	5.31	-3.09	-2.06	fall	jumping	0	0	220	-1	2
12.458	1	1980	1437	175	5	5.31	-3.09	-2.06	fall	jumping	0	0	221	-1	3
12.492	1	1979	1440	175	5	5.31	-3.09	-2.06	fall	jumping	0	0	222	-1	3
12.517	1	1978	1442	175	5	5.31	-3.09	-2.06	fall	jumping	0	0	223	-1	2
12.547	1	1977	1446	175	5	5.31	-3.09	-2.06	fall	jumping	0	0	224	-1	4
12.579	1	1976	1450	175	5	5.31	-3.09	-2.06	fall	jumping	0	0	225	-1	4
12.625	1	1975	1457	175	5	5.31	-3.09	-2.06	fall	jumping	0	0	226	-1	7
12.657	1	1974	1463	175	5	5.31	-3.09	-2.06	fall	jumping	0	0	227	-1	6
12.675	1	1973	1466	175	5	5.31	-3.09	-2.06	fall	jumping	0	0	228	-1	3
12.706	1	1972	1472	175	5	5.31	-3.09	-2.06	fall	jumping	0	0	229	-1	6
12.742	1	1971	1479	175	5	5.31	-3.09	-2.06	fall	jumping	0	0	230	-1	7
12.774	1	1970	1487	175	5	5.31	-3.09	-2.06	fall	jumping	0	0	231	-1	8
12.807	1	1969	1495	175	5	5.31	-3.09	-2.06	fall	jumping	0	0	232	-1	8
12.841	1	1968	1504	175	5	5.31	-3.09	-2.06	fall	jumping	0	0	233	-1	9
12.875	1	1967	1514	175	5	5.31	-3.09	-2.06	fall	jumping	0	0	234	-1	10
12.892	1	1966	1519	175	5	5.31	-3.09	-2.06	fall	jumping	0	0	235	-1	5
12.927	1	1965	1520	175	5	5.31	-3.09	-2.06	idle	jumping	0	0	236	-1	1
12.957	1	1962	1517	175	5	5.31	-2.63	-2.63	idle	walking	0	0	237	-3	-3
12.990	1	1960	1515	175	5	5.31	-2.63	-2.63	idle	walking	0	0	238	-2	-2
13.017	1	1957	1513	175	5	5.31	-3.09	-2.06	idle	walking	0	0	239	-3	-2
13.063	1	1904	1503	175	5	5.31	-2.63	-2.63	idle	walking	0	0	240	-53	-10
13.091	1	1901	1501	175	5	5.31	-3.09	-2.06	idle	walking	0	0	241	-3	-2
13.125	1	1898	1498	175	5	5.31	-2.63	-2.63	idle	walking	0	0	242	-3	-3
13.173	1	1895	1496	175	5	5.31	-3.09	-2.06	idle	walking	0	0	243	-3	-2
13.209	1	1893	1493	175	5	5.31	-2.06	-3.09	idle	walking	0	0	244	-2	-3
13.246	1	1890	1491	175	5	5.31	-3.09	-2.06	idle	walking	0	0	245	-3	-2
13.274	1	1887	1489	175	5	5.31	-3.09	-2.06	idle	walking	0	0	246	-3	-2
13.310	1	1884	1486	175	5	5.31	-2.63	-2.63	idle	walking	0	0	247	-3	-3
13.342	1	1881	1484	175	5	5.31	-3.09	-2.06	idle	walking	0	0	248	-3	-2
13.374	1	1879	1481	175	5	5.31	-2.06	-3.09	idle	walking	0	0	249	-2	-3
13.392	1	1876	1479	175	5	5.31	-3.09	-2.06	idle	walking	0	0	250	-3	-2
13.433	1	1873	1476	175	5	5.31	-2.63	-2.63	idle	walking	0	0	251	-3	-3
13.458	1	1870	1474	175	5	5.31	-3.09	-2.06	idle	walking	0	0	252	-3	-2
13.495	1	1867	1472	175	5	5.31	-3.09	-2.06	idle	walking	0	0	253	-3	-2
13.526	1	1865	1469	175	5	5.31	-2.06	-3.09	idle	walking	0	0	254	-2	-3
13.560	1	1862	1467	175	5	5.31	-3.09	-2.06	idle	walking	0	0	255	-3	-2
13.593	1	1859	1464	175	5	5.31	-2.63	-2.63	idle	walking	0	0	256	-3	-3
13.628	1	1856	1462	175	5	5.31	-3.09	-2.06	idle	walking	0	0	257	-3	-2
13.655	1	1853	1459	175	5	5.31	-2.63	-2.63	idle	walking	0	0	258	-3	-3
13.678	1	1850	1457	175	5	5.31	-3.09	-2.06	idle	walking	0	0	259	-3	-2
13.711	1	1848	1455	175	5	5.31	-2.63	-2.63	idle	walking	0	0	260	-2	-2
13.741	1	1845	1452	175	5	5.31	-2.63	-2.63	idle	walking	0	0	261	-3	-3
13.774	1	1842	1450	175	5	5.31	-3.09	-2.06	idle	walking	0	0	262	-3	-2
13.804	1	1839	1447	175	5	5.31	-2.63	-2.63	idle	walking	0	0	263	-3	-3
13.840	1	1836	1445	175	5	5.31	-3.09	-2.06	idle	walking	0	0	264	-3	-2
13.873	1	1834	1442	175	5	5.31	-2.06	-3.09	idle	walking	0	0	265	-2	-3
13.905	1	1831	1440	175	5	5.31	-3.09	-2.06	idle	walking	0	0	266	-3	-2
13.926	1	1828	1437	175	5	5.31	-2.63	-2.63	idle	walking	0	0	267	-3	-3
13.957	1	1825	1435	175	5	5.31	-3.09	-2.06	idle	walking	0	0	268	-3	-2
13.994	1	1822	1433	175	5	5.31	-3.09	-2.06	idle	walking	0	0	269	-3	-2
14.018	1	1820	1430	175	5	5.31	-2.06	-3.09	idle	walking	0	0	270	-2	-3
14.058	1	1817	1428	175	5	5.31	-3.09	-2.06	idle	walking	0	0	271	-3	-2
14.092	1	1814	1425	175	5	5.31	-2.63	-2.63	idle	walking	0	0	272	-3	-3
14.125	1	1811	1423	175	5	5.31	-3.09	-2.06	idle	walking	0	0	273	-3	-2
14.155	1	1808	1420	175	5	5.31	-2.63	-2.63	idle	walking	0	0	274	-3	-3
14.178	1	1808	1420	175	5	5.31	-2.63	-2.63	fall	jumping	0	0	274	-3	-3
14.206	1	1807	1420	175	5	5.31	-2.63	-2.63	fall	jumping	0	0	275	-1	0
14.241	1	1806	1421	175	5	5.31	-2.63	-2.63	fall	jumping	0	0	276	-1	1
14.274	1	1805	1422	175	5	5.31	-2.63	-2.63	fall	jumping	0	0	277	-1	1
14.307	1	1804	1424	175	5	5.31	-2.63	-2.63	fall	jumping	0	0	278	-1	2
14.341	1	1803	1426	175	5	5.31	-2.63	-2.63	fall	jumping	0	0	279	-1	2
14.374	1	1852	1436	175	5	5.31	-2.63	-2.63	fall	jumping	0	0	280	49	10
14.403	1	1851	1439	175	5	5.31	-2.63	-2.63	fall	jumping	0	0	281	-1	3
14.426	1	1850	1441	175	5	5.31	-2.63	-2.63	fall	jumping	0	0	282	-1	2
14.458	1	1849	1445	175	5	5.31	-2.63	-2.63	fall	jumping	0	0	283	-1	4
14.489	1	1848	1449	175	5	5.31	-2.63	-2.63	fall	jumping	0	0	284	-1	4
14.524	1	1847	1455	175	5	5.31	-2.63	-2.63	fall	jumping	0	0	285	-1	6
14.559	1	1846	1461	175	5	5.31	-2.63	-2.63	fall	jumping	0	0	286	-1	6
14.590	1	1845	1467	175	5	5.31	-2.63	-2.63	fall	jumping	0	0	287	-1	6
14.623	1	1844	1473	175	5	5.31	-2.63	-2.63	fall	jumping	0	0	288	-1	6
14.655	1	1843	1480	175	5	5.31	-2.63	-2.63	fall	jumping	0	0	289	-1	7
14.674	1	1842	1484	175	5	5.31	-2.63	-2.63	fall	jumping	0	0	290	-1	4
14.707	1	1841	1492	175	5	5.31	-2.63	-2.63	fall	jumping	0	0	291	-1	8
14.742	1	1840	1501	175	5	5.31	-2.63	-2.63	fall	jumping	0	0	292	-1	9
14.774	1	1839	1510	175	5	5.31	-2.63	-2.63	fall	jumping	0	0	293	-1	9
14.808	1	1838	1520	175	5	5.31	-2.63	-2.63	idle	jumping	0	0	294	-1	10
14.841	1	1836	1518	175	5	5.31	-2.63	-2.63	idle	walking	0	0	295	-2	-2
14.873	1	1833	1515	175	5	5.31	-2.63	-2.63	idle	walking	0	0	296	-3	-3
14.892	1	1830	1513	175	5	5.31	-3.09	-2.06	idle	walking	0	0	297	-3	-2
14.931	1	1777	1503	175	5	5.31	-2.63	-2.63	idle	walking	0	0	298	-53	-10
14.959	1	1775	1501	175	5	5.31	-2.63	-2.63	idle	walking	0	0	299	-2	-2
15.128	1	1772	1498	175	5	5.31	-2.63	-2.63	idle	walking	0	0	300	-3	-3
15.152	1	1769	1496	175	5	5.31	-3.09	-2.06	idle	walking	0	0	301	-3	-2
15.175	1	1767	1493	175	5	5.31	-2.06	-3.09	idle	walking	0	0	302	-2	-3
15.209	1	1764	1491	175	5	5.31	-3.09	-2.06	idle	walking	0	0	303	-3	-2
15.241	1	1761	1488	175	5	5.31	-2.63	-2.63	idle	walking	0	0	304	-3	-3
15.274	1	1758	1486	175	5	5.31	-3.09	-2.06	idle	walking	0	0	305	-3	-2
15.311	1	1756	1483	175	5	5.31	-2.06	-3.09	idle	walking	0	0	306	-2	-3
15.329	1	1753	1481	175	5	5.31	-3.09	-2.06	idle	walking	0	0	307	-3	-2
15.371	1	1750	1478	175	5	5.31	-2.63	-2.63	idle	walking	0	0	308	-3	-3
15.401	1	1747	1475	175	5	5.31	-2.63	-2.63	idle	walking	0	0	309	-3	-3
15.426	1	1745	1473	175	5	5.31	-2.63	-2.63	idle	walking	0	0	310	-2	-2
15.458	1	1742	1470	175	5	5.31	-2.63	-2.63	idle	walking	0	0	311	-3	-3
15.497	1	1739	1468	175	5	5.31	-3.09	-2.06	idle	walking	0	0	312	-3	-2
15.524	1	1737	1465	175	5	5.31	-2.06	-3.09	idle	walking	0	0	313	-2	-3
15.548	1	1734	1463	175	5	5.31	-3.09	-2.06	idle	walking	0	0	314	-3	-2
15.590	1	1731	1460	175	5	5.31	-2.63	-2.63	idle	walking	0	0	315	-3	-3
15.622	1	1728	1458	175	5	5.31	-3.09	-2.06	idle	walking	0	0	316	-3	-2
15.652	1	1726	1455	175	5	5.31	-2.06	-3.09	idle	walking	0	0	317	-2	-3
15.679	1	1723	1453	175	5	5.31	-3.09	-2.06	idle	walking	0	0	318	-3	-2
15.708	1	1720	1450	175	5	5.31	-2.63	-2.63	idle	walking	0	0	319	-3	-3
15.741	1	1718	1447	175	5	5.31	-2.06	-3.09	idle	walking	0	0	320	-2	-3
15.775	1	1715	1445	175	5	5.31	-3.09	-2.06	idle	walking	0	0	321	-3	-2
15.807	1	1712	1442	175	5	5.31	-2.63	-2.63	idle	walking	0	0	322	-3	-3
15.838	1	1709	1440	175	5	5.31	-3.09	-2.06	idle	walking	0	0	323	-3	-2
15.877	1	1707	1437	175	5	5.31	-2.06	-3.09	idle	walking	0	0	324	-2	-3
15.901	1	1704	1435	175	5	5.31	-3.09	-2.06	idle	walking	0	0	325	-3	-2
15.926	1	1701	1432	175	5	5.31	-2.63	-2.63	idle	walking	0	0	326	-3	-3
15.957	1	1699	1430	175	5	5.31	-2.63	-2.63	idle	walking	0	0	327	-2	-2
15.991	1	1696	1427	175	5	5.31	-2.63	-2.63	idle	walking	0	0	328	-3	-3
16.025	1	1693	1425	175	5	5.31	-3.09	-2.06	idle	walking	0	0	329	-3	-2
16.060	1	1690	1422	175	5	5.31	-2.63	-2.63	idle	walking	0	0	330	-3	-3
16.089	1	1688	1420	175	5	5.31	-2.63	-2.63	idle	walking	0	0	331	-2	-2
16.120	1	1685	1417	175	5	5.31	-2.63	-2.63	idle	walking	0	0	332	-3	-3
16.151	1	1682	1414	175	5	5.31	-2.63	-2.63	idle	walking	0	0	333	-3	-3
16.174	1	1680	1412	175	5	5.31	-2.63	-2.63	idle	walking	0	0	334	-2	-2
16.210	1	1680	1412	175	5	5.31	-2.63	-2.63	fall	jumping	0	0	334	-2	-2
16.244	1	1729	1419	175	5	5.31	-2.63	-2.63	fall	jumping	0	0	335	49	7
16.275	1	1728	1420	175	5	5.31	-2.63	-2.63	fall	jumping	0	0	336	-1	1
16.307	1	1727	1421	175	5	5.31	-2.63	-2.63	fall	jumping	0	0	337	-1	1
16.339	1	1726	1422	175	5	5.31	-2.63	-2.63	fall	jumping	0	0	338	-1	1
16.369	1	1725	1424	175	5	5.31	-2.63	-2.63	fall	jumping	0	0	339	-1	2
16.401	1	1724	1426	175	5	5.31	-2.63	-2.63	fall	jumping	0	0	340	-1	2
16.427	1	1723	1428	175	5	5.31	-2.63	-2.63	fall	jumping	0	0	341	-1	2
16.457	1	1722	1431	175	5	5.31	-2.63	-2.63	fall	jumping	0	0	342	-1	3
16.491	1	1721	1435	175	5	5.31	-2.63	-2.63	fall	jumping	0	0	343	-1	4
16.524	1	1720	1440	175	5	5.31	-2.63	-2.63	fall	jumping	0	0	344	-1	5
16.557	1	1719	1445	175	5	5.31	-2.63	-2.63	fall	jumping	0	0	345	-1	5
16.589	1	1718	1451	175	5	5.31	-2.63	-2.63	fall	jumping	0	0	346	-1	6
16.621	1	1717	1457	175	5	5.31	-2.63	-2.63	fall	jumping	0	0	347	-1	6
16.643	1	1716	1461	175	5	5.31	-2.63	-2.63	fall	jumping	0	0	348	-1	4
16.675	1	1715	1468	175	5	5.31	-2.63	-2.63	fall	jumping	0	0	349	-1	7
16.708	1	1714	1475	175	5	5.31	-2.63	-2.63	fall	jumping	0	0	350	-1	7
16.742	1	1713	1484	175	5	5.31	-2.63	-2.63	fall	jumping	0	0	351	-1	9
16.775	1	1712	1493	175	5	5.31	-2.63	-2.63	fall	jumping	0	0	352	-1	9
16.808	1	1711	1503	175	5	5.31	-2.63	-2.63	fall	jumping	0	0	353	-1	10
16.840	1	1710	1512	175	5	5.31	-2.63	-2.63	fall	jumping	0	0	354	-1	9
16.862	1	1709	1519	175	5	5.31	-2.63	-2.63	fall	jumping	0	0	355	-1	7
16.904	1	1708	1520	175	5	5.31	-2.63	-2.63	idle	jumping	0	0	356	-1	1
16.926	1	1705	1517	175	5	5.31	-2.63	-2.63	idle	walking	0	0	357	-3	-3
16.958	1	1702	1515	175	5	5.31	-3.09	-2.06	idle	walking	0	0	358	-3	-2
16.997	1	1650	1505	175	5	5.31	-2.06	-3.09	idle	walking	0	0	359	-52	-10
17.026	1	1647	1502	175	5	5.31	-2.63	-2.63	idle	walking	0	0	360	-3	-3
17.059	1	1644	1500	175	5	5.31	-3.09	-2.06	idle	walking	0	0	361	-3	-2
17.079	1	1642	1497	175	5	5.31	-2.06	-3.09	idle	walking	0	0	362	-2	-3
17.122	1	1639	1494	175	5	5.31	-2.63	-2.63	idle	walking	0	0	363	-3	-3
17.155	1	1637	1492	175	5	5.31	-2.63	-2.63	idle	walking	0	0	364	-2	-2
17.179	1	1634	1489	175	5	5.31	-2.63	-2.63	idle	walking	0	0	365	-3	-3
17.209	1	1631	1486	175	5	5.31	-2.63	-2.63	idle	walking	0	0	366	-3	-3
17.240	1	1629	1484	175	5	5.31	-2.63	-2.63	idle	walking	0	0	367	-2	-2
17.274	1	1626	1481	175	5	5.31	-2.63	-2.63	idle	walking	0	0	368	-3	-3
17.298	1	1624	1479	175	5	5.31	-2.63	-2.63	idle	walking	0	0	369	-2	-2
17.340	1	1621	1476	175	5	5.31	-2.63	-2.63	idle	walking	0	0	370	-3	-3
17.375	1	1618	1473	175	5	5.31	-2.63	-2.63	idle	walking	0	0	371	-3	-3
17.403	1	1616	1471	175	5	5.31	-2.63	-2.63	idle	walking	0	0	372	-2	-2
17.425	1	1613	1468	175	5	5.31	-2.63	-2.63	idle	walking	0	0	373	-3	-3
17.457	1	1611	1465	175	5	5.31	-2.06	-3.09	idle	walking	0	0	374	-2	-3
17.491	1	1608	1463	175	5	5.31	-3.09	-2.06	idle	walking	0	0	375	-3	-2
17.518	1	1605	1460	175	5	5.31	-2.63	-2.63	idle	walking	0	0	376	-3	-3
17.564	1	1603	1457	175	5	5.31	-2.06	-3.09	idle	walking	0	0	377	-2	-3
17.589	1	1600	1455	175	5	5.31	-3.09	-2.06	idle	walking	0	0	378	-3	-2
17.620	1	1598	1452	175	5	5.31	-2.06	-3.09	idle	walking	0	0	379	-2	-3
17.650	1	1595	1449	175	5	5.31	-2.63	-2.63	idle	walking	0	0	380	-3	-3
17.676	1	1592	1447	175	5	5.31	-3.09	-2.06	idle	walking	0	0	381	-3	-2
17.707	1	1590	1444	175	5	5.31	-2.06	-3.09	idle	walking	0	0	382	-2	-3
17.746	1	1587	1441	175	5	5.31	-2.63	-2.63	idle	walking	0	0	383	-3	-3
17.776	1	1585	1439	175	5	5.31	-2.63	-2.63	idle	walking	0	0	384	-2	-2
17.808	1	1582	1436	175	5	5.31	-2.63	-2.63	idle	walking	0	0	385	-3	-3
17.839	1	1579	1433	175	5	5.31	-2.63	-2.63	idle	walking	0	0	386	-3	-3
17.871	1	1577	1431	175	5	5.31	-2.63	-2.63	idle	walking	0	0	387	-2	-2
17.901	1	1574	1428	175	5	5.31	-2.63	-2.63	idle	walking	0	0	388	-3	-3
17.928	1	1571	1425	175	5	5.31	-2.63	-2.63	idle	walking	0	0	389	-3	-3
17.959	1	1569	1423	175	5	5.31	-2.63	-2.63	idle	walking	0	0	390	-2	-2
18.362	1	1569	1424	175	5	5.31	-2.63	-2.63	jump_ball	jumping	0	0	391	0	1
18.391	1	1618	1451	175	5	5.31	-2.63	-2.63	fall	jumping	0	0	391	0	1
18.425	1	1617	1451	175	5	5.31	-2.63	-2.63	fall	jumping	0	0	392	48	27
18.457	1	1616	1452	175	5	5.31	-2.63	-2.63	fall	jumping	0	0	393	-1	1
18.492	1	1615	1453	175	5	5.31	-2.63	-2.63	fall	jumping	0	0	394	-1	1
18.524	1	1614	1455	175	5	5.31	-2.63	-2.63	fall	jumping	0	0	395	-1	2
18.557	1	1613	1457	175	5	5.31	-2.63	-2.63	fall	jumping	0	0	396	-1	2
18.589	1	1613	1440	175	5	5.31	-2.63	-2.63	fall	jumping	0	0	397	0	-17
18.618	1	1612	1443	175	5	5.31	-2.63	-2.63	fall	jumping	0	0	398	-1	3
18.650	1	1611	1447	175	5	5.31	-2.63	-2.63	fall	jumping	0	0	399	-1	4
18.674	1	1610	1450	175	5	5.31	-2.63	-2.63	fall	jumping	0	0	400	-1	3
18.707	1	1609	1455	175	5	5.31	-2.63	-2.63	fall	jumping	0	0	401	-1	5
18.742	1	1608	1461	175	5	5.31	-2.63	-2.63	fall	jumping	0	0	402	-1	6
18.774	1	1607	1467	175	5	5.31	-2.63	-2.63	fall	jumping	0	0	403	-1	6
18.806	1	1606	1473	175	5	5.31	-2.63	-2.63	fall	jumping	0	0	404	-1	6
18.829	1	1605	1478	175	5	5.31	-2.63	-2.63	fall	jumping	0	0	405	-1	5
18.868	1	1604	1486	175	5	5.31	-2.63	-2.63	fall	jumping	0	0	406	-1	8
18.899	1	1603	1494	175	5	5.31	-2.63	-2.63	fall	jumping	0	0	407	-1	8
18.925	1	1602	1500	175	5	5.31	-2.63	-2.63	fall	jumping	0	0	408	-1	6
18.960	1	1601	1510	175	5	5.31	-2.63	-2.63	fall	jumping	0	0	409	-1	10
18.993	1	1600	1519	175	5	5.31	-2.63	-2.63	fall	jumping	0	0	410	-1	9
19.025	1	1599	1520	175	5	5.31	-2.63	-2.63	idle	jumping	0	0	411	-1	1
19.049	1	1596	1517	175	5	5.31	-2.63	-2.63	idle	walking	0	0	412	-3	-3
19.087	1	1594	1514	175	5	5.31	-2.06	-3.09	idle	walking	0	0	413	-2	-3
19.119	1	1591	1512	175	5	5.31	-3.09	-2.06	idle	walking	0	0	414	-3	-2
19.156	1	1539	1502	175	5	5.31	-2.06	-3.09	idle	walking	0	0	415	-52	-10
19.176	1	1536	1499	175	5	5.31	-2.63	-2.63	idle	walking	0	0	416	-3	-3
19.207	1	1534	1496	175	5	5.31	-2.06	-3.09	idle	walking	0	0	417	-2	-3
19.241	1	1531	1494	175	5	5.31	-3.09	-2.06	idle	walking	0	0	418	-3	-2
19.269	1	1529	1491	175	5	5.31	-2.06	-3.09	idle	walking	0	0	419	-2	-3
19.306	1	1526	1488	175	5	5.31	-2.63	-2.63	idle	walking	0	0	420	-3	-3
19.342	1	1524	1485	175	5	5.31	-2.06	-3.09	idle	walking	0	0	421	-2	-3
19.370	1	1521	1483	175	5	5.31	-3.09	-2.06	idle	walking	0	0	422	-3	-2
19.392	1	1519	1480	175	5	5.31	-2.06	-3.09	idle	walking	0	0	423	-2	-3
19.427	1	1516	1477	175	5	5.31	-2.63	-2.63	idle	walking	0	0	424	-3	-3
19.459	1	1514	1474	175	5	5.31	-2.06	-3.09	idle	walking	0	0	425	-2	-3
19.492	1	1511	1472	175	5	5.31	-3.09	-2.06	idle	walking	0	0	426	-3	-2
19.528	1	1509	1469	175	5	5.31	-2.06	-3.09	idle	walking	0	0	427	-2	-3
19.557	1	1506	1466	175	5	5.31	-2.63	-2.63	idle	walking	0	0	428	-3	-3
19.589	1	1504	1463	175	5	5.31	-2.06	-3.09	idle	walking	0	0	429	-2	-3
19.617	1	1501	1461	175	5	5.31	-3.09	-2.06	idle	walking	0	0	430	-3	-2
19.648	1	1499	1458	175	5	5.31	-2.06	-3.09	idle	walking	0	0	431	-2	-3
19.674	1	1496	1455	175	5	5.31	-2.63	-2.63	idle	walking	0	0	432	-3	-3
19.712	1	1494	1452	175	5	5.31	-2.06	-3.09	idle	walking	0	0	433	-2	-3
19.741	1	1491	1450	175	5	5.31	-3.09	-2.06	idle	walking	0	0	434	-3	-2
19.774	1	1489	1447	175	5	5.31	-2.06	-3.09	idle	walking	0	0	435	-2	-3
19.805	1	1486	1444	175	5	5.31	-2.63	-2.63	idle	walking	0	0	436	-3	-3
19.836	1	1484	1441	175	5	5.31	-2.06	-3.09	idle	walking	0	0	437	-2	-3
19.867	1	1481	1439	175	5	5.31	-3.09	-2.06	idle	walking	0	0	438	-3	-2
19.901	1	1479	1436	175	5	5.31	-2.06	-3.09	idle	walking	0	0	439	-2	-3
19.925	1	1476	1433	175	5	5.31	-2.63	-2.63	idle	walking	0	0	440	-3	-3
19.958	1	1474	1430	175	5	5.31	-2.06	-3.09	idle	walking	0	0	441	-2	-3
19.991	1	1471	1428	175	5	5.31	-3.09	-2.06	idle	walking	0	0	442	-3	-2
20.024	1	1469	1425	175	5	5.31	-2.06	-3.09	idle	walking	0	0	443	-2	-3
20.055	1	1466	1422	175	5	5.31	-2.63	-2.63	idle	walking	0	0	444	-3	-3
20.092	1	1464	1419	175	5	5.31	-2.06	-3.09	idle	walking	0	0	445	-2	-3
20.117	1	1461	1417	175	5	5.31	-3.09	-2.06	idle	walking	0	0	446	-3	-2
20.149	1	1459	1414	175	5	5.31	-2.06	-3.09	idle	walking	0	0	447	-2	-3
20.174	1	1456	1411	175	5	5.31	-2.63	-2.63	idle	walking	0	0	448	-3	-3
20.208	1	1454	1408	175	5	5.31	-2.06	-3.09	idle	walking	0	0	449	-2	-3
20.242	1	1451	1406	175	5	5.31	-3.09	-2.06	idle	walking	0	0	450	-3	-2
20.280	1	1449	1403	175	5	5.31	-2.06	-3.09	idle	walking	0	0	451	-2	-3
20.307	1	1446	1400	175	5	5.31	-2.63	-2.63	idle	walking	0	0	452	-3	-3
20.337	1	1444	1398	175	5	5.31	-2.63	-2.63	idle	walking	0	0	453	-2	-2
20.361	1	1441	1395	175	5	5.31	-2.63	-2.63	idle	walking	0	0	454	-3	-3
20.402	1	1441	1395	175	5	5.31	-2.63	-2.63	fall	jumping	0	0	454	-3	-3
20.424	1	1440	1395	175	5	5.31	-2.63	-2.63	fall	jumping	0	0	455	-1	0
20.461	1	1489	1403	175	5	5.31	-2.63	-2.63	fall	jumping	0	0	456	49	8
20.492	1	1488	1404	175	5	5.31	-2.63	-2.63	fall	jumping	0	0	457	-1	1
20.523	1	1487	1406	175	5	5.31	-2.63	-2.63	fall	jumping	0	0	458	-1	2
20.556	1	1486	1408	175	5	5.31	-2.63	-2.63	fall	jumping	0	0	459	-1	2
20.587	1	1485	1410	175	5	5.31	-2.63	-2.63	fall	jumping	0	0	460	-1	2
20.618	1	1484	1413	175	5	5.31	-2.63	-2.63	fall	jumping	0	0	461	-1	3
20.649	1	1483	1417	175	5	5.31	-2.63	-2.63	fall	jumping	0	0	462	-1	4
20.674	1	1482	1420	175	5	5.31	-2.63	-2.63	fall	jumping	0	0	463	-1	3
20.708	1	1481	1425	175	5	5.31	-2.63	-2.63	fall	jumping	0	0	464	-1	5
20.741	1	1480	1430	175	5	5.31	-2.63	-2.63	fall	jumping	0	0	465	-1	5
20.772	1	1479	1435	175	5	5.31	-2.63	-2.63	fall	jumping	0	0	466	-1	5
20.864	1	1478	1456	175	5	5.31	-2.63	-2.63	fall	jumping	0	0	467	-1	21
20.899	1	1477	1464	175	5	5.31	-2.63	-2.63	fall	jumping	0	0	468	-1	8
20.926	1	1476	1471	175	5	5.31	-2.63	-2.63	fall	jumping	0	0	469	-1	7
20.959	1	1475	1480	175	5	5.31	-2.63	-2.63	fall	jumping	0	0	470	-1	9
21.120	1	1474	1512	175	5	5.31	-2.63	-2.63	fall	jumping	0	0	471	-1	32
21.141	1	1473	1519	175	5	5.31	-2.63	-2.63	fall	jumping	0	0	472	-1	7
21.175	1	1472	1520	175	5	5.31	-2.63	-2.63	idle	jumping	0	0	473	-1	1
21.207	1	1470	1517	175	5	5.31	-2.06	-3.09	idle	walking	0	0	474	-2	-3
21.241	1	1467	1514	175	5	5.31	-2.63	-2.63	idle	walking	0	0	475	-3	-3
21.272	1	1465	1511	175	5	5.31	-2.06	-3.09	idle	walking	0	0	476	-2	-3
21.309	1	1412	1501	175	5	5.31	-2.63	-2.63	idle	walking	0	0	477	-53	-10
21.335	1	1410	1499	175	5	5.31	-2.63	-2.63	idle	walking	0	0	478	-2	-2
21.367	1	1408	1496	175	5	5.31	-2.06	-3.09	idle	walking	0	0	479	-2	-3
21.399	1	1405	1493	175	5	5.31	-2.63	-2.63	idle	walking	0	0	480	-3	-3
21.425	1	1403	1490	175	5	5.31	-2.06	-3.09	idle	walking	0	0	481	-2	-3
21.459	1	1401	1487	175	5	5.31	-2.06	-3.09	idle	walking	0	0	482	-2	-3
21.496	1	1398	1484	175	5	5.31	-2.63	-2.63	idle	walking	0	0	483	-3	-3
21.523	1	1396	1481	175	5	5.31	-2.06	-3.09	idle	walking	0	0	484	-2	-3
21.552	1	1393	1478	175	5	5.31	-2.63	-2.63	idle	walking	0	0	485	-3	-3
21.584	1	1391	1476	175	5	5.31	-2.63	-2.63	idle	walking	0	0	486	-2	-2
21.615	1	1389	1473	175	5	5.31	-2.06	-3.09	idle	walking	0	0	487	-2	-3
21.645	1	1386	1470	175	5	5.31	-2.63	-2.63	idle	walking	0	0	488	-3	-3
21.678	1	1384	1467	175	5	5.31	-2.06	-3.09	idle	walking	0	0	489	-2	-3
21.707	1	1382	1464	175	5	5.31	-2.06	-3.09	idle	walking	0	0	490	-2	-3
21.741	1	1379	1461	175	5	5.31	-2.63	-2.63	idle	walking	0	0	491	-3	-3
21.771	1	1377	1458	175	5	5.31	-2.06	-3.09	idle	walking	0	0	492	-2	-3
21.802	1	1375	1456	175	5	5.31	-2.63	-2.63	idle	walking	0	0	493	-2	-2
21.834	1	1372	1453	175	5	5.31	-2.63	-2.63	idle	walking	0	0	494	-3	-3
21.869	1	1370	1450	175	5	5.31	-2.06	-3.09	idle	walking	0	0	495	-2	-3
21.892	1	1367	1447	175	5	5.31	-2.63	-2.63	idle	walking	0	0	496	-3	-3
21.925	1	1365	1444	175	5	5.31	-2.06	-3.09	idle	walking	0	0	497	-2	-3
21.957	1	1363	1441	175	5	5.31	-2.06	-3.09	idle	walking	0	0	498	-2	-3
21.991	1	1360	1438	175	5	5.31	-2.63	-2.63	idle	walking	0	0	499	-3	-3
22.022	1	1358	1436	175	5	5.31	-2.63	-2.63	idle	walking	0	0	500	-2	-2
22.056	1	1356	1433	175	5	5.31	-2.06	-3.09	idle	walking	0	0	501	-2	-3
22.084	1	1353	1430	175	5	5.31	-2.63	-2.63	idle	walking	0	0	502	-3	-3
22.115	1	1351	1427	175	5	5.31	-2.06	-3.09	idle	walking	0	0	503	-2	-3
22.147	1	1348	1424	175	5	5.31	-2.63	-2.63	idle	walking	0	0	504	-3	-3
22.174	1	1346	1421	175	5	5.31	-2.06	-3.09	idle	walking	0	0	505	-2	-3
22.208	1	1344	1418	175	5	5.31	-2.06	-3.09	idle	walking	0	0	506	-2	-3
22.245	1	1341	1415	175	5	5.31	-2.63	-2.63	idle	walking	0	0	507	-3	-3
22.271	1	1339	1413	175	5	5.31	-2.63	-2.63	idle	walking	0	0	508	-2	-2
22.302	1	1337	1410	175	5	5.31	-2.06	-3.09	idle	walking	0	0	509	-2	-3
22.333	1	1334	1407	175	5	5.31	-2.63	-2.63	idle	walking	0	0	510	-3	-3
22.364	1	1332	1404	175	5	5.31	-2.06	-3.09	idle	walking	0	0	511	-2	-3
22.395	1	1329	1401	175	5	5.31	-2.63	-2.63	idle	walking	0	0	512	-3	-3
22.430	1	1329	1401	175	5	5.31	-2.63	-2.63	fall	jumping	0	0	512	-3	-3
22.459	1	1328	1401	175	5	5.31	-2.63	-2.63	fall	jumping	0	0	513	-1	0
22.491	1	1327	1402	175	5	5.31	-2.63	-2.63	fall	jumping	0	0	514	-1	1
22.523	1	1326	1403	175	5	5.31	-2.63	-2.63	fall	jumping	0	0	515	-1	1
22.553	1	1325	1404	175	5	5.31	-2.63	-2.63	fall	jumping	0	0	516	-1	1
22.584	1	1324	1406	175	5	5.31	-2.63	-2.63	fall	jumping	0	0	517	-1	2
22.617	1	1373	1416	175	5	5.31	-2.63	-2.63	fall	jumping	0	0	518	49	10
22.651	1	1372	1419	175	5	5.31	-2.63	-2.63	fall	jumping	0	0	519	-1	3
22.677	1	1371	1422	175	5	5.31	-2.63	-2.63	fall	jumping	0	0	520	-1	3
22.708	1	1370	1426	175	5	5.31	-2.63	-2.63	fall	jumping	0	0	521	-1	4
22.742	1	1369	1431	175	5	5.31	-2.63	-2.63	fall	jumping	0	0	522	-1	5
22.769	1	1368	1435	175	5	5.31	-2.63	-2.63	fall	jumping	0	0	523	-1	4
22.809	1	1367	1442	175	5	5.31	-2.63	-2.63	fall	jumping	0	0	524	-1	7
22.840	1	1366	1448	175	5	5.31	-2.63	-2.63	fall	jumping	0	0	525	-1	6
22.873	1	1365	1455	175	5	5.31	-2.63	-2.63	fall	jumping	0	0	526	-1	7
22.902	1	1364	1462	175	5	5.31	-2.63	-2.63	fall	jumping	0	0	527	-1	7
22.924	1	1363	1467	175	5	5.31	-2.63	-2.63	fall	jumping	0	0	528	-1	5
22.957	1	1362	1475	175	5	5.31	-2.63	-2.63	fall	jumping	0	0	529	-1	8
22.992	1	1361	1485	175	5	5.31	-2.63	-2.63	fall	jumping	0	0	530	-1	10
23.023	1	1360	1494	175	5	5.31	-2.63	-2.63	fall	jumping	0	0	531	-1	9
23.056	1	1359	1504	175	5	5.31	-2.63	-2.63	fall	jumping	0	0	532	-1	10
23.089	1	1358	1514	175	5	5.31	-2.63	-2.63	fall	jumping	0	0	533	-1	10
23.123	1	1357	1520	175	5	5.31	-2.63	-2.63	idle	jumping	0	0	534	-1	6
23.152	1	1355	1517	175	5	5.31	-2.06	-3.09	idle	walking	0	0	535	-2	-3
23.180	1	1303	1505	175	5	5.31	-1.38	-3.45	walk_up	walking	0	0	536	-52	-12
23.208	1	1301	1502	175	5	5.31	-2.06	-3.09	walk_left	walking	0	0	537	-2	-3
23.241	1	1298	1499	175	5	5.31	-2.63	-2.63	walk_left	walking	0	0	538	-3	-3
23.274	1	1296	1496	175	5	5.31	-2.06	-3.09	walk_left	walking	0	0	539	-2	-3
23.308	1	1294	1493	175	5	5.31	-2.06	-3.09	walk_left	walking	0	0	540	-2	-3
23.340	1	1292	1490	175	5	5.31	-2.06	-3.09	walk_left	walking	0	0	541	-2	-3
23.373	1	1339	1494	175	5	5.31	-2.63	-2.63	walk_left	walking	0	0	542	47	4
23.392	1	1337	1491	175	5	5.31	-2.06	-3.09	walk_left	walking	0	0	543	-2	-3
23.424	1	1335	1489	175	5	5.31	-2.63	-2.63	walk_left	walking	0	0	544	-2	-2
23.458	1	1333	1486	175	5	5.31	-2.06	-3.09	walk_left	walking	0	0	545	-2	-3
23.489	1	1330	1483	175	5	5.31	-2.63	-2.63	walk_left	walking	0	0	546	-3	-3
23.524	1	1328	1480	175	5	5.31	-2.06	-3.09	walk_left	walking	0	0	547	-2	-3
23.559	1	1326	1477	175	5	5.31	-2.06	-3.09	walk_left	walking	0	0	548	-2	-3
23.590	1	1323	1474	175	5	5.31	-2.63	-2.63	walk_left	walking	0	0	549	-3	-3
23.621	1	1321	1471	175	5	5.31	-2.06	-3.09	walk_left	walking	0	0	550	-2	-3
23.653	1	1319	1468	175	5	5.31	-2.06	-3.09	walk_left	walking	0	0	551	-2	-3
23.673	1	1317	1465	175	5	5.31	-2.06	-3.09	walk_left	walking	0	0	552	-2	-3
23.707	1	1314	1462	175	5	5.31	-2.63	-2.63	walk_left	walking	0	0	553	-3	-3
23.743	1	1312	1459	175	5	5.31	-2.06	-3.09	walk_left	walking	0	0	554	-2	-3
23.775	1	1310	1456	175	5	5.31	-2.06	-3.09	walk_left	walking	0	0	555	-2	-3
23.807	1	1307	1453	175	5	5.31	-2.63	-2.63	walk_left	walking	0	0	556	-3	-3
23.839	1	1305	1450	175	5	5.31	-2.06	-3.09	walk_left	walking	0	0	557	-2	-3
23.861	1	1303	1448	175	5	5.31	-2.63	-2.63	walk_left	walking	0	0	558	-2	-2
23.901	1	1301	1445	175	5	5.31	-2.06	-3.09	walk_left	walking	0	0	559	-2	-3
23.925	1	1298	1442	175	5	5.31	-2.63	-2.63	walk_left	walking	0	0	560	-3	-3
23.957	1	1296	1439	175	5	5.31	-2.06	-3.09	walk_left	walking	0	0	561	-2	-3
24.136	1	1294	1436	175	5	5.31	-2.06	-3.09	walk_left	walking	0	0	562	-2	-3
24.152	1	1291	1433	175	5	5.31	-2.63	-2.63	walk_left	walking	0	0	563	-3	-3
24.174	1	1289	1430	175	5	5.31	-2.06	-3.09	walk_left	walking	0	0	564	-2	-3
24.207	1	1287	1427	175	5	5.31	-2.06	-3.09	walk_left	walking	0	0	565	-2	-3
24.241	1	1285	1424	175	5	5.31	-2.06	-3.09	walk_left	walking	0	0	566	-2	-3
24.278	1	1282	1421	175	5	5.31	-2.63	-2.63	walk_left	walking	0	0	567	-3	-3
24.299	1	1280	1418	175	5	5.31	-2.06	-3.09	walk_left	walking	0	0	568	-2	-3
24.340	1	1278	1415	175	5	5.31	-2.06	-3.09	walk_left	walking	0	0	569	-2	-3
24.372	1	1275	1412	175	5	5.31	-2.63	-2.63	walk_left	walking	0	0	570	-3	-3
24.405	1	1273	1409	175	5	5.31	-2.06	-3.09	walk_left	walking	0	0	571	-2	-3
24.425	1	1271	1407	175	5	5.31	-2.63	-2.63	walk_left	walking	0	0	572	-2	-2
24.459	1	1271	1407	175	5	5.31	-2.63	-2.63	fall	jumping	0	0	572	-2	-2
24.490	1	1270	1407	175	5	5.31	-2.63	-2.63	fall	jumping	0	0	573	-1	0
24.518	1	1269	1407	175	5	5.31	-2.63	-2.63	fall	jumping	0	0	574	-1	0
24.558	1	1268	1408	175	5	5.31	-2.63	-2.63	fall	jumping	0	0	575	-1	1
24.592	1	1267	1410	175	5	5.31	-2.63	-2.63	fall	jumping	0	0	576	-1	2
24.622	1	1266	1412	175	5	5.31	-2.63	-2.63	fall	jumping	0	0	577	-1	2
24.643	1	1265	1414	175	5	5.31	-2.63	-2.63	fall	jumping	0	0	578	-1	2
24.675	1	1264	1417	175	5	5.31	-2.63	-2.63	fall	jumping	0	0	579	-1	3
24.707	1	1263	1421	175	5	5.31	-2.63	-2.63	fall	jumping	0	0	580	-1	4
24.742	1	1262	1425	175	5	5.31	-2.63	-2.63	fall	jumping	0	0	581	-1	4
24.776	1	1261	1430	175	5	5.31	-2.63	-2.63	fall	jumping	0	0	582	-1	5
24.807	1	1260	1435	175	5	5.31	-2.63	-2.63	fall	jumping	0	0	583	-1	5
24.837	1	1259	1440	175	5	5.31	-2.63	-2.63	fall	jumping	0	0	584	-1	5
24.867	1	1258	1446	175	5	5.31	-2.63	-2.63	fall	jumping	0	0	585	-1	6
24.899	1	1257	1452	175	5	5.31	-2.63	-2.63	fall	jumping	0	0	586	-1	6
24.924	1	1256	1457	175	5	5.31	-2.63	-2.63	fall	jumping	0	0	587	-1	5
24.959	1	1255	1465	175	5	5.31	-2.63	-2.63	fall	jumping	0	0	588	-1	8
24.990	1	1254	1473	175	5	5.31	-2.63	-2.63	fall	jumping	0	0	589	-1	8
25.025	1	1253	1482	175	5	5.31	-2.63	-2.63	fall	jumping	0	0	590	-1	9
25.057	1	1252	1491	175	5	5.31	-2.63	-2.63	fall	jumping	0	0	591	-1	9
25.088	1	1251	1501	175	5	5.31	-2.63	-2.63	fall	jumping	0	0	592	-1	10
25.119	1	1250	1511	175	5	5.31	-2.63	-2.63	fall	jumping	0	0	593	-1	10
25.151	1	1249	1520	175	5	5.31	-2.63	-2.63	idle	jumping	0	0	594	-1	9
25.175	1	1247	1516	175	5	5.31	-1.66	-3.33	walk_up	walking	0	0	595	-2	-4
25.208	1	1244	1513	175	5	5.31	-2.63	-2.63	walk_left	walking	0	0	596	-3	-3
25.243	1	1242	1510	175	5	5.31	-2.06	-3.09	walk_left	walking	0	0	597	-2	-3
25.273	1	1240	1507	175	5	5.31	-2.06	-3.09	walk_left	walking	0	0	598	-2	-3
25.306	1	1238	1504	175	5	5.31	-2.06	-3.09	walk_left	walking	0	0	599	-2	-3
25.338	1	1236	1501	175	5	5.31	-2.06	-3.09	walk_left	walking	0	0	600	-2	-3
25.367	1	1234	1498	175	5	5.31	-2.06	-3.09	walk_left	walking	0	0	601	-2	-3
25.392	1	1232	1495	175	5	5.31	-2.06	-3.09	walk_left	walking	0	0	602	-2	-3
25.425	1	1229	1492	175	5	5.31	-2.63	-2.63	walk_left	walking	0	0	603	-3	-3
25.458	1	1227	1489	175	5	5.31	-2.06	-3.09	walk_left	walking	0	0	604	-2	-3
25.490	1	1225	1486	175	5	5.31	-2.06	-3.09	walk_left	walking	0	0	605	-2	-3
25.522	1	1223	1483	175	5	5.31	-2.06	-3.09	walk_left	walking	0	0	606	-2	-3
25.552	1	1221	1480	175	5	5.31	-2.06	-3.09	walk_left	walking	0	0	607	-2	-3
25.583	1	1219	1477	175	5	5.31	-2.06	-3.09	walk_left	walking	0	0	608	-2	-3
25.614	1	1217	1474	175	5	5.31	-2.06	-3.09	walk_left	walking	0	0	609	-2	-3
25.646	1	1214	1471	175	5	5.31	-2.63	-2.63	walk_left	walking	0	0	610	-3	-3
25.675	1	1212	1468	175	5	5.31	-2.06	-3.09	walk_left	walking	0	0	611	-2	-3
25.709	1	1210	1465	175	5	5.31	-2.06	-3.09	walk_left	walking	0	0	612	-2	-3
25.738	1	1208	1462	175	5	5.31	-2.06	-3.09	walk_left	walking	0	0	613	-2	-3
25.770	1	1206	1459	175	5	5.31	-2.06	-3.09	walk_left	walking	0	0	614	-2	-3
25.801	1	1204	1456	175	5	5.31	-2.06	-3.09	walk_left	walking	0	0	615	-2	-3
25.831	1	1201	1453	175	5	5.31	-2.63	-2.63	walk_left	walking	0	0	616	-3	-3
25.863	1	1199	1450	175	5	5.31	-2.06	-3.09	walk_left	walking	0	0	617	-2	-3
25.896	1	1197	1447	175	5	5.31	-2.06	-3.09	walk_left	walking	0	0	618	-2	-3
25.925	1	1195	1444	175	5	5.31	-2.06	-3.09	walk_left	walking	0	0	619	-2	-3
25.958	1	1193	1441	175	5	5.31	-2.06	-3.09	walk_left	walking	0	0	620	-2	-3
25.990	1	1191	1438	175	5	5.31	-2.06	-3.09	walk_left	walking	0	0	621	-2	-3
26.021	1	1189	1435	175	5	5.31	-2.06	-3.09	walk_left	walking	0	0	622	-2	-3
26.050	1	1186	1432	175	5	5.31	-2.63	-2.63	walk_left	walking	0	0	623	-3	-3
26.086	1	1184	1429	175	5	5.31	-2.06	-3.09	walk_left	walking	0	0	624	-2	-3
26.116	1	1182	1425	175	5	5.31	-1.66	-3.33	walk_up	walking	0	0	625	-2	-4
26.148	1	1180	1422	175	5	5.31	-2.06	-3.09	walk_left	walking	0	0	626	-2	-3
26.177	1	1178	1419	175	5	5.31	-2.06	-3.09	walk_left	walking	0	0	627	-2	-3
26.207	1	1176	1416	175	5	5.31	-2.06	-3.09	walk_left	walking	0	0	628	-2	-3
26.241	1	1173	1413	175	5	5.31	-2.63	-2.63	walk_left	walking	0	0	629	-3	-3
26.270	1	1171	1410	175	5	5.31	-2.06	-3.09	walk_left	walking	0	0	630	-2	-3
26.305	1	1169	1407	175	5	5.31	-2.06	-3.09	walk_left	walking	0	0	631	-2	-3
26.336	1	1167	1404	175	5	5.31	-2.06	-3.09	walk_left	walking	0	0	632	-2	-3
26.371	1	1165	1401	175	5	5.31	-2.06	-3.09	walk_left	walking	0	0	633	-2	-3
26.401	1	1163	1398	175	5	5.31	-2.06	-3.09	walk_left	walking	0	0	634	-2	-3
26.425	1	1161	1395	175	5	5.31	-2.06	-3.09	walk_left	walking	0	0	635	-2	-3
26.459	1	1161	1395	175	5	5.31	-2.06	-3.09	fall	jumping	0	0	635	-2	-3
26.491	1	1160	1395	175	5	5.31	-2.06	-3.09	fall	jumping	0	0	636	-1	0
26.524	1	1159	1396	175	5	5.31	-2.06	-3.09	fall	jumping	0	0	637	-1	1
26.558	1	1158	1397	175	5	5.31	-2.06	-3.09	fall	jumping	0	0	638	-1	1
26.589	1	1157	1398	175	5	5.31	-2.06	-3.09	fall	jumping	0	0	639	-1	1
26.619	1	1156	1400	175	5	5.31	-2.06	-3.09	fall	jumping	0	0	640	-1	2
26.651	1	1155	1403	175	5	5.31	-2.06	-3.09	fall	jumping	0	0	641	-1	3
26.677	1	1154	1405	175	5	5.31	-2.06	-3.09	fall	jumping	0	0	642	-1	2
26.710	1	1153	1409	175	5	5.31	-2.06	-3.09	fall	jumping	0	0	643	-1	4
26.743	1	1152	1413	175	5	5.31	-2.06	-3.09	fall	jumping	0	0	644	-1	4
26.809	1	1151	1424	175	5	5.31	-2.06	-3.09	fall	jumping	0	0	645	-1	11
26.841	1	1150	1430	175	5	5.31	-2.06	-3.09	fall	jumping	0	0	646	-1	6
26.870	1	1149	1435	175	5	5.31	-2.06	-3.09	fall	jumping	0	0	647	-1	5
26.903	1	1148	1442	175	5	5.31	-2.06	-3.09	fall	jumping	0	0	648	-1	7
26.926	1	1147	1447	175	5	5.31	-2.06	-3.09	fall	jumping	0	0	649	-1	5
26.961	1	1146	1454	175	5	5.31	-2.06	-3.09	fall	jumping	0	0	650	-1	7
27.122	1	1145	1483	175	5	5.31	-2.06	-3.09	fall	jumping	0	0	651	-1	29
27.142	1	1144	1489	175	5	5.31	-2.06	-3.09	fall	jumping	0	0	652	-1	6
27.175	1	1143	1499	175	5	5.31	-2.06	-3.09	fall	jumping	0	0	653	-1	10
27.207	1	1142	1510	175	5	5.31	-2.06	-3.09	fall	jumping	0	0	654	-1	11
27.241	1	1141	1520	175	5	5.31	-2.06	-3.09	idle	jumping	0	0	655	-1	10
27.274	1	1139	1517	175	5	5.31	-2.06	-3.09	idle	walking	0	0	656	-2	-3
27.312	1	1087	1505	175	5	5.31	-1.38	-3.45	walk_up	walking	0	0	657	-52	-12
27.342	1	1085	1502	175	5	5.31	-2.06	-3.09	walk_left	walking	0	0	658	-2	-3
27.361	1	1083	1498	175	5	5.31	-1.66	-3.33	walk_up	walking	0	0	659	-2	-4
27.393	1	1081	1495	175	5	5.31	-2.06	-3.09	walk_left	walking	0	0	660	-2	-3
27.424	1	1079	1492	175	5	5.31	-2.06	-3.09	walk_left	walking	0	0	661	-2	-3
27.456	1	1077	1489	175	5	5.31	-2.06	-3.09	walk_left	walking	0	0	662	-2	-3
27.489	1	1125	1493	175	5	5.31	-2.06	-3.09	walk_left	walking	0	0	663	48	4
27.521	1	1123	1490	175	5	5.31	-2.06	-3.09	walk_left	walking	0	0	664	-2	-3
27.552	1	1121	1487	175	5	5.31	-2.06	-3.09	walk_left	walking	0	0	665	-2	-3
27.582	1	1119	1483	175	5	5.31	-1.66	-3.33	walk_up	walking	0	0	666	-2	-4
27.614	1	1117	1480	175	5	5.31	-2.06	-3.09	walk_left	walking	0	0	667	-2	-3
27.644	1	1115	1477	175	5	5.31	-2.06	-3.09	walk_left	walking	0	0	668	-2	-3
27.675	1	1113	1474	175	5	5.31	-2.06	-3.09	walk_left	walking	0	0	669	-2	-3
27.705	1	1111	1471	175	5	5.31	-2.06	-3.09	walk_left	walking	0	0	670	-2	-3
27.737	1	1109	1468	175	5	5.31	-2.06	-3.09	walk_left	walking	0	0	671	-2	-3
27.769	1	1107	1465	175	5	5.31	-2.06	-3.09	walk_left	walking	0	0	672	-2	-3
27.801	1	1105	1461	175	5	5.31	-1.66	-3.33	walk_up	walking	0	0	673	-2	-4
27.831	1	1103	1458	175	5	5.31	-2.06	-3.09	walk_left	walking	0	0	674	-2	-3
27.862	1	1101	1455	175	5	5.31	-2.06	-3.09	walk_left	walking	0	0	675	-2	-3
27.896	1	1099	1452	175	5	5.31	-2.06	-3.09	walk_left	walking	0	0	676	-2	-3
27.936	1	1097	1449	175	5	5.31	-2.06	-3.09	walk_left	walking	0	0	677	-2	-3
27.960	1	1095	1446	175	5	5.31	-2.06	-3.09	walk_left	walking	0	0	678	-2	-3
27.991	1	1093	1443	175	5	5.31	-2.06	-3.09	walk_left	walking	0	0	679	-2	-3
28.020	1	1091	1440	175	5	5.31	-2.06	-3.09	walk_left	walking	0	0	680	-2	-3
28.054	1	1089	1436	175	5	5.31	-1.66	-3.33	walk_up	walking	0	0	681	-2	-4
28.083	1	1087	1433	175	5	5.31	-2.06	-3.09	walk_left	walking	0	0	682	-2	-3
28.116	1	1085	1430	175	5	5.31	-2.06	-3.09	walk_left	walking	0	0	683	-2	-3
28.147	1	1083	1427	175	5	5.31	-2.06	-3.09	walk_left	walking	0	0	684	-2	-3
28.177	1	1081	1424	175	5	5.31	-2.06	-3.09	walk_left	walking	0	0	685	-2	-3
28.208	1	1079	1421	175	5	5.31	-2.06	-3.09	walk_left	walking	0	0	686	-2	-3
28.241	1	1077	1418	175	5	5.31	-2.06	-3.09	walk_left	walking	0	0	687	-2	-3
28.273	1	1075	1414	175	5	5.31	-1.66	-3.33	walk_up	walking	0	0	688	-2	-4
28.303	1	1073	1411	175	5	5.31	-2.06	-3.09	walk_left	walking	0	0	689	-2	-3
28.335	1	1071	1408	175	5	5.31	-2.06	-3.09	walk_left	walking	0	0	690	-2	-3
28.367	1	1069	1405	175	5	5.31	-2.06	-3.09	walk_left	walking	0	0	691	-2	-3
28.399	1	1067	1402	175	5	5.31	-2.06	-3.09	walk_left	walking	0	0	692	-2	-3
28.424	1	1065	1399	175	5	5.31	-2.06	-3.09	walk_left	walking	0	0	693	-2	-3
28.458	1	1063	1396	175	5	5.31	-2.06	-3.09	walk_left	walking	0	0	694	-2	-3
28.491	1	1063	1396	175	5	5.31	-2.06	-3.09	fall	jumping	0	0	694	-2	-3
28.524	1	1062	1396	175	5	5.31	-2.06	-3.09	fall	jumping	0	0	695	-1	0
28.555	1	1061	1397	175	5	5.31	-2.06	-3.09	fall	jumping	0	0	696	-1	1
28.587	1	1060	1398	175	5	5.31	-2.06	-3.09	fall	jumping	0	0	697	-1	1
28.619	1	1059	1400	175	5	5.31	-2.06	-3.09	fall	jumping	0	0	698	-1	2
28.650	1	1058	1402	175	5	5.31	-2.06	-3.09	fall	jumping	0	0	699	-1	2
28.674	1	1057	1404	175	5	5.31	-2.06	-3.09	fall	jumping	0	0	700	-1	2
28.707	1	1056	1407	175	5	5.31	-2.06	-3.09	fall	jumping	0	0	701	-1	3
28.741	1	1055	1411	175	5	5.31	-2.06	-3.09	fall	jumping	0	0	702	-1	4
28.776	1	1054	1415	175	5	5.31	-2.06	-3.09	fall	jumping	0	0	703	-1	4
28.804	1	1053	1419	175	5	5.31	-2.06	-3.09	fall	jumping	0	0	704	-1	4
28.841	1	1052	1425	175	5	5.31	-2.06	-3.09	fall	jumping	0	0	705	-1	6
28.867	1	1051	1429	175	5	5.31	-2.06	-3.09	fall	jumping	0	0	706	-1	4
28.900	1	1050	1435	175	5	5.31	-2.06	-3.09	fall	jumping	0	0	707	-1	6
28.929	1	1049	1441	175	5	5.31	-2.06	-3.09	fall	jumping	0	0	708	-1	6
28.960	1	1048	1448	175	5	5.31	-2.06	-3.09	fall	jumping	0	0	709	-1	7
28.996	1	1047	1457	175	5	5.31	-2.06	-3.09	fall	jumping	0	0	710	-1	9
29.025	1	1046	1464	175	5	5.31	-2.06	-3.09	fall	jumping	0	0	711	-1	7
29.065	1	1045	1475	175	5	5.31	-2.06	-3.09	fall	jumping	0	0	712	-1	11
29.096	1	1044	1483	175	5	5.31	-2.06	-3.09	fall	jumping	0	0	713	-1	8
29.119	1	1043	1490	175	5	5.31	-2.06	-3.09	fall	jumping	0	0	714	-1	7
29.155	1	1042	1501	175	5	5.31	-2.06	-3.09	fall	jumping	0	0	715	-1	11
29.187	1	1041	1513	175	5	5.31	-2.06	-3.09	fall	jumping	0	0	716	-1	12
29.212	1	1040	1520	175	5	5.31	-2.06	-3.09	idle	jumping	0	0	717	-1	7
29.245	1	1038	1516	175	5	5.31	-1.66	-3.33	walk_up	walking	0	0	718	-2	-4
29.274	1	1036	1513	175	5	5.31	-2.06	-3.09	walk_left	walking	0	0	719	-2	-3
29.305	1	1034	1510	175	5	5.31	-2.06	-3.09	walk_left	walking	0	0	720	-2	-3
29.337	1	1033	1507	175	5	5.31	-1.18	-3.53	walk_up	walking	0	0	721	-1	-3
29.372	1	1029	1502	175	5	5.31	-1.66	-3.33	walk_up	walking	0	0	722	-4	-5
29.397	1	1027	1499	175	5	5.31	-2.06	-3.09	walk_left	walking	0	0	723	-2	-3
29.428	1	1025	1496	175	5	5.31	-2.06	-3.09	walk_left	walking	0	0	724	-2	-3
29.459	1	1023	1493	175	5	5.31	-2.06	-3.09	walk_left	walking	0	0	725	-2	-3
29.495	1	1021	1490	175	5	5.31	-2.06	-3.09	walk_left	walking	0	0	726	-2	-3
29.529	1	1020	1486	175	5	5.31	-0.90	-3.61	walk_up	walking	0	0	727	-1	-4
29.555	1	1018	1483	175	5	5.31	-2.06	-3.09	walk_left	walking	0	0	728	-2	-3
29.584	1	1016	1480	175	5	5.31	-2.06	-3.09	walk_left	walking	0	0	729	-2	-3
29.615	1	1014	1477	175	5	5.31	-2.06	-3.09	walk_left	walking	0	0	730	-2	-3
29.649	1	1012	1473	175	5	5.31	-1.66	-3.33	walk_up	walking	0	0	731	-2	-4
29.682	1	1010	1470	175	5	5.31	-2.06	-3.09	walk_left	walking	0	0	732	-2	-3
29.718	1	1008	1467	175	5	5.31	-2.06	-3.09	walk_left	walking	0	0	733	-2	-3
29.766	1	1009	1465	175	5	5.31	-1.18	-3.53	walk_up	walking	0	0	734	1	-2
29.807	1	1007	1461	175	5	5.31	-1.66	-3.33	walk_up	walking	0	0	735	-2	-4
29.837	1	1005	1458	175	5	5.31	-2.06	-3.09	walk_left	walking	0	0	736	-2	-3
29.867	1	1003	1455	175	5	5.31	-2.06	-3.09	walk_left	walking	0	0	737	-2	-3
29.898	1	1001	1452	175	5	5.31	-2.06	-3.09	walk_left	walking	0	0	738	-2	-3
29.934	1	999	1449	175	5	5.31	-2.06	-3.09	walk_left	walking	0	0	739	-2	-3
29.958	1	998	1445	175	5	5.31	-0.90	-3.61	walk_up	walking	0	0	740	-1	-4
30.159	1	996	1442	175	5	5.31	-2.06	-3.09	walk_left	walking	0	0	741	-2	-3
30.176	1	994	1439	175	5	5.31	-2.06	-3.09	walk_left	walking	0	0	742	-2	-3
30.209	1	992	1436	175	5	5.31	-2.06	-3.09	walk_left	walking	0	0	743	-2	-3
30.241	1	990	1432	175	5	5.31	-1.66	-3.33	walk_up	walking	0	0	744	-2	-4
30.273	1	988	1429	175	5	5.31	-2.06	-3.09	walk_left	walking	0	0	745	-2	-3
30.305	1	986	1426	175	5	5.31	-2.06	-3.09	walk_left	walking	0	0	746	-2	-3
30.335	1	985	1423	175	5	5.31	-1.18	-3.53	walk_up	walking	0	0	747	-1	-3
30.366	1	983	1420	175	5	5.31	-2.06	-3.09	walk_left	walking	0	0	748	-2	-3
30.397	1	981	1416	175	5	5.31	-1.66	-3.33	walk_up	walking	0	0	749	-2	-4
30.428	1	979	1413	175	5	5.31	-2.06	-3.09	walk_left	walking	0	0	750	-2	-3
30.461	1	977	1410	175	5	5.31	-2.06	-3.09	walk_left	walking	0	0	751	-2	-3
30.491	1	975	1407	175	5	5.31	-2.06	-3.09	walk_left	walking	0	0	752	-2	-3
30.524	1	975	1407	175	5	5.31	-2.06	-3.09	fall	jumping	0	0	752	-2	-3
30.554	1	974	1407	175	5	5.31	-2.06	-3.09	fall	jumping	0	0	753	-1	0
30.587	1	973	1408	175	5	5.31	-2.06	-3.09	fall	jumping	0	0	754	-1	1
30.616	1	972	1409	175	5	5.31	-2.06	-3.09	fall	jumping	0	0	755	-1	1
30.647	1	971	1410	175	5	5.31	-2.06	-3.09	fall	jumping	0	0	756	-1	1
30.677	1	970	1412	175	5	5.31	-2.06	-3.09	fall	jumping	0	0	757	-1	2
30.709	1	969	1414	175	5	5.31	-2.06	-3.09	fall	jumping	0	0	758	-1	2
30.740	1	968	1417	175	5	5.31	-2.06	-3.09	fall	jumping	0	0	759	-1	3
30.775	1	967	1421	175	5	5.31	-2.06	-3.09	fall	jumping	0	0	760	-1	4
30.804	1	966	1425	175	5	5.31	-2.06	-3.09	fall	jumping	0	0	761	-1	4
30.835	1	965	1429	175	5	5.31	-2.06	-3.09	fall	jumping	0	0	762	-1	4
30.865	1	964	1434	175	5	5.31	-2.06	-3.09	fall	jumping	0	0	763	-1	5
30.897	1	963	1439	175	5	5.31	-2.06	-3.09	fall	jumping	0	0	764	-1	5
30.928	1	962	1445	175	5	5.31	-2.06	-3.09	fall	jumping	0	0	765	-1	6
30.963	1	961	1452	175	5	5.31	-2.06	-3.09	fall	jumping	0	0	766	-1	7
30.990	1	960	1458	175	5	5.31	-2.06	-3.09	fall	jumping	0	0	767	-1	6
31.023	1	959	1466	175	5	5.31	-2.06	-3.09	fall	jumping	0	0	768	-1	8
31.051	1	958	1474	175	5	5.31	-2.06	-3.09	fall	jumping	0	0	769	-1	8
31.084	1	957	1482	175	5	5.31	-2.06	-3.09	fall	jumping	0	0	770	-1	8
31.117	1	956	1491	175	5	5.31	-2.06	-3.09	fall	jumping	0	0	771	-1	9
31.145	1	955	1500	175	5	5.31	-2.06	-3.09	fall	jumping	0	0	772	-1	9
31.177	1	954	1509	175	5	5.31	-2.06	-3.09	fall	jumping	0	0	773	-1	9
31.208	1	953	1520	175	5	5.31	-2.06	-3.09	idle	jumping	0	0	774	-1	11
31.243	1	952	1516	175	5	5.31	-0.90	-3.61	walk_up	walking	0	0	775	-1	-4
31.276	1	950	1513	175	5	5.31	-2.06	-3.09	walk_left	walking	0	0	776	-2	-3
31.654	1	948	1510	175	5	5.31	-2.06	-3.09	walk_left	walking	0	0	777	-2	-3
31.675	1	947	1506	175	5	5.31	-0.90	-3.61	walk_up	walking	0	0	778	-1	-4
31.707	1	945	1503	175	5	5.31	-2.06	-3.09	walk_left	walking	0	0	779	-2	-3
31.740	1	943	1500	175	5	5.31	-2.06	-3.09	walk_left	walking	0	0	780	-2	-3
31.773	1	942	1496	175	5	5.31	-0.90	-3.61	walk_up	walking	0	0	781	-1	-4
31.800	1	940	1493	175	5	5.31	-2.06	-3.09	walk_left	walking	0	0	782	-2	-3
31.841	1	938	1490	175	5	5.31	-2.06	-3.09	walk_left	walking	0	0	783	-2	-3
31.874	1	936	1487	175	5	5.31	-2.06	-3.09	walk_left	walking	0	0	784	-2	-3
31.907	1	935	1483	175	5	5.31	-0.90	-3.61	walk_up	walking	0	0	785	-1	-4
31.927	1	933	1480	175	5	5.31	-2.06	-3.09	walk_left	walking	0	0	786	-2	-3
31.959	1	931	1477	175	5	5.31	-2.06	-3.09	walk_left	walking	0	0	787	-2	-3
31.993	1	930	1473	175	5	5.31	-0.90	-3.61	walk_up	walking	0	0	788	-1	-4
32.019	1	928	1470	175	5	5.31	-2.06	-3.09	walk_left	walking	0	0	789	-2	-3
32.058	1	926	1467	175	5	5.31	-2.06	-3.09	walk_left	walking	0	0	790	-2	-3
32.091	1	925	1463	175	5	5.31	-0.90	-3.61	walk_up	walking	0	0	791	-1	-4
32.127	1	923	1460	175	5	5.31	-2.06	-3.09	walk_left	walking	0	0	792	-2	-3
32.157	1	921	1457	175	5	5.31	-2.06	-3.09	walk_left	walking	0	0	793	-2	-3
32.177	1	919	1453	175	5	5.31	-1.66	-3.33	walk_up	walking	0	0	794	-2	-4
32.208	1	918	1450	175	5	5.31	-1.18	-3.53	walk_up	walking	0	0	795	-1	-3
32.237	1	916	1447	175	5	5.31	-2.06	-3.09	walk_left	walking	0	0	796	-2	-3
32.270	1	914	1444	175	5	5.31	-2.06	-3.09	walk_left	walking	0	0	797	-2	-3
32.298	1	913	1440	175	5	5.31	-0.90	-3.61	walk_up	walking	0	0	798	-1	-4
32.330	1	911	1437	175	5	5.31	-2.06	-3.09	walk_left	walking	0	0	799	-2	-3
32.362	1	909	1434	175	5	5.31	-2.06	-3.09	walk_left	walking	0	0	800	-2	-3
32.393	1	908	1430	175	5	5.31	-0.90	-3.61	walk_up	walking	0	0	801	-1	-4
32.424	1	906	1427	175	5	5.31	-2.06	-3.09	walk_left	walking	0	0	802	-2	-3
32.458	1	904	1424	175	5	5.31	-2.06	-3.09	walk_left	walking	0	0	803	-2	-3
32.489	1	902	1420	175	5	5.31	-1.66	-3.33	walk_up	walking	0	0	804	-2	-4
32.521	1	901	1420	175	5	5.31	-1.66	-3.33	jump_ball	jumping	0	0	805	-1	0
32.554	1	904	1413	175	5	5.31	-1.66	-3.33	jump_ball	jumping	0	0	806	3	-7
32.581	1	904	1413	175	5	5.31	-1.66	-3.33	fall	jumping	0	0	806	3	-7
32.614	1	903	1413	175	5	5.31	-1.66	-3.33	fall	jumping	0	0	807	-1	0
32.646	1	902	1414	175	5	5.31	-1.66	-3.33	fall	jumping	0	0	808	-1	1
32.674	1	901	1415	175	5	5.31	-1.66	-3.33	fall	jumping	0	0	809	-1	1
32.706	1	900	1417	175	5	5.31	-1.66	-3.33	fall	jumping	0	0	810	-1	2
32.737	1	899	1419	175	5	5.31	-1.66	-3.33	fall	jumping	0	0	811	-1	2
32.768	1	898	1421	175	5	5.31	-1.66	-3.33	fall	jumping	0	0	812	-1	2
32.799	1	897	1424	175	5	5.31	-1.66	-3.33	fall	jumping	0	0	813	-1	3
32.832	1	896	1428	175	5	5.31	-1.66	-3.33	fall	jumping	0	0	814	-1	4
32.862	1	895	1432	175	5	5.31	-1.66	-3.33	fall	jumping	0	0	815	-1	4
32.893	1	894	1437	175	5	5.31	-1.66	-3.33	fall	jumping	0	0	816	-1	5
32.926	1	893	1442	175	5	5.31	-1.66	-3.33	fall	jumping	0	0	817	-1	5
32.957	1	892	1447	175	5	5.31	-1.66	-3.33	fall	jumping	0	0	818	-1	5
33.124	1	891	1470	175	5	5.31	-1.66	-3.33	fall	jumping	0	0	819	-1	23
33.145	1	890	1474	175	5	5.31	-1.66	-3.33	fall	jumping	0	0	820	-1	4
33.173	1	889	1481	175	5	5.31	-1.66	-3.33	fall	jumping	0	0	821	-1	7
33.208	1	888	1490	175	5	5.31	-1.66	-3.33	fall	jumping	0	0	822	-1	9
33.241	1	887	1499	175	5	5.31	-1.66	-3.33	fall	jumping	0	0	823	-1	9
33.270	1	886	1508	175	5	5.31	-1.66	-3.33	fall	jumping	0	0	824	-1	9
33.303	1	885	1518	175	5	5.31	-1.66	-3.33	fall	jumping	0	0	825	-1	10
33.333	1	884	1520	175	5	5.31	-1.66	-3.33	idle	jumping	0	0	826	-1	2
33.363	1	883	1517	175	5	5.31	-1.18	-3.53	idle	walking	0	0	827	-1	-3
33.393	1	881	1514	175	5	5.31	-2.06	-3.09	walk_left	walking	0	0	828	-2	-3
33.423	1	880	1510	175	5	5.31	-0.90	-3.61	walk_up	walking	0	0	829	-1	-4
33.457	1	878	1507	175	5	5.31	-2.06	-3.09	walk_left	walking	0	0	830	-2	-3
33.488	1	877	1504	175	5	5.31	-1.18	-3.53	walk_up	walking	0	0	831	-1	-3
33.519	1	875	1500	175	5	5.31	-1.66	-3.33	walk_up	walking	0	0	832	-2	-4
33.550	1	873	1497	175	5	5.31	-2.06	-3.09	walk_left	walking	0	0	833	-2	-3
33.582	1	872	1493	175	5	5.31	-0.90	-3.61	walk_up	walking	0	0	834	-1	-4
33.612	1	870	1490	175	5	5.31	-2.06	-3.09	walk_left	walking	0	0	835	-2	-3
33.646	1	869	1487	175	5	5.31	-1.18	-3.53	walk_up	walking	0	0	836	-1	-3
33.678	1	865	1482	175	5	5.31	-1.66	-3.33	walk_up	walking	0	0	837	-4	-5
33.706	1	864	1479	175	5	5.31	-1.18	-3.53	walk_up	walking	0	0	838	-1	-3
33.738	1	862	1476	175	5	5.31	-2.06	-3.09	walk_left	walking	0	0	839	-2	-3
33.768	1	860	1472	175	5	5.31	-1.66	-3.33	walk_up	walking	0	0	840	-2	-4
33.799	1	859	1469	175	5	5.31	-1.18	-3.53	walk_up	walking	0	0	841	-1	-3
33.832	1	857	1465	175	5	5.31	-1.66	-3.33	walk_up	walking	0	0	842	-2	-4
33.864	1	856	1462	175	5	5.31	-1.18	-3.53	walk_up	walking	0	0	843	-1	-3
33.894	1	854	1459	175	5	5.31	-2.06	-3.09	walk_left	walking	0	0	844	-2	-3
33.923	1	852	1455	175	5	5.31	-1.66	-3.33	walk_up	walking	0	0	845	-2	-4
33.955	1	851	1452	175	5	5.31	-1.18	-3.53	walk_up	walking	0	0	846	-1	-3
33.986	1	849	1449	175	5	5.31	-2.06	-3.09	walk_left	walking	0	0	847	-2	-3
34.016	1	848	1445	175	5	5.31	-0.90	-3.61	walk_up	walking	0	0	848	-1	-4
34.058	1	846	1442	175	5	5.31	-2.06	-3.09	walk_left	walking	0	0	849	-2	-3
34.090	1	845	1439	175	5	5.31	-1.18	-3.53	walk_up	walking	0	0	850	-1	-3
34.125	1	843	1435	175	5	5.31	-1.66	-3.33	walk_up	walking	0	0	851	-2	-4
34.157	1	841	1432	175	5	5.31	-2.06	-3.09	walk_left	walking	0	0	852	-2	-3
34.173	1	840	1428	175	5	5.31	-0.90	-3.61	walk_up	walking	0	0	853	-1	-4
34.209	1	838	1425	175	5	5.31	-2.06	-3.09	walk_left	walking	0	0	854	-2	-3
34.244	1	839	1423	175	5	5.31	-1.18	-3.53	walk_up	walking	0	0	855	1	-2
34.274	1	837	1419	175	5	5.31	-1.66	-3.33	walk_up	walking	0	0	856	-2	-4
34.307	1	836	1416	175	5	5.31	-1.18	-3.53	walk_up	walking	0	0	857	-1	-3
34.341	1	834	1413	175	5	5.31	-2.06	-3.09	walk_left	walking	0	0	858	-2	-3
34.374	1	832	1409	175	5	5.31	-1.66	-3.33	walk_up	walking	0	0	859	-2	-4
34.391	1	831	1406	175	5	5.31	-1.18	-3.53	walk_up	walking	0	0	860	-1	-3
34.426	1	827	1401	175	5	5.31	-1.66	-3.33	walk_up	walking	0	0	861	-4	-5
34.457	1	826	1398	175	5	5.31	-1.18	-3.53	walk_up	walking	0	0	862	-1	-3
34.486	1	824	1395	175	5	5.31	-2.06	-3.09	walk_left	walking	0	0	863	-2	-3
34.526	1	824	1396	175	5	5.31	-2.06	-3.09	jump_ball	jumping	0	0	864	0	1
34.557	1	821	1387	175	5	5.31	-2.06	-3.09	jump_ball	jumping	0	0	865	-3	-9
34.591	1	818	1380	175	5	5.31	-2.06	-3.09	jump_ball	jumping	0	0	866	-3	-7
34.626	1	815	1372	175	5	5.31	-2.06	-3.09	jump_ball	jumping	0	0	867	-3	-8
34.656	1	812	1367	175	5	5.31	-2.06	-3.09	jump_ball	jumping	0	0	868	-3	-5
34.674	1	810	1363	175	5	5.31	-2.06	-3.09	jump_ball	jumping	0	0	869	-2	-4
34.704	1	808	1358	175	5	5.31	-2.06	-3.09	jump_ball	jumping	0	0	870	-2	-5
34.736	1	805	1353	175	5	5.31	-2.06	-3.09	jump_ball	jumping	0	0	871	-3	-5
34.767	1	802	1349	175	5	5.31	-2.06	-3.09	jump_ball	jumping	0	0	872	-3	-4
34.800	1	799	1345	175	5	5.31	-2.06	-3.09	jump_ball	jumping	0	0	873	-3	-4
34.831	1	796	1342	175	5	5.31	-2.06	-3.09	jump_ball	jumping	0	0	874	-3	-3
34.864	1	793	1339	175	5	5.31	-2.06	-3.09	jump_ball	jumping	0	0	875	-3	-3
34.895	1	791	1336	175	5	5.31	-2.06	-3.09	jump_ball	jumping	0	0	876	-2	-3
34.925	1	788	1335	175	5	5.31	-2.06	-3.09	jump_ball	jumping	0	0	877	-3	-1
34.958	1	785	1333	175	5	5.31	-2.06	-3.09	jump_ball	jumping	0	0	878	-3	-2
34.991	1	782	1332	175	5	5.31	-2.06	-3.09	jump_ball	jumping	0	0	879	-3	-1
35.021	1	779	1332	175	5	5.31	-2.06	-3.09	jump_ball	jumping	0	0	880	-3	0
35.052	1	776	1332	175	5	5.31	-2.06	-3.09	jump_ball	jumping	0	0	881	-3	0
35.084	1	774	1333	175	5	5.31	-2.06	-3.09	jump_ball	jumping	0	0	882	-2	1
35.115	1	771	1334	175	5	5.31	-2.06	-3.09	jump_ball	jumping	0	0	883	-3	1
35.146	1	768	1336	175	5	5.31	-2.06	-3.09	jump_ball	jumping	0	0	884	-3	2
35.175	1	765	1337	175	5	5.31	-2.06	-3.09	jump_ball	jumping	0	0	885	-3	1
35.208	1	762	1340	175	5	5.31	-2.06	-3.09	jump_ball	jumping	0	0	886	-3	3
35.240	1	759	1343	175	5	5.31	-2.06	-3.09	jump_ball	jumping	0	0	887	-3	3
35.271	1	757	1347	175	5	5.31	-2.06	-3.09	jump_ball	jumping	0	0	888	-2	4
35.303	1	754	1351	175	5	5.31	-2.06	-3.09	jump_ball	jumping	0	0	889	-3	4
35.334	1	751	1355	175	5	5.31	-2.06	-3.09	jump_ball	jumping	0	0	890	-3	4
35.366	1	748	1361	175	5	5.31	-2.06	-3.09	jump_ball	jumping	0	0	891	-3	6
35.392	1	746	1365	175	5	5.31	-2.06	-3.09	jump_ball	jumping	0	0	892	-2	4
35.424	1	743	1371	175	5	5.31	-2.06	-3.09	jump_ball	jumping	0	0	893	-3	6
35.457	1	740	1378	175	5	5.31	-2.06	-3.09	jump_ball	jumping	0	0	894	-3	7
35.489	1	737	1385	175	5	5.31	-2.06	-3.09	jump_ball	jumping	0	0	895	-3	7
35.521	1	734	1393	175	5	5.31	-2.06	-3.09	jump_ball	jumping	0	0	896	-3	8
35.552	1	734	1395	175	5	5.31	-2.06	-3.09	land	jumping	0	0	898	0	0
35.582	1	733	1391	175	5	5.31	-0.90	-3.61	walk_up	walking	0	0	899	-1	-4
35.616	1	731	1388	175	5	5.31	-2.06	-3.09	walk_left	walking	0	0	900	-2	-3
35.646	1	730	1384	175	5	5.31	-0.90	-3.61	walk_up	walking	0	0	901	-1	-4
35.674	1	729	1381	175	5	5.31	-1.18	-3.53	walk_up	walking	0	0	902	-1	-3
35.708	1	727	1377	175	5	5.31	-1.66	-3.33	walk_up	walking	0	0	903	-2	-4
35.743	1	725	1353	175	5	5.31	-1.18	-3.53	walk_up	walking	0	0	904	-2	-24
35.771	1	723	1350	175	5	5.31	-2.06	-3.09	walk_left	walking	0	0	905	-2	-3
35.804	1	722	1346	175	5	5.31	-0.90	-3.61	walk_up	walking	0	0	906	-1	-4
35.836	1	721	1343	175	5	5.31	-1.18	-3.53	walk_up	walking	0	0	907	-1	-3
35.866	1	719	1339	175	5	5.31	-1.66	-3.33	walk_up	walking	0	0	908	-2	-4
35.897	1	718	1336	175	5	5.31	-1.18	-3.53	walk_up	walking	0	0	909	-1	-3
35.925	1	716	1332	175	5	5.31	-1.66	-3.33	walk_up	walking	0	0	910	-2	-4
35.958	1	715	1329	175	5	5.31	-1.18	-3.53	walk_up	walking	0	0	911	-1	-3
36.187	1	714	1325	175	5	5.31	-0.90	-3.61	walk_up	walking	0	0	912	-1	-4
36.208	1	712	1322	175	5	5.31	-2.06	-3.09	walk_left	walking	0	0	913	-2	-3
36.241	1	711	1319	175	5	5.31	-1.18	-3.53	walk_up	walking	0	0	914	-1	-3
36.276	1	709	1315	175	5	5.31	-1.66	-3.33	walk_up	walking	0	0	915	-2	-4
36.306	1	708	1312	175	5	5.31	-1.18	-3.53	walk_up	walking	0	0	916	-1	-3
36.340	1	707	1308	175	5	5.31	-0.90	-3.61	walk_up	walking	0	0	917	-1	-4
36.370	1	705	1305	175	5	5.31	-2.06	-3.09	walk_left	walking	0	0	918	-2	-3
36.395	1	706	1302	175	5	5.31	-0.90	-3.61	walk_up	walking	0	0	919	1	-3
36.424	1	704	1299	175	5	5.31	-2.06	-3.09	walk_left	walking	0	0	920	-2	-3
36.457	1	703	1295	175	5	5.31	-0.90	-3.61	walk_up	walking	0	0	921	-1	-4
36.491	1	702	1292	175	5	5.31	-1.18	-3.53	walk_up	walking	0	0	922	-1	-3
36.524	1	700	1289	175	5	5.31	-2.06	-3.09	walk_left	walking	0	0	923	-2	-3
36.557	1	699	1285	175	5	5.31	-0.90	-3.61	walk_up	walking	0	0	924	-1	-4
36.590	1	695	1281	175	5	5.31	-2.06	-3.09	walk_left	walking	0	0	925	-4	-4
36.612	1	694	1277	175	5	5.31	-0.90	-3.61	walk_up	walking	0	0	926	-1	-4
36.651	1	692	1274	175	5	5.31	-2.06	-3.09	walk_left	walking	0	0	927	-2	-3
36.673	1	691	1270	175	5	5.31	-0.90	-3.61	walk_up	walking	0	0	928	-1	-4
36.707	1	690	1267	175	5	5.31	-1.18	-3.53	walk_up	walking	0	0	929	-1	-3
36.742	1	688	1264	175	5	5.31	-2.06	-3.09	walk_left	walking	0	0	930	-2	-3
36.775	1	689	1261	175	5	5.31	-0.90	-3.61	walk_up	walking	0	0	931	1	-3
36.807	1	687	1258	175	5	5.31	-2.06	-3.09	walk_left	walking	0	0	932	-2	-3
36.830	1	686	1254	175	5	5.31	-0.90	-3.61	walk_up	walking	0	0	933	-1	-4
36.871	1	685	1251	175	5	5.31	-1.18	-3.53	walk_up	walking	0	0	934	-1	-3
36.903	1	683	1247	175	5	5.31	-1.66	-3.33	walk_up	walking	0	0	935	-2	-4
36.924	1	682	1244	175	5	5.31	-1.18	-3.53	walk_up	walking	0	0	936	-1	-3
36.960	1	678	1239	175	5	5.31	-1.66	-3.33	walk_up	walking	0	0	937	-4	-5
36.990	1	677	1236	175	5	5.31	-1.18	-3.53	walk_up	walking	0	0	938	-1	-3
37.024	1	676	1233	175	5	5.31	-1.18	-3.53	walk_up	walking	0	0	939	-1	-3
37.049	1	674	1229	175	5	5.31	-1.66	-3.33	walk_up	walking	0	0	940	-2	-4
37.090	1	673	1226	175	5	5.31	-1.18	-3.53	walk_up	walking	0	0	941	-1	-3
37.124	1	671	1222	175	5	5.31	-1.66	-3.33	walk_up	walking	0	0	942	-2	-4
37.155	1	670	1219	175	5	5.31	-1.18	-3.53	walk_up	walking	0	0	943	-1	-3
37.174	1	669	1215	175	5	5.31	-0.90	-3.61	walk_up	walking	0	0	944	-1	-4
37.206	1	667	1212	175	5	5.31	-2.06	-3.09	walk_left	walking	0	0	945	-2	-3
37.240	1	666	1208	175	5	5.31	-0.90	-3.61	walk_up	walking	0	0	946	-1	-4
37.276	1	664	1205	175	5	5.31	-2.06	-3.09	walk_left	walking	0	0	947	-2	-3
37.307	1	663	1202	175	5	5.31	-1.18	-3.53	walk_up	walking	0	0	948	-1	-3
37.341	1	662	1198	175	5	5.31	-0.90	-3.61	walk_up	walking	0	0	949	-1	-4
37.374	1	660	1195	175	5	5.31	-2.06	-3.09	walk_left	walking	0	0	950	-2	-3
37.406	1	659	1191	175	5	5.31	-0.90	-3.61	walk_up	walking	0	0	951	-1	-4
37.425	1	657	1188	175	5	5.31	-2.06	-3.09	walk_left	walking	0	0	952	-2	-3
37.458	1	656	1184	175	5	5.31	-0.90	-3.61	walk_up	walking	0	0	953	-1	-4
37.492	1	655	1181	175	5	5.31	-1.18	-3.53	walk_up	walking	0	0	954	-1	-3
37.526	1	653	1177	175	5	5.31	-1.66	-3.33	walk_up	walking	0	0	955	-2	-4
37.558	1	652	1174	175	5	5.31	-1.18	-3.53	walk_up	walking	0	0	956	-1	-3
37.591	1	650	1171	175	5	5.31	-2.06	-3.09	walk_left	walking	0	0	957	-2	-3
37.624	1	649	1167	175	5	5.31	-0.90	-3.61	walk_up	walking	0	0	958	-1	-4
37.655	1	648	1164	175	5	5.31	-1.18	-3.53	walk_up	walking	0	0	959	-1	-3
37.675	1	646	1160	175	5	5.31	-1.66	-3.33	walk_up	walking	0	0	960	-2	-4
37.709	1	645	1157	175	5	5.31	-1.18	-3.53	walk_up	walking	0	0	961	-1	-3
37.741	1	643	1153	175	5	5.31	-1.66	-3.33	walk_up	walking	0	0	962	-2	-4
37.773	1	642	1150	175	5	5.31	-1.18	-3.53	walk_up	walking	0	0	963	-1	-3
37.807	1	640	1146	175	5	5.31	-1.66	-3.33	walk_up	walking	0	0	964	-2	-4
37.842	1	639	1143	175	5	5.31	-1.18	-3.53	walk_up	walking	0	0	965	-1	-3
37.874	1	638	1140	175	5	5.31	-1.18	-3.53	walk_up	walking	0	0	966	-1	-3
37.904	1	636	1136	175	5	5.31	-1.66	-3.33	walk_up	walking	0	0	967	-2	-4
37.924	1	635	1133	175	5	5.31	-1.18	-3.53	walk_up	walking	0	0	968	-1	-3
37.958	1	633	1129	175	5	5.31	-1.66	-3.33	walk_up	walking	0	0	969	-2	-4
37.991	1	632	1126	175	5	5.31	-1.18	-3.53	walk_up	walking	0	0	970	-1	-3
38.023	1	631	1122	175	5	5.31	-0.90	-3.61	walk_up	walking	0	0	971	-1	-4
38.057	1	629	1119	175	5	5.31	-2.06	-3.09	walk_left	walking	0	0	972	-2	-3
38.093	1	630	1116	175	5	5.31	-0.90	-3.61	walk_up	walking	0	0	973	1	-3
38.123	1	628	1113	175	5	5.31	-2.06	-3.09	walk_left	walking	0	0	974	-2	-3
38.157	1	627	1110	175	5	5.31	-1.18	-3.53	walk_up	walking	0	0	975	-1	-3
38.173	1	626	1106	175	5	5.31	-0.90	-3.61	walk_up	walking	0	0	976	-1	-4
38.207	1	624	1103	175	5	5.31	-2.06	-3.09	walk_left	walking	0	0	977	-2	-3
38.241	1	623	1099	175	5	5.31	-0.90	-3.61	walk_up	walking	0	0	978	-1	-4
38.276	1	619	1095	175	5	5.31	-2.06	-3.09	walk_left	walking	0	0	979	-4	-4
38.307	1	618	1091	175	5	5.31	-0.90	-3.61	walk_up	walking	0	0	980	-1	-4
38.341	1	617	1088	175	5	5.31	-1.18	-3.53	walk_up	walking	0	0	981	-1	-3
38.375	1	615	1084	175	5	5.31	-1.66	-3.33	walk_up	walking	0	0	982	-2	-4
38.405	1	614	1081	175	5	5.31	-1.18	-3.53	walk_up	walking	0	0	983	-1	-3
38.423	1	612	1078	175	5	5.31	-2.06	-3.09	walk_left	walking	0	0	984	-2	-3
38.459	1	613	1075	175	5	5.31	-0.90	-3.61	walk_up	walking	0	0	985	1	-3
38.491	1	612	1072	175	5	5.31	-1.18	-3.53	walk_up	walking	0	0	986	-1	-3
38.524	1	610	1068	175	5	5.31	-1.66	-3.33	walk_up	walking	0	0	987	-2	-4
38.559	1	609	1065	175	5	5.31	-1.18	-3.53	walk_up	walking	0	0	988	-1	-3
38.581	1	607	1061	175	5	5.31	-1.66	-3.33	walk_up	walking	0	0	989	-2	-4
38.624	1	606	1058	175	5	5.31	-1.18	-3.53	walk_up	walking	0	0	990	-1	-3
38.660	1	603	1053	175	5	5.31	-0.90	-3.61	walk_up	walking	0	0	991	-3	-5
38.674	1	601	1050	175	5	5.31	-2.06	-3.09	walk_left	walking	0	0	992	-2	-3
38.708	1	600	1047	175	5	5.31	-1.18	-3.53	walk_up	walking	0	0	993	-1	-3
38.740	1	598	1043	175	5	5.31	-1.66	-3.33	walk_up	walking	0	0	994	-2	-4
38.774	1	597	1040	175	5	5.31	-1.18	-3.53	walk_up	walking	0	0	995	-1	-3
38.799	1	596	1036	175	5	5.31	-0.90	-3.61	walk_up	walking	0	0	996	-1	-4
38.832	1	594	1033	175	5	5.31	-2.06	-3.09	walk_left	walking	0	0	997	-2	-3
38.862	1	593	1029	175	5	5.31	-0.90	-3.61	walk_up	walking	0	0	998	-1	-4
38.892	1	591	1026	175	5	5.31	-2.06	-3.09	walk_left	walking	0	0	999	-2	-3
38.925	1	590	1022	175	5	5.31	-0.90	-3.61	walk_up	walking	0	0	1000	-1	-4
38.954	1	588	1019	175	5	5.31	-2.06	-3.09	walk_left	walking	0	0	1001	-2	-3
39.123	1	587	1016	175	5	5.31	-1.18	-3.53	walk_up	walking	0	0	1002	-1	-3
39.144	1	586	1012	175	5	5.31	-0.90	-3.61	walk_up	walking	0	0	1003	-1	-4
39.175	1	584	1009	175	5	5.31	-2.06	-3.09	walk_left	walking	0	0	1004	-2	-3
39.207	1	583	1005	175	5	5.31	-0.90	-3.61	walk_up	walking	0	0	1005	-1	-4
39.241	1	581	1002	175	5	5.31	-2.06	-3.09	walk_left	walking	0	0	1006	-2	-3
39.270	1	580	998	175	5	5.31	-0.90	-3.61	walk_up	walking	0	0	1007	-1	-4
39.303	1	579	995	175	5	5.31	-1.18	-3.53	walk_up	walking	0	0	1008	-1	-3
39.333	1	577	992	175	5	5.31	-2.06	-3.09	walk_left	walking	0	0	1009	-2	-3
39.365	1	576	988	175	5	5.31	-0.90	-3.61	walk_up	walking	0	0	1010	-1	-4
39.397	1	574	985	175	5	5.31	-2.06	-3.09	walk_left	walking	0	0	1011	-2	-3
39.424	1	573	981	175	5	5.31	-0.90	-3.61	walk_up	walking	0	0	1012	-1	-4
39.458	1	572	978	175	5	5.31	-1.18	-3.53	walk_up	walking	0	0	1013	-1	-3
39.493	1	570	974	175	5	5.31	-1.66	-3.33	walk_up	walking	0	0	1014	-2	-4
39.524	1	569	971	175	5	5.31	-1.18	-3.53	walk_up	walking	0	0	1015	-1	-3
39.555	1	567	967	175	5	5.31	-1.66	-3.33	walk_up	walking	0	0	1016	-2	-4
39.586	1	566	964	175	5	5.31	-1.18	-3.53	walk_up	walking	0	0	1017	-1	-3
39.617	1	565	961	175	5	5.31	-1.18	-3.53	walk_up	walking	0	0	1018	-1	-3
39.649	1	563	957	175	5	5.31	-1.66	-3.33	walk_up	walking	0	0	1019	-2	-4
39.677	1	562	954	175	5	5.31	-1.18	-3.53	walk_up	walking	0	0	1020	-1	-3
39.706	1	560	950	175	5	5.31	-1.66	-3.33	walk_up	walking	0	0	1021	-2	-4
39.742	1	559	947	175	5	5.31	-1.18	-3.53	walk_up	walking	0	0	1022	-1	-3
39.774	1	558	943	175	5	5.31	-0.90	-3.61	walk_up	walking	0	0	1023	-1	-4
39.807	1	556	940	175	5	5.31	-2.06	-3.09	walk_left	walking	0	0	1024	-2	-3
39.837	1	555	936	175	5	5.31	-0.90	-3.61	walk_up	walking	0	0	1025	-1	-4
39.870	1	553	933	175	5	5.31	-2.06	-3.09	walk_left	walking	0	0	1026	-2	-3
39.892	1	552	930	175	5	5.31	-1.18	-3.53	walk_up	walking	0	0	1027	-1	-3
39.924	1	551	926	175	5	5.31	-0.90	-3.61	walk_up	walking	0	0	1028	-1	-4
39.958	1	549	923	175	5	5.31	-2.06	-3.09	walk_left	walking	0	0	1029	-2	-3
39.992	1	548	919	175	5	5.31	-0.90	-3.61	walk_up	walking	0	0	1030	-1	-4
40.023	1	546	916	175	5	5.31	-2.06	-3.09	walk_left	walking	0	0	1031	-2	-3
40.057	1	547	913	175	5	5.31	-0.90	-3.61	walk_up	walking	0	0	1032	1	-3
40.086	1	546	910	175	5	5.31	-1.18	-3.53	walk_up	walking	0	0	1033	-1	-3
40.116	1	544	906	175	5	5.31	-1.66	-3.33	walk_up	walking	0	0	1034	-2	-4
40.148	1	543	903	175	5	5.31	-1.18	-3.53	walk_up	walking	0	0	1035	-1	-3
40.173	1	541	900	175	5	5.31	-2.06	-3.09	walk_left	walking	0	0	1036	-2	-3
40.209	1	540	896	175	5	5.31	-0.90	-3.61	walk_up	walking	0	0	1037	-1	-4
40.242	1	537	892	175	5	5.31	-1.18	-3.53	walk_up	walking	0	0	1038	-3	-4
40.272	1	535	888	175	5	5.31	-1.66	-3.33	walk_up	walking	0	0	1039	-2	-4
40.302	1	534	885	175	5	5.31	-1.18	-3.53	walk_up	walking	0	0	1040	-1	-3
40.333	1	532	881	175	5	5.31	-1.66	-3.33	walk_up	walking	0	0	1041	-2	-4
40.364	1	531	878	175	5	5.31	-1.18	-3.53	walk_up	walking	0	0	1042	-1	-3
40.395	1	529	874	175	5	5.31	-1.66	-3.33	walk_up	walking	0	0	1043	-2	-4
40.426	1	528	871	175	5	5.31	-1.18	-3.53	walk_up	walking	0	0	1044	-1	-3
40.458	1	527	868	175	5	5.31	-1.18	-3.53	walk_up	walking	0	0	1045	-1	-3
40.490	1	525	864	175	5	5.31	-1.66	-3.33	walk_up	walking	0	0	1046	-2	-4
40.521	1	524	861	175	5	5.31	-1.18	-3.53	walk_up	walking	0	0	1047	-1	-3
40.552	1	522	857	175	5	5.31	-1.66	-3.33	walk_up	walking	0	0	1048	-2	-4
40.586	1	521	854	175	5	5.31	-1.18	-3.53	walk_up	walking	0	0	1049	-1	-3
40.618	1	520	850	175	5	5.31	-0.90	-3.61	walk_up	walking	0	0	1050	-1	-4
40.642	1	518	847	175	5	5.31	-2.06	-3.09	walk_left	walking	0	0	1051	-2	-3
40.676	1	517	843	175	5	5.31	-0.90	-3.61	walk_up	walking	0	0	1052	-1	-4
40.710	1	515	840	175	5	5.31	-2.06	-3.09	walk_left	walking	0	0	1053	-2	-3
40.740	1	514	837	175	5	5.31	-1.18	-3.53	walk_up	walking	0	0	1054	-1	-3
40.771	1	513	833	175	5	5.31	-0.90	-3.61	walk_up	walking	0	0	1055	-1	-4
40.803	1	511	830	175	5	5.31	-2.06	-3.09	walk_left	walking	0	0	1056	-2	-3
40.833	1	510	826	175	5	5.31	-0.90	-3.61	walk_up	walking	0	0	1057	-1	-4
40.865	1	508	823	175	5	5.31	-2.06	-3.09	walk_left	walking	0	0	1058	-2	-3
40.897	1	507	819	175	5	5.31	-0.90	-3.61	walk_up	walking	0	0	1059	-1	-4
40.924	1	506	816	175	5	5.31	-1.18	-3.53	walk_up	walking	0	0	1060	-1	-3
40.957	1	504	812	175	5	5.31	-1.66	-3.33	walk_up	walking	0	0	1061	-2	-4
40.992	1	503	809	175	5	5.31	-1.18	-3.53	walk_up	walking	0	0	1062	-1	-3
41.022	1	501	806	175	5	5.31	-2.06	-3.09	walk_left	walking	0	0	1063	-2	-3
41.054	1	500	802	175	5	5.31	-0.90	-3.61	walk_up	walking	0	0	1064	-1	-4
41.085	1	499	799	175	5	5.31	-1.18	-3.53	walk_up	walking	0	0	1065	-1	-3
41.116	1	497	795	175	5	5.31	-1.66	-3.33	walk_up	walking	0	0	1066	-2	-4
41.147	1	496	792	175	5	5.31	-1.18	-3.53	walk_up	walking	0	0	1067	-1	-3
41.176	1	494	788	175	5	5.31	-1.66	-3.33	walk_up	walking	0	0	1068	-2	-4
41.209	1	493	785	175	5	5.31	-1.18	-3.53	walk_up	walking	0	0	1069	-1	-3
41.240	1	492	781	175	5	5.31	-0.90	-3.61	walk_up	walking	0	0	1070	-1	-4
41.272	1	490	778	175	5	5.31	-2.06	-3.09	walk_left	walking	0	0	1071	-2	-3
41.302	1	489	775	175	5	5.31	-1.18	-3.53	walk_up	walking	0	0	1072	-1	-3
41.333	1	487	771	175	5	5.31	-1.66	-3.33	walk_up	walking	0	0	1073	-2	-4
41.364	1	486	768	175	5	5.31	-1.18	-3.53	walk_up	walking	0	0	1074	-1	-3
41.394	1	485	764	175	5	5.31	-0.90	-3.61	walk_up	walking	0	0	1075	-1	-4
41.424	1	483	761	175	5	5.31	-2.06	-3.09	walk_left	walking	0	0	1076	-2	-3
41.458	1	482	757	175	5	5.31	-0.90	-3.61	walk_up	walking	0	0	1077	-1	-4
41.488	1	480	754	175	5	5.31	-2.06	-3.09	walk_left	walking	0	0	1078	-2	-3
41.519	1	479	750	175	5	5.31	-0.90	-3.61	walk_up	walking	0	0	1079	-1	-4
41.551	1	478	747	175	5	5.31	-1.18	-3.53	walk_up	walking	0	0	1080	-1	-3
41.581	1	476	744	175	5	5.31	-2.06	-3.09	walk_left	walking	0	0	1081	-2	-3
41.612	1	475	740	175	5	5.31	-0.90	-3.61	walk_up	walking	0	0	1082	-1	-4
41.646	1	473	737	175	5	5.31	-2.06	-3.09	walk_left	walking	0	0	1083	-2	-3
41.673	1	472	733	175	5	5.31	-0.90	-3.61	walk_up	walking	0	0	1084	-1	-4
41.707	1	471	730	175	5	5.31	-1.18	-3.53	walk_up	walking	0	0	1085	-1	-3
41.742	1	469	726	175	5	5.31	-1.66	-3.33	walk_up	walking	0	0	1086	-2	-4
41.771	1	468	723	175	5	5.31	-1.18	-3.53	walk_up	walking	0	0	1087	-1	-3
41.852	1	466	719	175	5	5.31	-1.66	-3.33	walk_up	walking	0	0	1088	-2	-4
41.863	1	465	716	175	5	5.31	-1.18	-3.53	walk_up	walking	0	0	1089	-1	-3
41.894	1	463	713	175	5	5.31	-2.06	-3.09	walk_left	walking	0	0	1090	-2	-3
41.925	1	464	710	175	5	5.31	-0.90	-3.61	walk_up	walking	0	0	1091	1	-3
41.957	1	463	707	175	5	5.31	-1.18	-3.53	walk_up	walking	0	0	1092	-1	-3
42.112	1	461	703	175	5	5.31	-1.66	-3.33	walk_up	walking	0	0	1093	-2	-4
42.145	1	458	699	175	5	5.31	-1.18	-3.53	walk_up	walking	0	0	1094	-3	-4
42.174	1	456	695	175	5	5.31	-1.66	-3.33	walk_up	walking	0	0	1095	-2	-4
42.206	1	455	692	175	5	5.31	-1.18	-3.53	walk_up	walking	0	0	1096	-1	-3
42.238	1	454	688	175	5	5.31	-0.90	-3.61	walk_up	walking	0	0	1097	-1	-4
42.268	1	452	685	175	5	5.31	-2.06	-3.09	walk_left	walking	0	0	1098	-2	-3
42.303	1	453	683	175	5	5.31	-1.18	-3.53	walk_up	walking	0	0	1099	1	-2
42.332	1	451	679	175	5	5.31	-1.66	-3.33	walk_up	walking	0	0	1100	-2	-4
42.365	1	450	676	175	5	5.31	-1.18	-3.53	walk_up	walking	0	0	1101	-1	-3
42.395	1	449	672	175	5	5.31	-0.90	-3.61	walk_up	walking	0	0	1102	-1	-4
42.425	1	447	669	175	5	5.31	-2.06	-3.09	walk_left	walking	0	0	1103	-2	-3
42.458	1	446	665	175	5	5.31	-0.90	-3.61	walk_up	walking	0	0	1104	-1	-4
42.491	1	442	661	175	5	5.31	-2.06	-3.09	walk_left	walking	0	0	1105	-4	-4
42.521	1	441	658	175	5	5.31	-1.18	-3.53	walk_up	walking	0	0	1106	-1	-3
42.551	1	440	654	175	5	5.31	-0.90	-3.61	walk_up	walking	0	0	1107	-1	-4
42.583	1	438	651	175	5	5.31	-2.06	-3.09	walk_left	walking	0	0	1108	-2	-3
42.616	1	437	647	175	5	5.31	-0.90	-3.61	walk_up	walking	0	0	1109	-1	-4
42.643	1	435	644	175	5	5.31	-2.06	-3.09	walk_left	walking	0	0	1110	-2	-3
42.675	1	436	641	175	5	5.31	-0.90	-3.61	walk_up	walking	0	0	1111	1	-3
42.706	1	435	638	175	5	5.31	-1.18	-3.53	walk_up	walking	0	0	1112	-1	-3
42.738	1	433	634	175	5	5.31	-1.66	-3.33	walk_up	walking	0	0	1113	-2	-4
42.769	1	432	631	175	5	5.31	-1.18	-3.53	walk_up	walking	0	0	1114	-1	-3
42.799	1	430	628	175	5	5.31	-2.06	-3.09	walk_left	walking	0	0	1115	-2	-3
42.830	1	429	624	175	5	5.31	-0.90	-3.61	walk_up	walking	0	0	1116	-1	-4
42.862	1	425	620	175	5	5.31	-2.06	-3.09	walk_left	walking	0	0	1117	-4	-4
42.892	1	424	616	175	5	5.31	-0.90	-3.61	walk_up	walking	0	0	1118	-1	-4
42.923	1	423	613	175	5	5.31	-1.18	-3.53	walk_up	walking	0	0	1119	-1	-3
42.957	1	421	609	175	5	5.31	-1.66	-3.33	walk_up	walking	0	0	1120	-2	-4
42.990	1	420	606	175	5	5.31	-1.18	-3.53	walk_up	walking	0	0	1121	-1	-3
43.023	1	418	602	175	5	5.31	-1.66	-3.33	walk_up	walking	0	0	1122	-2	-4
43.059	1	417	599	175	5	5.31	-1.18	-3.53	walk_up	walking	0	0	1123	-1	-3
43.078	1	416	596	175	5	5.31	-1.18	-3.53	walk_up	walking	0	0	1124	-1	-3
43.124	1	414	592	175	5	5.31	-1.66	-3.33	walk_up	walking	0	0	1125	-2	-4
43.157	1	413	589	175	5	5.31	-1.18	-3.53	walk_up	walking	0	0	1126	-1	-3
43.173	1	411	585	175	5	5.31	-1.66	-3.33	walk_up	walking	0	0	1127	-2	-4
43.207	1	410	582	175	5	5.31	-1.18	-3.53	walk_up	walking	0	0	1128	-1	-3
43.241	1	409	578	175	5	5.31	-0.90	-3.61	walk_up	walking	0	0	1129	-1	-4
43.273	1	407	575	175	5	5.31	-2.06	-3.09	walk_left	walking	0	0	1130	-2	-3
43.308	1	406	571	175	5	5.31	-0.90	-3.61	walk_up	walking	0	0	1131	-1	-4
43.342	1	404	568	175	5	5.31	-2.06	-3.09	walk_left	walking	0	0	1132	-2	-3
43.370	1	403	565	175	5	5.31	-1.18	-3.53	walk_up	walking	0	0	1133	-1	-3
43.393	1	402	561	175	5	5.31	-0.90	-3.61	walk_up	walking	0	0	1134	-1	-4
43.425	1	400	558	175	5	5.31	-2.06	-3.09	walk_left	walking	0	0	1135	-2	-3
43.458	1	399	554	175	5	5.31	-0.90	-3.61	walk_up	walking	0	0	1136	-1	-4
43.490	1	397	551	175	5	5.31	-2.06	-3.09	walk_left	walking	0	0	1137	-2	-3
43.525	1	396	547	175	5	5.31	-0.90	-3.61	walk_up	walking	0	0	1138	-1	-4
43.557	1	395	544	175	5	5.31	-1.18	-3.53	walk_up	walking	0	0	1139	-1	-3
43.588	1	393	540	175	5	5.31	-1.66	-3.33	walk_up	walking	0	0	1140	-2	-4
43.613	1	392	537	175	5	5.31	-1.18	-3.53	walk_up	walking	0	0	1141	-1	-3
43.651	1	390	534	175	5	5.31	-2.06	-3.09	walk_left	walking	0	0	1142	-2	-3
43.674	1	389	530	175	5	5.31	-0.90	-3.61	walk_up	walking	0	0	1143	-1	-4
43.708	1	388	527	175	5	5.31	-1.18	-3.53	walk_up	walking	0	0	1144	-1	-3
43.741	1	386	523	175	5	5.31	-1.66	-3.33	walk_up	walking	0	0	1145	-2	-4
43.776	1	385	520	175	5	5.31	-1.18	-3.53	walk_up	walking	0	0	1146	-1	-3
43.809	1	383	516	175	5	5.31	-1.66	-3.33	walk_up	walking	0	0	1147	-2	-4
43.829	1	382	513	175	5	5.31	-1.18	-3.53	walk_up	walking	0	0	1148	-1	-3
43.868	1	381	509	175	5	5.31	-0.90	-3.61	walk_up	walking	0	0	1149	-1	-4
43.899	1	379	506	175	5	5.31	-2.06	-3.09	walk_left	walking	0	0	1150	-2	-3
43.923	1	378	503	175	5	5.31	-1.18	-3.53	walk_up	walking	0	0	1151	-1	-3
43.958	1	376	499	175	5	5.31	-1.66	-3.33	walk_up	walking	0	0	1152	-2	-4
43.991	1	375	496	175	5	5.31	-1.18	-3.53	walk_up	walking	0	0	1153	-1	-3
44.022	1	374	492	175	5	5.31	-0.90	-3.61	walk_up	walking	0	0	1154	-1	-4
44.053	1	372	489	175	5	5.31	-2.06	-3.09	walk_left	walking	0	0	1155	-2	-3
44.084	1	371	485	175	5	5.31	-0.90	-3.61	walk_up	walking	0	0	1156	-1	-4
44.115	1	369	482	175	5	5.31	-2.06	-3.09	walk_left	walking	0	0	1157	-2	-3
44.147	1	368	478	175	5	5.31	-0.90	-3.61	walk_up	walking	0	0	1158	-1	-4
44.176	1	367	475	175	5	5.31	-1.18	-3.53	walk_up	walking	0	0	1159	-1	-3
44.207	1	365	472	175	5	5.31	-2.06	-3.09	walk_left	walking	0	0	1160	-2	-3
44.239	1	364	468	175	5	5.31	-0.90	-3.61	walk_up	walking	0	0	1161	-1	-4
44.271	1	362	465	175	5	5.31	-2.06	-3.09	walk_left	walking	0	0	1162	-2	-3
44.301	1	361	461	175	5	5.31	-0.90	-3.61	walk_up	walking	0	0	1163	-1	-4
44.333	1	360	458	175	5	5.31	-1.18	-3.53	walk_up	walking	0	0	1164	-1	-3
44.365	1	358	454	175	5	5.31	-1.66	-3.33	walk_up	walking	0	0	1165	-2	-4
44.394	1	357	451	175	5	5.31	-1.18	-3.53	walk_up	walking	0	0	1166	-1	-3
44.424	1	355	447	175	5	5.31	-1.66	-3.33	walk_up	walking	0	0	1167	-2	-4
44.458	1	354	444	175	5	5.31	-1.18	-3.53	walk_up	walking	0	0	1168	-1	-3
44.519	1	353	441	175	5	5.31	-1.18	-3.53	walk_up	walking	0	0	1169	-1	-3
44.550	1	351	437	175	5	5.31	-1.66	-3.33	walk_up	walking	0	0	1170	-2	-4
44.580	1	350	434	175	5	5.31	-1.18	-3.53	walk_up	walking	0	0	1171	-1	-3
44.612	1	348	430	175	5	5.31	-1.66	-3.33	walk_up	walking	0	0	1172	-2	-4
44.645	1	347	427	175	5	5.31	-1.18	-3.53	walk_up	walking	0	0	1173	-1	-3
44.674	1	345	423	175	5	5.31	-1.66	-3.33	walk_up	walking	0	0	1174	-2	-4
44.706	1	344	420	175	5	5.31	-1.18	-3.53	walk_up	walking	0	0	1175	-1	-3
44.737	1	343	416	175	5	5.31	-0.90	-3.61	walk_up	walking	0	0	1176	-1	-4
44.768	1	341	413	175	5	5.31	-2.06	-3.09	walk_left	walking	0	0	1177	-2	-3
44.799	1	340	410	175	5	5.31	-1.18	-3.53	walk_up	walking	0	0	1178	-1	-3
44.829	1	338	406	175	5	5.31	-1.66	-3.33	walk_up	walking	0	0	1179	-2	-4
44.873	1	337	403	175	5	5.31	-1.18	-3.53	walk_up	walking	0	0	1180	-1	-3
44.907	1	336	399	175	5	5.31	-0.90	-3.61	walk_up	walking	0	0	1181	-1	-4
44.924	1	334	396	175	5	5.31	-2.06	-3.09	walk_left	walking	0	0	1182	-2	-3
44.954	1	333	392	175	5	5.31	-0.90	-3.61	walk_up	walking	0	0	1183	-1	-4
45.206	1	332	389	232	8	5.31	-1.18	-3.53	walk_up	walking	0	0	1184	-1	-3
45.242	1	331	385	232	8	5.31	-0.90	-3.61	walk_up	walking	0	0	1185	-1	-4
45.267	1	330	382	232	8	5.31	-1.18	-3.53	walk_up	walking	0	0	1186	-1	-3
45.314	1	329	378	232	8	5.31	-0.90	-3.61	walk_up	walking	0	0	1187	-1	-4
45.341	1	328	374	232	8	5.31	-0.90	-3.61	walk_up	walking	0	0	1188	-1	-4
45.375	1	327	371	232	8	5.31	-1.18	-3.53	walk_up	walking	0	0	1189	-1	-3
45.399	1	326	367	232	8	5.31	-0.90	-3.61	walk_up	walking	0	0	1190	-1	-4
45.423	1	325	364	232	8	5.31	-1.18	-3.53	walk_up	walking	0	0	1191	-1	-3
45.459	1	324	360	232	8	5.31	-0.90	-3.61	walk_up	walking	0	0	1192	-1	-4
45.492	1	323	356	232	8	5.31	-0.90	-3.61	walk_up	walking	0	0	1193	-1	-4
45.518	1	322	353	232	8	5.31	-1.18	-3.53	walk_up	walking	0	0	1194	-1	-3
45.558	1	322	349	232	8	5.31	0.00	-3.72	walk_up	walking	0	0	1195	0	-4
45.598	1	321	346	232	8	5.31	-1.18	-3.53	walk_up	walking	0	0	1196	-1	-3
45.624	1	320	342	232	8	5.31	-0.90	-3.61	walk_up	walking	0	0	1197	-1	-4
45.642	1	319	338	232	8	5.31	-0.90	-3.61	walk_up	walking	0	0	1198	-1	-4
45.680	1	318	335	232	8	5.31	-1.18	-3.53	walk_up	walking	0	0	1199	-1	-3
45.707	1	317	331	232	8	5.31	-0.90	-3.61	walk_up	walking	0	0	1200	-1	-4
45.741	1	316	328	232	8	5.31	-1.18	-3.53	walk_up	walking	0	0	1201	-1	-3
45.780	1	315	323	232	8	5.31	-0.94	-4.69	walk_up	walking	0	0	1202	-1	-5
45.809	1	313	318	232	8	5.31	-1.97	-4.93	walk_up	walking	0	0	1203	-2	-5
45.841	1	312	313	232	8	5.31	-1.09	-5.47	walk_up	walking	0	0	1204	-1	-5
45.879	1	311	308	232	8	5.31	-1.12	-5.60	walk_up	walking	0	0	1205	-1	-5
45.903	1	309	302	232	8	5.31	-1.83	-5.48	walk_up	walking	0	0	1206	-2	-6
45.925	1	308	297	232	8	5.31	-1.14	-5.70	walk_up	walking	0	0	1207	-1	-5
45.957	1	307	292	232	8	5.31	-1.14	-5.71	walk_up	walking	0	0	1208	-1	-5
45.991	1	305	287	232	8	5.31	-2.17	-5.42	walk_up	walking	0	0	1209	-2	-5
46.024	1	304	282	232	8	5.31	-1.15	-5.73	walk_up	walking	0	0	1210	-1	-5
46.058	1	303	277	232	8	5.31	-1.15	-5.73	walk_up	walking	0	0	1211	-1	-5
46.090	1	301	272	232	8	5.31	-2.17	-5.42	walk_up	walking	0	0	1212	-2	-5
46.122	1	300	266	232	8	5.31	-0.96	-5.76	walk_up	walking	0	0	1213	-1	-6
46.144	1	298	261	232	8	5.31	-2.17	-5.43	walk_up	walking	0	0	1214	-2	-5
46.174	1	297	256	232	8	5.31	-1.15	-5.73	walk_up	walking	0	0	1215	-1	-5
46.206	1	296	251	232	8	5.31	-1.15	-5.73	walk_up	walking	0	0	1216	-1	-5
46.240	1	294	246	232	8	5.31	-2.17	-5.43	walk_up	walking	0	0	1217	-2	-5
46.274	1	293	241	232	8	5.31	-1.15	-5.73	walk_up	walking	0	0	1218	-1	-5
46.309	1	292	236	232	8	5.31	-1.15	-5.73	walk_up	walking	0	0	1219	-1	-5
46.341	1	290	230	232	8	5.31	-1.85	-5.54	walk_up	walking	0	0	1220	-2	-6
46.361	1	289	225	232	8	5.31	-1.15	-5.73	walk_up	walking	0	0	1221	-1	-5
46.402	1	288	220	232	8	5.31	-1.15	-5.73	walk_up	walking	0	0	1222	-1	-5
46.424	1	286	215	232	8	5.31	-2.17	-5.43	walk_up	walking	0	0	1223	-2	-5
46.458	1	285	210	232	8	5.31	-1.15	-5.73	walk_up	walking	0	0	1224	-1	-5
46.491	1	284	205	232	8	5.31	-1.15	-5.73	walk_up	walking	0	0	1225	-1	-5
46.526	1	282	200	232	8	5.31	-2.17	-5.43	walk_up	walking	0	0	1226	-2	-5
46.556	1	281	195	232	8	5.31	-1.15	-5.73	walk_up	walking	0	0	1227	-1	-5
46.580	1	280	189	232	8	5.31	-0.96	-5.76	walk_up	walking	0	0	1228	-1	-6
46.616	1	278	184	232	8	5.31	-2.17	-5.43	walk_up	walking	0	0	1229	-2	-5
46.649	1	277	179	232	8	5.31	-1.15	-5.73	walk_up	walking	0	0	1230	-1	-5
46.674	1	276	174	232	8	5.31	-1.15	-5.73	walk_up	walking	0	0	1231	-1	-5
46.709	1	274	169	232	8	5.31	-2.17	-5.43	walk_up	walking	0	0	1232	-2	-5
46.739	1	273	164	232	8	5.31	-1.15	-5.73	walk_up	walking	0	0	1233	-1	-5
46.771	1	271	159	232	8	5.31	-2.17	-5.43	walk_up	walking	0	0	1234	-2	-5
46.803	1	270	153	232	8	5.31	-0.96	-5.76	walk_up	walking	0	0	1235	-1	-6
46.833	1	269	148	232	8	5.31	-1.15	-5.73	walk_up	walking	0	0	1236	-1	-5
46.866	1	267	143	232	8	5.31	-2.17	-5.43	walk_up	walking	0	0	1237	-2	-5
46.897	1	266	138	232	8	5.31	-1.15	-5.73	walk_up	walking	0	0	1238	-1	-5
46.925	1	265	133	232	8	5.31	-1.15	-5.73	walk_up	walking	0	0	1239	-1	-5
46.957	1	263	128	232	8	5.31	-2.17	-5.43	walk_up	walking	0	0	1240	-2	-5
46.989	1	262	123	232	8	5.31	-1.15	-5.73	walk_up	walking	0	0	1241	-1	-5
47.020	1	261	117	232	8	5.31	-0.96	-5.76	walk_up	walking	0	0	1242	-1	-6
47.051	1	259	112	232	8	5.31	-2.17	-5.43	walk_up	walking	0	0	1243	-2	-5
47.083	1	258	107	232	8	5.31	-1.15	-5.73	walk_up	walking	0	0	1244	-1	-5
47.114	1	257	102	232	8	5.31	-1.15	-5.73	walk_up	walking	0	0	1245	-1	-5
47.145	1	255	97	232	8	5.31	-1.95	-4.88	walk_up	walking	0	0	1246	-2	-5
47.175	1	254	92	232	8	5.31	-0.97	-4.87	walk_up	walking	0	0	1247	-1	-5
47.207	1	253	87	232	8	5.31	-0.95	-4.73	walk_up	walking	0	0	1248	-1	-5
47.237	1	252	83	232	8	5.31	-1.15	-4.61	walk_up	walking	0	0	1249	-1	-4
47.270	1	250	78	232	8	5.31	-1.75	-4.37	walk_up	walking	0	0	1250	-2	-5
47.300	1	249	74	232	8	5.31	-1.14	-4.55	walk_up	walking	0	0	1251	-1	-4
47.332	1	248	69	232	8	5.31	-0.92	-4.59	walk_up	walking	0	0	1252	-1	-5
47.361	1	247	65	232	8	5.31	-1.13	-4.54	walk_up	walking	0	0	1253	-1	-4
47.392	1	246	60	232	8	5.31	-0.92	-4.59	walk_up	walking	0	0	1254	-1	-5
47.423	1	245	56	232	8	5.31	-1.13	-4.54	walk_up	walking	0	0	1255	-1	-4
47.459	1	243	51	232	8	5.31	-1.95	-4.87	walk_up	walking	0	0	1256	-2	-5
47.490	1	242	46	232	8	5.31	-1.02	-5.11	walk_up	walking	0	0	1257	-1	-5
47.517	1	241	41	232	8	5.31	-0.96	-4.81	walk_up	walking	0	0	1258	-1	-5
47.558	1	239	37	232	8	5.31	-1.99	-3.98	walk_up	walking	0	0	1259	-2	-4
47.593	0	239	33	232	8	5.31	0.00	0.00	look_up	walking	1	0	1260	0	-4
47.626	0	239	33	232	8	5.31	0.00	0.00	look_up	performing	1	0	1260	0	-4
47.658	0	240	34	232	8	5.31	0.00	0.00	look_up	performing	1	0	1260	0	-4
47.674	0	240	34	232	8	5.31	0.00	0.00	look_up	performing	1	0	1260	0	-4
47.708	0	240	34	232	8	5.31	0.00	0.00	look_up	performing	1	0	1260	0	-4
47.740	0	240	34	232	8	5.31	0.00	0.00	look_up	performing	1	0	1260	0	-4
47.773	0	240	34	232	8	5.31	0.00	0.00	look_up	performing	1	0	1260	0	-4
47.807	0	240	34	232	8	5.31	0.00	0.00	look_up	performing	1	0	1260	0	-4
47.842	0	240	34	232	8	5.31	0.00	0.00	look_up	performing	1	0	1260	0	-4
47.870	0	240	34	232	8	5.31	0.00	0.00	look_up	performing	1	0	1260	0	-4
47.891	0	240	34	232	8	5.31	0.00	0.00	look_up	performing	1	0	1260	0	-4
47.924	0	240	34	232	8	5.31	0.00	0.00	look_up	performing	1	0	1260	0	-4
47.957	0	240	34	232	8	5.31	0.00	0.00	look_up	performing	1	0	1260	0	-4
48.126	0	240	34	232	8	5.31	0.00	0.00	look_up	performing	1	0	1260	0	-4
48.152	0	240	34	232	8	5.31	0.00	0.00	look_up	performing	1	0	1260	0	-4
48.172	0	240	34	232	8	5.31	0.00	0.00	look_up	performing	1	0	1260	0	-4
48.207	0	240	34	232	8	5.31	0.00	0.00	look_up	performing	1	0	1260	0	-4
48.241	0	240	34	232	8	5.31	0.00	0.00	look_up	performing	1	0	1260	0	-4
48.275	0	240	34	232	8	5.31	0.00	0.00	look_up	performing	1	0	1260	0	-4
48.309	0	240	34	232	8	5.31	0.00	0.00	idle	performing	0	0	1260	0	-4
48.328	0	240	34	232	8	5.31	0.00	0.00	idle	performing	0	0	1260	0	-4
48.368	0	240	34	232	8	5.31	0.00	0.00	idle	performing	0	0	1260	0	-4
48.399	0	240	34	232	8	5.31	0.00	0.00	idle	performing	0	0	1260	0	-4
48.422	0	240	34	232	8	5.31	0.00	0.00	idle	performing	0	0	1260	0	-4
48.458	0	240	34	232	8	5.31	0.00	0.00	idle	performing	0	0	1260	0	-4
48.494	0	191	27	232	8	5.31	0.00	0.00	idle	performing	0	0	1260	0	-4
48.524	0	191	27	232	8	5.31	0.00	0.00	idle	performing	0	0	1260	0	-4
48.548	0	191	27	232	8	5.31	0.00	0.00	idle	performing	0	0	1260	0	-4
48.590	0	191	27	232	8	5.31	0.00	0.00	idle	performing	0	0	1260	0	-4
48.621	0	191	27	232	8	5.31	0.00	0.00	idle	performing	0	0	1260	0	-4
48.652	0	191	27	232	8	5.31	0.00	0.00	idle	performing	0	0	1260	0	-4
48.677	0	191	27	232	8	5.31	0.00	0.00	idle	performing	0	0	1260	0	-4
48.707	0	191	27	232	8	5.31	0.00	0.00	idle	performing	0	0	1260	0	-4
48.742	0	191	27	232	8	5.31	0.00	0.00	idle	performing	0	0	1260	0	-4
48.775	0	191	27	232	8	5.31	0.00	0.00	idle	performing	0	0	1260	0	-4
48.805	0	191	27	232	8	5.31	0.00	0.00	idle	performing	0	0	1260	0	-4
48.837	0	191	27	232	8	5.31	0.00	0.00	idle	performing	0	0	1260	0	-4
48.871	0	191	27	232	8	5.31	0.00	0.00	idle	performing	0	0	1260	0	-4
48.898	0	191	27	232	8	5.31	0.00	0.00	idle	performing	0	0	1260	0	-4
48.923	0	191	27	232	8	5.31	0.00	0.00	idle	performing	0	0	1260	0	-4
48.957	0	191	27	232	8	5.31	0.00	0.00	idle	performing	0	0	1260	0	-4
48.991	0	191	27	232	8	5.31	0.00	0.00	idle	performing	0	0	1260	0	-4
49.023	0	191	27	232	8	5.31	0.00	0.00	idle	performing	0	0	1260	0	-4
49.055	0	191	27	232	8	5.31	0.00	0.00	idle	performing	0	0	1260	0	-4
49.085	0	191	27	232	8	5.31	0.00	0.00	idle	performing	0	0	1260	0	-4
49.113	0	191	27	232	8	5.31	0.00	0.00	idle	performing	0	0	1260	0	-4
49.146	0	191	27	232	8	5.31	0.00	0.00	idle	performing	0	0	1260	0	-4
49.173	0	191	27	232	8	5.31	0.00	0.00	idle	performing	0	0	1260	0	-4
49.206	0	191	27	232	8	5.31	0.00	0.00	idle	performing	0	0	1260	0	-4
49.241	0	191	27	232	8	5.31	0.00	0.00	idle	performing	0	0	1260	0	-4
49.267	0	191	27	232	8	5.31	0.00	0.00	idle	performing	0	0	1260	0	-4
49.299	0	191	27	232	8	5.31	0.00	0.00	idle	performing	0	0	1260	0	-4
49.331	0	191	27	232	8	5.31	0.00	0.00	idle	performing	0	0	1260	0	-4
49.361	0	191	27	232	8	5.31	0.00	0.00	idle	performing	0	0	1260	0	-4
49.394	0	191	27	232	8	5.31	0.00	0.00	idle	performing	0	0	1260	0	-4
49.428	0	191	27	232	8	5.31	0.00	0.00	idle	performing	0	0	1260	0	-4
49.457	0	191	27	232	8	5.31	0.00	0.00	idle	performing	0	0	1260	0	-4
49.487	0	191	27	232	8	5.31	0.00	0.00	idle	performing	0	0	1260	0	-4
49.518	0	191	27	232	8	5.31	0.00	0.00	idle	performing	0	0	1260	0	-4
49.548	0	191	27	232	8	5.31	0.00	0.00	idle	performing	0	0	1260	0	-4
49.581	0	191	27	232	8	5.31	0.00	0.00	idle	performing	0	0	1260	0	-4
49.615	0	191	27	232	8	5.31	0.00	0.00	idle	performing	0	0	1260	0	-4
49.642	0	191	27	232	8	5.31	0.00	0.00	idle	performing	0	0	1260	0	-4
49.674	0	191	27	232	8	5.31	0.00	0.00	idle	performing	0	0	1260	0	-4
49.706	0	191	27	232	8	5.31	0.00	0.00	idle	performing	0	0	1260	0	-4
49.788	0	191	27	232	8	5.31	0.00	0.00	idle	performing	0	0	1260	0	-4
49.802	0	191	27	232	8	5.31	0.00	0.00	idle	performing	0	0	1260	0	-4
49.833	0	191	27	232	8	5.31	0.00	0.00	idle	performing	0	0	1260	0	-4
49.860	0	191	27	232	8	5.31	0.00	0.00	idle	performing	0	0	1260	0	-4
49.890	0	191	27	232	8	5.31	0.00	0.00	idle	performing	0	0	1260	0	-4
49.924	0	191	27	232	8	5.31	0.00	0.00	idle	performing	0	0	1260	0	-4
49.953	0	191	27	232	8	5.31	0.00	0.00	idle	performing	0	0	1260	0	-4
49.988	0	191	27	232	8	5.31	0.00	0.00	idle	performing	0	0	1260	0	-4
50.020	0	191	27	232	8	5.31	0.00	0.00	idle	performing	0	0	1260	0	-4
50.047	0	191	27	232	8	5.31	0.00	0.00	idle	performing	0	0	1260	0	-4
50.080	0	191	27	232	8	5.31	0.00	0.00	idle	performing	0	0	1260	0	-4
50.117	0	191	27	232	8	5.31	0.00	0.00	idle	performing	0	0	1260	0	-4
50.156	0	191	27	232	8	5.31	0.00	0.00	idle	performing	0	0	1260	0	-4
50.177	0	191	27	232	8	5.31	0.00	0.00	idle	performing	0	0	1260	0	-4
50.207	0	191	27	232	8	5.31	0.00	0.00	idle	performing	0	0	1260	0	-4
50.241	0	191	27	232	8	5.31	0.00	0.00	idle	performing	0	0	1260	0	-4
50.277	0	191	27	232	8	5.31	0.00	0.00	idle	performing	0	0	1260	0	-4
50.299	0	191	27	232	8	5.31	0.00	0.00	idle	performing	0	0	1260	0	-4
50.331	0	191	27	232	8	5.31	0.00	0.00	idle	performing	0	0	1260	0	-4
50.371	0	191	27	232	8	5.31	0.00	0.00	idle	performing	0	0	1260	0	-4
50.397	0	191	27	232	8	5.31	0.00	0.00	idle	performing	0	0	1260	0	-4
50.424	0	191	27	232	8	5.31	0.00	0.00	idle	performing	0	0	1260	0	-4
50.462	0	191	27	232	8	5.31	0.00	0.00	idle	performing	0	0	1260	0	-4
50.490	0	191	27	232	8	5.31	0.00	0.00	idle	performing	0	0	1260	0	-4
50.517	0	191	27	232	8	5.31	0.00	0.00	idle	performing	0	0	1260	0	-4
50.564	0	191	27	232	8	5.31	0.00	0.00	idle	performing	0	0	1260	0	-4
50.587	0	191	27	232	8	5.31	0.00	0.00	idle	performing	0	0	1260	0	-4
50.612	0	191	27	232	8	5.31	0.00	0.00	idle	performing	0	0	1260	0	-4
50.661	0	191	27	232	8	5.31	0.00	0.00	idle	performing	0	0	1260	0	-4
50.674	0	191	27	232	8	5.31	0.00	0.00	idle	performing	0	0	1260	0	-4
50.708	0	191	27	232	8	5.31	0.00	0.00	idle	performing	0	0	1260	0	-4
50.744	0	191	27	232	8	5.31	0.00	0.00	idle	performing	0	0	1260	0	-4
50.773	0	191	27	232	8	5.31	0.00	0.00	idle	performing	0	0	1260	0	-4
50.807	0	191	27	232	8	5.31	0.00	0.00	idle	performing	0	0	1260	0	-4
50.845	0	191	27	232	8	5.31	0.00	0.00	idle	performing	0	0	1260	0	-4
50.870	0	191	27	232	8	5.31	0.00	0.00	idle	performing	0	0	1260	0	-4
50.893	0	191	27	232	8	5.31	0.00	0.00	idle	performing	0	0	1260	0	-4
50.933	0	191	27	232	8	5.31	0.00	0.00	idle	performing	0	0	1260	0	-4
50.957	0	191	27	232	8	5.31	0.00	0.00	idle	performing	0	0	1260	0	-4
51.120	0	191	27	232	8	5.31	0.00	0.00	idle	performing	0	0	1260	0	-4
51.151	0	191	27	232	8	5.31	0.00	0.00	idle	performing	0	0	1260	0	-4
51.173	0	191	27	232	8	5.31	0.00	0.00	idle	performing	0	0	1260	0	-4
51.214	0	191	27	232	8	5.31	0.00	0.00	idle	performing	0	0	1260	0	-4
51.241	0	191	27	232	8	5.31	0.00	0.00	idle	performing	0	0	1260	0	-4
51.274	0	191	27	232	8	5.31	0.00	0.00	idle	performing	0	0	1260	0	-4
51.337	0	191	27	232	8	5.31	0.00	0.00	idle	performing	0	0	1260	0	-4
51.360	0	191	27	232	8	5.31	0.00	0.00	idle	performing	0	0	1260	0	-4
51.397	0	191	27	232	8	5.31	0.00	0.00	idle	performing	0	0	1260	0	-4
51.423	0	191	27	232	8	5.31	0.00	0.00	idle	performing	0	0	1260	0	-4
51.458	0	191	27	232	8	5.31	0.00	0.00	idle	performing	0	0	1260	0	-4
51.494	0	191	27	232	8	5.31	0.00	0.00	idle	performing	0	0	1260	0	-4
51.522	0	191	27	232	8	5.31	0.00	0.00	idle	performing	0	0	1260	0	-4
51.552	0	191	27	232	8	5.31	0.00	0.00	idle	performing	0	0	1260	0	-4
51.583	0	191	27	232	8	5.31	0.00	0.00	idle	performing	0	0	1260	0	-4
51.613	0	191	27	232	8	5.31	0.00	0.00	idle	performing	0	0	1260	0	-4
51.644	0	191	27	232	8	5.31	0.00	0.00	idle	performing	0	0	1260	0	-4
51.677	0	191	27	232	8	5.31	0.00	0.00	idle	performing	0	0	1260	0	-4
51.707	0	191	27	232	8	5.31	0.00	0.00	idle	performing	0	0	1260	0	-4
51.738	0	191	27	232	8	5.31	0.00	0.00	idle	performing	0	0	1260	0	-4
51.769	0	191	27	232	8	5.31	0.00	0.00	idle	performing	0	0	1260	0	-4
51.801	0	191	27	232	8	5.31	0.00	0.00	idle	performing	0	0	1260	0	-4
51.831	0	191	27	232	8	5.31	0.00	0.00	idle	performing	0	0	1260	0	-4
51.865	0	191	27	232	8	5.31	0.00	0.00	idle	performing	0	0	1260	0	-4
51.892	0	191	27	232	8	5.31	0.00	0.00	idle	performing	0	0	1260	0	-4
51.923	0	191	27	232	8	5.31	0.00	0.00	idle	performing	0	0	1260	0	-4
51.955	0	191	27	232	8	5.31	0.00	0.00	idle	performing	0	0	1260	0	-4
51.986	0	191	27	232	8	5.31	0.00	0.00	idle	performing	0	0	1260	0	-4
52.016	0	191	27	232	8	5.31	0.00	0.00	idle	performing	0	0	1260	0	-4
52.061	0	191	27	232	8	5.31	0.00	0.00	idle	performing	0	0	1260	0	-4
52.089	0	191	27	232	8	5.31	0.00	0.00	idle	performing	0	0	1260	0	-4
52.125	0	191	27	232	8	5.31	0.00	0.00	idle	performing	0	0	1260	0	-4
52.142	0	191	27	232	8	5.31	0.00	0.00	idle	performing	0	0	1260	0	-4
52.173	0	191	27	232	8	5.31	0.00	0.00	idle	performing	0	0	1260	0	-4
52.207	0	191	27	232	8	5.31	0.00	0.00	idle	performing	0	0	1260	0	-4
52.242	0	191	27	232	8	5.31	0.00	0.00	idle	performing	0	0	1260	0	-4
52.273	0	191	27	232	8	5.31	0.00	0.00	idle	performing	0	0	1260	0	-4
52.357	0	191	27	232	8	5.31	0.00	0.00	idle	performing	0	0	1260	0	-4
52.407	0	191	27	232	8	5.31	0.00	0.00	idle	performing	0	0	1260	0	-4
52.439	0	191	27	232	8	5.31	0.00	0.00	idle	performing	0	0	1260	0	-4
52.473	0	191	27	232	8	5.31	0.00	0.00	idle	performing	0	0	1260	0	-4
52.507	0	191	27	232	8	5.31	0.00	0.00	idle	performing	0	0	1260	0	-4
52.541	0	191	27	232	8	5.31	0.00	0.00	idle	performing	0	0	1260	0	-4
52.574	0	191	27	232	8	5.31	0.00	0.00	idle	performing	0	0	1260	0	-4
52.594	0	191	27	232	8	5.31	0.00	0.00	idle	performing	0	0	1260	0	-4
52.627	1	191	27	53	50	5.28	0.00	0.00	idle	performing	0	0	1260	0	-4
52.673	1	188	27	53	50	5.28	-2.90	0.00	idle	walking	0	0	1261	-51	-6
52.692	1	184	28	53	50	5.28	-4.22	1.06	idle	walking	0	0	1262	-4	1
52.726	1	179	29	53	50	5.28	-4.98	1.00	idle	walking	0	0	1263	-5	1
52.759	1	174	30	53	50	5.28	-5.34	1.07	idle	walking	0	0	1264	-5	1
52.793	1	168	31	53	50	5.28	-5.55	0.92	idle	walking	0	0	1265	-6	1
52.815	1	213	38	53	50	5.28	-5.71	0.00	walk_left	walking	0	0	1266	45	7
52.856	1	208	39	53	50	5.28	-5.65	1.13	walk_left	walking	0	0	1267	-5	1
52.888	1	203	39	53	50	5.28	-5.78	0.00	walk_left	walking	0	0	1268	-5	0
52.909	1	197	39	53	50	5.28	-5.79	0.00	walk_left	walking	0	0	1269	-6	0
52.943	1	192	40	53	50	5.28	-5.69	1.14	walk_left	walking	0	0	1270	-5	1
52.975	1	187	40	53	50	5.28	-5.80	0.00	walk_left	walking	0	0	1271	-5	0
53.009	1	182	40	53	50	5.28	-5.80	0.00	walk_left	walking	0	0	1272	-5	0
53.041	1	176	41	53	50	5.28	-5.72	0.95	walk_left	walking	0	0	1273	-6	1
53.074	1	171	41	53	50	5.28	-5.80	0.00	walk_left	walking	0	0	1274	-5	0
53.107	1	166	42	53	50	5.28	-5.69	1.14	walk_left	walking	0	0	1275	-5	1
53.140	1	161	42	53	50	5.28	-5.80	0.00	walk_left	walking	0	0	1276	-5	0
53.157	1	155	42	53	50	5.28	-5.80	0.00	walk_left	walking	0	0	1277	-6	0
53.191	1	150	43	53	50	5.28	-5.69	1.14	walk_left	walking	0	0	1278	-5	1
53.224	1	145	43	53	50	5.28	-5.22	0.00	walk_left	walking	0	0	1279	-5	0
53.258	1	140	44	53	50	5.28	-4.84	0.97	walk_left	walking	0	0	1280	-5	1
53.290	1	135	44	53	50	5.28	-4.79	0.00	walk_left	walking	0	0	1281	-5	0
53.325	1	130	44	53	50	5.28	-4.72	0.00	walk_left	walking	0	0	1282	-5	0
53.357	1	126	45	53	50	5.28	-4.54	1.13	walk_left	walking	0	0	1283	-4	1
53.387	1	121	45	53	50	5.28	-4.66	0.00	walk_left	walking	0	0	1284	-5	0
53.408	1	116	45	53	50	5.28	-4.65	0.00	walk_left	walking	0	0	1285	-5	0
53.442	1	112	46	53	50	5.28	-4.51	1.13	walk_left	walking	0	0	1286	-4	1
53.474	1	107	46	53	50	5.28	-4.65	0.00	walk_left	walking	0	0	1287	-5	0
53.507	1	103	46	53	50	5.28	-4.64	0.00	walk_left	walking	0	0	1288	-4	0
53.542	1	98	47	53	50	5.28	-4.55	0.91	walk_left	walking	0	0	1289	-5	1
53.575	1	93	47	53	50	5.28	-4.94	0.00	walk_left	walking	0	0	1290	-5	0
53.606	1	88	47	53	50	5.28	-4.80	0.00	walk_left	walking	0	0	1291	-5	0
53.637	1	84	48	53	50	5.28	-4.30	1.08	walk_left	walking	0	0	1292	-4	1
53.667	1	80	48	53	50	5.28	-4.02	0.00	walk_left	walking	0	0	1293	-4	0
53.691	0	76	48	53	50	5.28	0.00	0.00	idle	walking	0	0	1294	-4	0
53.726	0	76	48	53	50	5.28	0.00	0.00	idle	walking	0	0	1294	-4	0
53.757	0	26	41	53	50	5.28	0.00	0.00	idle	walking	0	0	1294	-4	0
53.791	0	26	41	53	50	5.28	0.00	0.00	idle	walking	0	0	1294	-4	0
53.822	0	26	41	53	50	5.28	0.00	0.00	idle	walking	0	0	1294	-4	0
53.852	0	26	41	53	50	5.28	0.00	0.00	idle	walking	0	0	1294	-4	0
53.883	0	26	41	53	50	5.28	0.00	0.00	idle	walking	0	0	1294	-4	0
53.908	0	26	41	53	50	5.28	0.00	0.00	idle	walking	0	0	1294	-4	0
53.939	0	26	41	53	50	5.28	0.00	0.00	idle	walking	0	0	1294	-4	0
53.974	0	26	41	53	50	5.28	0.00	0.00	idle	walking	0	0	1294	-4	0
54.134	0	26	41	53	50	5.28	0.00	0.00	idle	walking	0	0	1294	-4	0
54.157	0	26	41	53	50	5.28	0.00	0.00	idle	walking	0	0	1294	-4	0
54.190	0	26	41	53	50	5.28	0.00	0.00	idle	walking	0	0	1294	-4	0
54.224	0	26	41	53	50	5.28	0.00	0.00	idle	walking	0	0	1294	-4	0
54.258	0	26	41	53	50	5.28	0.00	0.00	idle	walking	0	0	1294	-4	0
54.289	0	26	41	53	50	5.28	0.00	0.00	idle	walking	0	0	1294	-4	0
54.321	0	26	41	53	50	5.28	0.00	0.00	idle	walking	0	0	1294	-4	0
54.352	0	26	41	53	50	5.28	0.00	0.00	idle	walking	0	0	1294	-4	0
54.383	0	26	41	53	50	5.28	0.00	0.00	idle	walking	0	0	1294	-4	0
54.414	0	26	41	53	50	5.28	0.00	0.00	idle	walking	0	0	1294	-4	0
54.440	0	26	41	53	50	5.28	0.00	0.00	idle	walking	0	0	1294	-4	0
54.474	0	26	41	53	50	5.28	0.00	0.00	idle	walking	0	0	1294	-4	0
54.507	0	26	41	53	50	5.28	0.00	0.00	idle	walking	0	0	1294	-4	0
54.539	0	26	41	53	50	5.28	0.00	0.00	idle	walking	0	0	1294	-4	0
54.563	0	26	41	53	50	5.28	0.00	0.00	idle	walking	0	0	1294	-4	0
54.599	0	26	41	53	50	5.28	0.00	0.00	idle	walking	0	0	1294	-4	0
54.629	0	26	41	53	50	5.28	0.00	0.00	idle	walking	0	0	1294	-4	0
54.661	0	26	41	53	50	5.28	0.00	0.00	idle	walking	0	0	1294	-4	0
54.693	0	26	41	53	50	5.28	0.00	0.00	idle	walking	0	0	1294	-4	0
54.724	0	26	41	53	50	5.28	0.00	0.00	idle	walking	0	0	1294	-4	0
54.755	0	26	41	53	50	5.28	0.00	0.00	idle	walking	0	0	1294	-4	0
54.786	0	26	41	53	50	5.28	0.00	0.00	idle	walking	0	0	1294	-4	0
54.818	0	26	41	53	50	5.28	0.00	0.00	idle	walking	0	0	1294	-4	0
54.849	0	26	41	53	50	5.28	0.00	0.00	idle	walking	0	0	1294	-4	0
54.881	0	26	41	53	50	5.28	0.00	0.00	idle	walking	0	0	1294	-4	0
54.906	0	26	41	53	50	5.28	0.00	0.00	idle	walking	0	0	1294	-4	0
54.941	0	26	41	53	50	5.28	0.00	0.00	idle	walking	0	0	1294	-4	0
54.974	0	26	41	53	50	5.28	0.00	0.00	idle	walking	0	0	1294	-4	0
55.006	0	26	41	53	50	5.28	0.00	0.00	idle	walking	0	0	1294	-4	0
55.037	0	26	41	53	50	5.28	0.00	0.00	idle	walking	0	0	1294	-4	0
55.069	0	26	41	53	50	5.28	0.00	0.00	idle	walking	0	0	1294	-4	0
55.101	0	26	41	53	50	5.28	0.00	0.00	idle	walking	0	0	1294	-4	0
55.130	0	26	41	53	50	5.28	0.00	0.00	idle	walking	0	0	1294	-4	0
55.162	0	26	41	53	50	5.28	0.00	0.00	idle	walking	0	0	1294	-4	0
55.192	0	26	41	53	50	5.28	0.00	0.00	idle	walking	0	0	1294	-4	0
55.224	0	26	41	53	50	5.28	0.00	0.00	idle	walking	0	0	1294	-4	0
55.255	0	26	41	53	50	5.28	0.00	0.00	idle	walking	0	0	1294	-4	0
55.347	0	26	41	53	50	5.28	0.00	0.00	idle	walking	0	0	1294	-4	0
55.378	0	26	41	53	50	5.28	0.00	0.00	idle	walking	0	0	1294	-4	0
55.408	0	26	41	53	50	5.28	0.00	0.00	idle	walking	0	0	1294	-4	0
55.446	0	26	41	53	50	5.28	0.00	0.00	idle	walking	0	0	1294	-4	0
55.471	0	26	41	53	50	5.28	0.00	0.00	idle	walking	0	0	1294	-4	0
55.501	0	26	41	53	50	5.28	0.00	0.00	idle	walking	0	0	1294	-4	0
55.548	0	26	41	53	50	5.28	0.00	0.00	idle	walking	0	0	1294	-4	0
55.575	0	26	41	53	50	5.28	0.00	0.00	idle	walking	0	0	1294	-4	0
55.597	0	26	41	53	50	5.28	0.00	0.00	idle	walking	0	0	1294	-4	0
55.633	0	26	41	53	50	5.28	0.00	0.00	idle	walking	0	0	1294	-4	0
55.657	0	26	41	53	50	5.28	0.00	0.00	idle	walking	0	0	1294	-4	0
55.691	0	26	41	53	50	5.28	0.00	0.00	idle	walking	0	0	1294	-4	0
55.728	0	26	41	53	50	5.28	0.00	0.00	idle	walking	0	0	1294	-4	0
55.768	0	26	41	53	50	5.28	0.00	0.00	idle	walking	0	0	1294	-4	0
55.790	0	26	41	53	50	5.28	0.00	0.00	idle	walking	0	0	1294	-4	0
55.825	0	26	41	53	50	5.28	0.00	0.00	idle	walking	0	0	1294	-4	0
55.857	0	26	41	53	50	5.28	0.00	0.00	idle	walking	0	0	1294	-4	0
55.877	0	26	41	53	50	5.28	0.00	0.00	idle	walking	0	0	1294	-4	0
55.912	0	26	41	53	50	5.28	0.00	0.00	idle	walking	0	0	1294	-4	0
55.940	0	26	41	53	50	5.28	0.00	0.00	idle	walking	0	0	1294	-4	0
55.974	0	26	41	53	50	5.28	0.00	0.00	idle	walking	0	0	1294	-4	0
56.013	0	26	41	53	50	5.28	0.00	0.00	idle	walking	0	0	1294	-4	0
56.041	0	26	41	53	50	5.28	0.00	0.00	idle	walking	0	0	1294	-4	0
56.065	0	26	41	53	50	5.28	0.00	0.00	idle	walking	0	0	1294	-4	0
56.099	0	26	41	53	50	5.28	0.00	0.00	idle	walking	0	0	1294	-4	0
56.138	0	26	41	53	50	5.28	0.00	0.00	idle	walking	0	0	1294	-4	0
56.159	0	26	41	53	50	5.28	0.00	0.00	idle	walking	0	0	1294	-4	0
56.199	0	26	41	53	50	5.28	0.00	0.00	idle	walking	0	0	1294	-4	0
56.225	0	26	41	53	50	5.28	0.00	0.00	idle	walking	0	0	1294	-4	0
56.258	0	26	41	53	50	5.28	0.00	0.00	idle	walking	0	0	1294	-4	0
56.295	0	26	41	53	50	5.28	0.00	0.00	idle	walking	0	0	1294	-4	0
56.314	0	26	41	53	50	5.28	0.00	0.00	idle	walking	0	0	1294	-4	0
56.352	0	26	41	53	50	5.28	0.00	0.00	idle	walking	0	0	1294	-4	0
56.388	0	26	41	53	50	5.28	0.00	0.00	idle	walking	0	0	1294	-4	0
56.415	0	26	41	53	50	5.28	0.00	0.00	idle	walking	0	0	1294	-4	0
56.441	0	26	41	53	50	5.28	0.00	0.00	idle	walking	0	0	1294	-4	0
56.474	0	26	41	53	50	5.28	0.00	0.00	idle	walking	0	0	1294	-4	0
56.508	0	26	41	53	50	5.28	0.00	0.00	idle	walking	0	0	1294	-4	0
56.538	0	26	41	53	50	5.28	0.00	0.00	idle	walking	0	0	1294	-4	0
56.568	0	26	41	53	50	5.28	0.00	0.00	idle	walking	0	0	1294	-4	0
56.602	0	26	41	53	50	5.28	0.00	0.00	idle	walking	0	0	1294	-4	0
56.631	0	26	41	53	50	5.28	0.00	0.00	idle	walking	0	0	1294	-4	0
56.657	0	26	41	53	50	5.28	0.00	0.00	idle	walking	0	0	1294	-4	0
56.690	0	26	41	53	50	5.28	0.00	0.00	idle	walking	0	0	1294	-4	0
56.727	0	26	41	53	50	5.28	0.00	0.00	idle	walking	0	0	1294	-4	0
56.787	0	26	41	53	50	5.28	0.00	0.00	idle	walking	0	0	1294	-4	0
56.820	0	26	41	53	50	5.28	0.00	0.00	idle	walking	0	0	1294	-4	0
56.852	0	26	41	53	50	5.28	0.00	0.00	idle	walking	0	0	1294	-4	0
56.881	0	26	41	53	50	5.28	0.00	0.00	idle	walking	0	0	1294	-4	0
56.913	0	26	41	53	50	5.28	0.00	0.00	idle	walking	0	0	1294	-4	0
56.940	0	26	41	53	50	5.28	0.00	0.00	idle	walking	0	0	1294	-4	0
56.975	0	26	41	53	50	5.28	0.00	0.00	idle	walking	0	0	1294	-4	0
57.138	0	26	41	53	50	5.28	0.00	0.00	idle	walking	0	0	1294	-4	0
57.158	0	26	41	53	50	5.28	0.00	0.00	idle	walking	0	0	1294	-4	0
57.190	0	26	41	53	50	5.28	0.00	0.00	idle	walking	0	0	1294	-4	0
57.223	0	26	41	53	50	5.28	0.00	0.00	idle	walking	0	0	1294	-4	0
57.256	0	26	41	53	50	5.28	0.00	0.00	idle	walking	0	0	1294	-4	0
57.290	0	26	41	53	50	5.28	0.00	0.00	idle	walking	0	0	1294	-4	0
57.320	0	26	41	53	50	5.28	0.00	0.00	idle	walking	0	0	1294	-4	0
57.351	0	26	41	53	50	5.28	0.00	0.00	idle	walking	0	0	1294	-4	0
57.382	1	26	41	55	78	5.48	0.00	0.00	idle	walking	0	0	1294	-4	0
57.408	1	75	50	55	78	5.48	-0.99	1.98	walk_down	walking	0	0	1295	-1	2
57.441	1	73	52	55	78	5.48	-2.25	2.25	walk_left	walking	0	0	1296	-2	2
57.475	1	71	55	55	78	5.48	-1.94	2.91	walk_left	walking	0	0	1297	-2	3
57.509	0	69	58	55	78	5.48	0.00	0.00	idle	walking	0	0	1298	-2	3
57.540	0	69	58	55	78	5.48	0.00	0.00	idle	walking	0	0	1298	-2	3
57.569	0	69	58	55	78	5.48	0.00	0.00	idle	walking	0	0	1298	-2	3
57.599	0	19	51	55	78	5.48	0.00	0.00	idle	walking	0	0	1298	-2	3
57.632	0	19	51	55	78	5.48	0.00	0.00	idle	walking	0	0	1298	-2	3
57.661	0	19	51	55	78	5.48	0.00	0.00	idle	walking	0	0	1298	-2	3
57.689	0	19	51	55	78	5.48	0.00	0.00	idle	walking	0	0	1298	-2	3
57.723	0	19	51	55	78	5.48	0.00	0.00	idle	walking	0	0	1298	-2	3
57.754	0	19	51	55	78	5.48	0.00	0.00	idle	walking	0	0	1298	-2	3
57.784	0	19	51	55	78	5.48	0.00	0.00	idle	walking	0	0	1298	-2	3
57.817	0	19	51	55	78	5.48	0.00	0.00	idle	walking	0	0	1298	-2	3
57.848	0	19	51	55	78	5.48	0.00	0.00	idle	walking	0	0	1298	-2	3
57.879	0	19	51	55	78	5.48	0.00	0.00	idle	walking	0	0	1298	-2	3
57.911	0	19	51	55	78	5.48	0.00	0.00	idle	walking	0	0	1298	-2	3
57.941	0	19	51	55	78	5.48	0.00	0.00	idle	walking	0	0	1298	-2	3
57.973	0	19	51	55	78	5.48	0.00	0.00	idle	walking	0	0	1298	-2	3
58.006	0	19	51	55	78	5.48	0.00	0.00	idle	walking	0	0	1298	-2	3
58.036	0	19	51	55	78	5.48	0.00	0.00	idle	walking	0	0	1298	-2	3
58.068	0	19	51	55	78	5.48	0.00	0.00	idle	walking	0	0	1298	-2	3
58.100	0	19	51	55	78	5.48	0.00	0.00	idle	walking	0	0	1298	-2	3
58.162	0	19	51	55	78	5.48	0.00	0.00	idle	walking	0	0	1298	-2	3
58.191	0	19	51	55	78	5.48	0.00	0.00	idle	walking	0	0	1298	-2	3
58.224	0	19	51	55	78	5.48	0.00	0.00	idle	walking	0	0	1298	-2	3
58.256	0	19	51	55	78	5.48	0.00	0.00	idle	walking	0	0	1298	-2	3
58.286	0	19	51	55	78	5.48	0.00	0.00	idle	walking	0	0	1298	-2	3
58.317	0	19	51	55	78	5.48	0.00	0.00	idle	walking	0	0	1298	-2	3
58.347	0	19	51	55	78	5.48	0.00	0.00	idle	walking	0	0	1298	-2	3
58.379	0	19	51	55	78	5.48	0.00	0.00	idle	walking	0	0	1298	-2	3
58.407	0	19	51	55	78	5.48	0.00	0.00	idle	walking	0	0	1298	-2	3
58.440	0	19	51	55	78	5.48	0.00	0.00	idle	walking	0	0	1298	-2	3
58.474	0	19	51	55	78	5.48	0.00	0.00	idle	walking	0	0	1298	-2	3
58.506	0	19	51	55	78	5.48	0.00	0.00	idle	walking	0	0	1298	-2	3
58.537	0	19	51	55	78	5.48	0.00	0.00	idle	walking	0	0	1298	-2	3
58.567	0	19	51	55	78	5.48	0.00	0.00	idle	walking	0	0	1298	-2	3
58.600	0	19	51	55	78	5.48	0.00	0.00	idle	walking	0	0	1298	-2	3
58.629	0	19	51	55	78	5.48	0.00	0.00	idle	walking	0	0	1298	-2	3
58.661	0	19	51	55	78	5.48	0.00	0.00	idle	walking	0	0	1298	-2	3
58.690	0	19	51	55	78	5.48	0.00	0.00	idle	walking	0	0	1298	-2	3
58.722	0	19	51	55	78	5.48	0.00	0.00	idle	walking	0	0	1298	-2	3
58.755	0	19	51	55	78	5.48	0.00	0.00	idle	walking	0	0	1298	-2	3
58.784	0	19	51	55	78	5.48	0.00	0.00	idle	walking	0	0	1298	-2	3
58.817	0	19	51	55	78	5.48	0.00	0.00	idle	walking	0	0	1298	-2	3
58.846	0	19	51	55	78	5.48	0.00	0.00	idle	walking	0	0	1298	-2	3
58.877	0	19	51	55	78	5.48	0.00	0.00	idle	walking	0	0	1298	-2	3
58.909	0	19	51	55	78	5.48	0.00	0.00	idle	walking	0	0	1298	-2	3
58.939	0	19	51	55	78	5.48	0.00	0.00	idle	walking	0	0	1298	-2	3
58.970	0	19	51	55	78	5.48	0.00	0.00	idle	walking	0	0	1298	-2	3
59.002	0	19	51	55	78	5.48	0.00	0.00	idle	walking	0	0	1298	-2	3
59.034	0	19	51	55	78	5.48	0.00	0.00	idle	walking	0	0	1298	-2	3
59.065	0	19	51	55	78	5.48	0.00	0.00	idle	walking	0	0	1298	-2	3
59.096	0	19	51	55	78	5.48	0.00	0.00	idle	walking	0	0	1298	-2	3
59.129	0	19	51	55	78	5.48	0.00	0.00	idle	walking	0	0	1298	-2	3
59.159	0	19	51	55	78	5.48	0.00	0.00	idle	walking	0	0	1298	-2	3
59.189	0	19	51	55	78	5.48	0.00	0.00	idle	walking	0	0	1298	-2	3
59.223	0	19	51	55	78	5.48	0.00	0.00	idle	walking	0	0	1298	-2	3
59.254	0	19	51	55	78	5.48	0.00	0.00	idle	walking	0	0	1298	-2	3
59.284	0	19	51	55	78	5.48	0.00	0.00	idle	walking	0	0	1298	-2	3
59.315	0	19	51	55	78	5.48	0.00	0.00	idle	walking	0	0	1298	-2	3
59.346	0	19	51	55	78	5.48	0.00	0.00	idle	walking	0	0	1298	-2	3
59.378	0	19	51	55	78	5.48	0.00	0.00	idle	walking	0	0	1298	-2	3
59.410	0	19	51	55	78	5.48	0.00	0.00	idle	walking	0	0	1298	-2	3
59.439	0	19	51	55	78	5.48	0.00	0.00	idle	walking	0	0	1298	-2	3
59.470	0	19	51	55	78	5.48	0.00	0.00	idle	walking	0	0	1298	-2	3
59.501	0	19	51	55	78	5.48	0.00	0.00	idle	walking	0	0	1298	-2	3
59.534	0	19	51	55	78	5.48	0.00	0.00	idle	walking	0	0	1298	-2	3
59.573	0	19	51	55	78	5.48	0.00	0.00	idle	walking	0	0	1298	-2	3
59.596	0	19	51	55	78	5.48	0.00	0.00	idle	walking	0	0	1298	-2	3
59.640	0	19	51	55	78	5.48	0.00	0.00	idle	walking	0	0	1298	-2	3
59.658	0	19	51	55	78	5.48	0.00	0.00	idle	walking	0	0	1298	-2	3
59.690	0	19	51	55	78	5.48	0.00	0.00	idle	walking	0	0	1298	-2	3
59.724	0	19	51	55	78	5.48	0.00	0.00	idle	walking	0	0	1298	-2	3
59.756	0	19	51	55	78	5.48	0.00	0.00	idle	walking	0	0	1298	-2	3
59.791	0	19	51	55	78	5.48	0.00	0.00	idle	walking	0	0	1298	-2	3
59.813	0	19	51	55	78	5.48	0.00	0.00	idle	walking	0	0	1298	-2	3
59.845	0	19	51	55	78	5.48	0.00	0.00	idle	walking	0	0	1298	-2	3
59.890	0	19	51	55	78	5.48	0.00	0.00	idle	walking	0	0	1298	-2	3
59.908	0	19	51	55	78	5.48	0.00	0.00	idle	walking	0	0	1298	-2	3
59.940	0	19	51	55	78	5.48	0.00	0.00	idle	walking	0	0	1298	-2	3
59.973	0	19	51	55	78	5.48	0.00	0.00	idle	walking	0	0	1298	-2	3
60.126	0	19	51	55	78	5.48	0.00	0.00	idle	walking	0	0	1298	-2	3
60.173	0	19	51	55	78	5.48	0.00	0.00	idle	walking	0	0	1298	-2	3
60.190	0	19	51	55	78	5.48	0.00	0.00	idle	walking	0	0	1298	-2	3
60.223	0	19	51	55	78	5.48	0.00	0.00	idle	walking	0	0	1298	-2	3
60.257	0	19	51	55	78	5.48	0.00	0.00	idle	walking	0	0	1298	-2	3
60.301	0	19	51	55	78	5.48	0.00	0.00	idle	walking	0	0	1298	-2	3
60.326	0	19	51	55	78	5.48	0.00	0.00	idle	walking	0	0	1298	-2	3
60.357	0	19	51	55	78	5.48	0.00	0.00	idle	walking	0	0	1298	-2	3
60.388	0	19	51	55	78	5.48	0.00	0.00	idle	walking	0	0	1298	-2	3
60.407	0	19	51	55	78	5.48	0.00	0.00	idle	walking	0	0	1298	-2	3
60.441	0	19	51	55	78	5.48	0.00	0.00	idle	walking	0	0	1298	-2	3
60.475	0	19	51	55	78	5.48	0.00	0.00	idle	walking	0	0	1298	-2	3
60.508	0	19	51	55	78	5.48	0.00	0.00	idle	walking	0	0	1298	-2	3
60.541	0	19	51	55	78	5.48	0.00	0.00	idle	walking	0	0	1298	-2	3
60.575	0	19	51	55	78	5.48	0.00	0.00	idle	walking	0	0	1298	-2	3
60.605	0	19	51	55	78	5.48	0.00	0.00	idle	walking	0	0	1298	-2	3
60.639	0	19	51	55	78	5.48	0.00	0.00	idle	walking	0	0	1298	-2	3
60.657	0	19	51	55	78	5.48	0.00	0.00	idle	walking	0	0	1298	-2	3
60.690	0	19	51	55	78	5.48	0.00	0.00	idle	walking	0	0	1298	-2	3
60.723	0	19	51	55	78	5.48	0.00	0.00	idle	walking	0	0	1298	-2	3
60.759	0	19	51	55	78	5.48	0.00	0.00	idle	walking	0	0	1298	-2	3
60.789	0	19	51	55	78	5.48	0.00	0.00	idle	walking	0	0	1298	-2	3
60.821	0	19	51	55	78	5.48	0.00	0.00	idle	walking	0	0	1298	-2	3
60.853	0	19	51	55	78	5.48	0.00	0.00	idle	walking	0	0	1298	-2	3
60.883	0	19	51	55	78	5.48	0.00	0.00	idle	walking	0	0	1298	-2	3
60.907	0	19	51	55	78	5.48	0.00	0.00	idle	walking	0	0	1298	-2	3
60.942	0	19	51	55	78	5.48	0.00	0.00	idle	walking	0	0	1298	-2	3
60.974	0	19	51	55	78	5.48	0.00	0.00	idle	walking	0	0	1298	-2	3
61.007	0	19	51	55	78	5.48	0.00	0.00	idle	walking	0	0	1298	-2	3
61.040	0	19	51	55	78	5.48	0.00	0.00	idle	walking	0	0	1298	-2	3
61.070	0	19	51	55	78	5.48	0.00	0.00	idle	walking	0	0	1298	-2	3
61.100	0	19	51	55	78	5.48	0.00	0.00	idle	walking	0	0	1298	-2	3
61.131	0	19	51	55	78	5.48	0.00	0.00	idle	walking	0	0	1298	-2	3
61.161	0	19	51	55	78	5.48	0.00	0.00	idle	walking	0	0	1298	-2	3
61.190	0	19	51	55	78	5.48	0.00	0.00	idle	walking	0	0	1298	-2	3
61.225	0	19	51	55	78	5.48	0.00	0.00	idle	walking	0	0	1298	-2	3
61.256	0	19	51	55	78	5.48	0.00	0.00	idle	walking	0	0	1298	-2	3
61.286	0	19	51	55	78	5.48	0.00	0.00	idle	walking	0	0	1298	-2	3
61.317	0	19	51	55	78	5.48	0.00	0.00	idle	walking	0	0	1298	-2	3
61.348	0	19	51	55	78	5.48	0.00	0.00	idle	walking	0	0	1298	-2	3
61.378	0	19	51	55	78	5.48	0.00	0.00	idle	walking	0	0	1298	-2	3
61.409	0	19	51	55	78	5.48	0.00	0.00	idle	walking	0	0	1298	-2	3
61.440	0	19	51	55	78	5.48	0.00	0.00	idle	walking	0	0	1298	-2	3
61.470	0	19	51	55	78	5.48	0.00	0.00	idle	walking	0	0	1298	-2	3
61.502	0	19	51	55	78	5.48	0.00	0.00	idle	walking	0	0	1298	-2	3
61.532	0	19	51	55	78	5.48	0.00	0.00	idle	walking	0	0	1298	-2	3
61.564	0	19	51	55	78	5.48	0.00	0.00	idle	walking	0	0	1298	-2	3
61.594	0	19	51	55	78	5.48	0.00	0.00	idle	walking	0	0	1298	-2	3
61.640	0	19	51	55	78	5.48	0.00	0.00	idle	walking	0	0	1298	-2	3
61.672	0	19	51	55	78	5.48	0.00	0.00	idle	walking	0	0	1298	-2	3
61.692	0	19	51	55	78	5.48	0.00	0.00	idle	walking	0	0	1298	-2	3
61.723	0	19	51	55	78	5.48	0.00	0.00	idle	walking	0	0	1298	-2	3
61.758	0	19	51	55	78	5.48	0.00	0.00	idle	walking	0	0	1298	-2	3
61.790	0	19	51	55	78	5.48	0.00	0.00	idle	walking	0	0	1298	-2	3
61.824	0	19	51	55	78	5.48	0.00	0.00	idle	walking	0	0	1298	-2	3
61.858	0	19	51	55	78	5.48	0.00	0.00	idle	walking	0	0	1298	-2	3
61.891	0	19	51	55	78	5.48	0.00	0.00	idle	walking	0	0	1298	-2	3
61.908	0	19	51	55	78	5.48	0.00	0.00	idle	walking	0	0	1298	-2	3
61.940	0	19	51	55	78	5.48	0.00	0.00	idle	walking	0	0	1298	-2	3
61.974	0	19	51	55	78	5.48	0.00	0.00	idle	walking	0	0	1298	-2	3
62.006	0	19	51	55	78	5.48	0.00	0.00	idle	walking	0	0	1298	-2	3
62.041	0	19	51	55	78	5.48	0.00	0.00	idle	walking	0	0	1298	-2	3
62.074	0	19	51	55	78	5.48	0.00	0.00	idle	walking	0	0	1298	-2	3
62.107	0	19	51	55	78	5.48	0.00	0.00	idle	walking	0	0	1298	-2	3
62.126	0	19	51	55	78	5.48	0.00	0.00	idle	walking	0	0	1298	-2	3
62.157	0	19	51	55	78	5.48	0.00	0.00	idle	walking	0	0	1298	-2	3
62.190	0	19	51	55	78	5.48	0.00	0.00	idle	walking	0	0	1298	-2	3
62.258	0	19	51	55	78	5.48	0.00	0.00	idle	walking	0	0	1298	-2	3
62.290	0	19	51	55	78	5.48	0.00	0.00	idle	walking	0	0	1298	-2	3
62.324	0	19	51	55	78	5.48	0.00	0.00	idle	walking	0	0	1298	-2	3
62.345	0	19	51	55	78	5.48	0.00	0.00	idle	walking	0	0	1298	-2	3
62.376	0	19	51	55	78	5.48	0.00	0.00	idle	walking	0	0	1298	-2	3
62.406	0	19	51	55	78	5.48	0.00	0.00	idle	walking	0	0	1298	-2	3
62.441	0	19	51	55	78	5.48	0.00	0.00	idle	walking	0	0	1298	-2	3
62.475	1	19	51	50	74	6.28	0.00	0.00	idle	walking	0	0	1298	-2	3
62.508	1	21	53	50	74	6.28	1.89	1.89	idle	walking	0	0	1299	-48	-5
62.542	1	24	55	50	74	6.28	3.17	2.11	idle	walking	0	0	1300	3	2
62.566	0	71	64	50	74	6.28	0.00	0.00	idle	walking	0	0	1301	47	9
62.608	0	71	64	50	74	6.28	0.00	0.00	idle	walking	0	0	1301	47	9
62.639	0	71	64	50	74	6.28	0.00	0.00	idle	walking	0	0	1301	47	9
62.657	0	71	64	50	74	6.28	0.00	0.00	idle	walking	0	0	1301	47	9
62.691	0	71	64	50	74	6.28	0.00	0.00	idle	walking	0	0	1301	47	9
62.723	0	71	64	50	74	6.28	0.00	0.00	idle	walking	0	0	1301	47	9
62.757	0	21	57	50	74	6.28	0.00	0.00	idle	walking	0	0	1301	47	9
63.105	0	21	57	50	74	6.28	0.00	0.00	idle	walking	0	0	1301	47	9
63.258	0	21	57	50	74	6.28	0.00	0.00	idle	walking	0	0	1301	47	9
63.291	0	21	57	50	74	6.28	0.00	0.00	idle	walking	0	0	1301	47	9
63.325	0	21	57	50	74	6.28	0.00	0.00	idle	walking	0	0	1301	47	9
63.353	0	21	57	50	74	6.28	0.00	0.00	idle	walking	0	0	1301	47	9
63.386	0	21	57	50	74	6.28	0.00	0.00	idle	walking	0	0	1301	47	9
63.416	0	21	57	50	74	6.28	0.00	0.00	idle	walking	0	0	1301	47	9
63.441	0	21	57	50	74	6.28	0.00	0.00	idle	walking	0	0	1301	47	9
63.474	0	21	57	50	74	6.28	0.00	0.00	idle	walking	0	0	1301	47	9
63.507	0	21	57	50	74	6.28	0.00	0.00	idle	walking	0	0	1301	47	9
63.540	0	21	57	50	74	6.28	0.00	0.00	idle	walking	0	0	1301	47	9
63.603	0	21	57	50	74	6.28	0.00	0.00	idle	walking	0	0	1301	47	9
63.633	0	21	57	50	74	6.28	0.00	0.00	idle	walking	0	0	1301	47	9
63.665	0	21	57	50	74	6.28	0.00	0.00	idle	walking	0	0	1301	47	9
63.690	0	21	57	50	74	6.28	0.00	0.00	idle	walking	0	0	1301	47	9
63.724	0	21	57	50	74	6.28	0.00	0.00	idle	walking	0	0	1301	47	9
63.757	0	21	57	50	74	6.28	0.00	0.00	idle	walking	0	0	1301	47	9
63.790	0	21	57	50	74	6.28	0.00	0.00	idle	walking	0	0	1301	47	9
63.819	0	21	57	50	74	6.28	0.00	0.00	idle	walking	0	0	1301	47	9
63.851	0	21	57	50	74	6.28	0.00	0.00	idle	walking	0	0	1301	47	9
63.882	0	21	57	50	74	6.28	0.00	0.00	idle	walking	0	0	1301	47	9
63.907	0	21	57	50	74	6.28	0.00	0.00	idle	walking	0	0	1301	47	9
63.940	0	21	57	50	74	6.28	0.00	0.00	idle	walking	0	0	1301	47	9
63.975	0	21	57	50	74	6.28	0.00	0.00	idle	walking	0	0	1301	47	9
64.006	0	21	57	50	74	6.28	0.00	0.00	idle	walking	0	0	1301	47	9
64.038	0	21	57	50	74	6.28	0.00	0.00	idle	walking	0	0	1301	47	9
64.068	0	21	57	50	74	6.28	0.00	0.00	idle	walking	0	0	1301	47	9
64.101	0	21	57	50	74	6.28	0.00	0.00	idle	walking	0	0	1301	47	9
64.131	0	21	57	50	74	6.28	0.00	0.00	idle	walking	0	0	1301	47	9
64.158	0	21	57	50	74	6.28	0.00	0.00	idle	walking	0	0	1301	47	9
64.190	0	21	57	50	74	6.28	0.00	0.00	idle	walking	0	0	1301	47	9
64.225	0	21	57	50	74	6.28	0.00	0.00	idle	walking	0	0	1301	47	9
64.255	0	21	57	50	74	6.28	0.00	0.00	idle	walking	0	0	1301	47	9
64.288	0	21	57	50	74	6.28	0.00	0.00	idle	walking	0	0	1301	47	9
64.317	0	21	57	50	74	6.28	0.00	0.00	idle	walking	0	0	1301	47	9
64.348	0	21	57	50	74	6.28	0.00	0.00	idle	walking	0	0	1301	47	9
64.380	0	21	57	50	74	6.28	0.00	0.00	idle	walking	0	0	1301	47	9
64.412	0	21	57	50	74	6.28	0.00	0.00	idle	walking	0	0	1301	47	9
64.440	0	21	57	50	74	6.28	0.00	0.00	idle	walking	0	0	1301	47	9
64.473	0	21	57	50	74	6.28	0.00	0.00	idle	walking	0	0	1301	47	9
64.506	0	21	57	50	74	6.28	0.00	0.00	idle	walking	0	0	1301	47	9
64.536	0	21	57	50	74	6.28	0.00	0.00	idle	walking	0	0	1301	47	9
64.568	0	21	57	50	74	6.28	0.00	0.00	idle	walking	0	0	1301	47	9
64.600	0	21	57	50	74	6.28	0.00	0.00	idle	walking	0	0	1301	47	9
64.630	0	21	57	50	74	6.28	0.00	0.00	idle	walking	0	0	1301	47	9
64.658	0	21	57	50	74	6.28	0.00	0.00	idle	walking	0	0	1301	47	9
64.691	0	21	57	50	74	6.28	0.00	0.00	idle	walking	0	0	1301	47	9
64.723	0	21	57	50	74	6.28	0.00	0.00	idle	walking	0	0	1301	47	9
64.754	0	21	57	50	74	6.28	0.00	0.00	idle	walking	0	0	1301	47	9
64.786	0	21	57	50	74	6.28	0.00	0.00	idle	walking	0	0	1301	47	9
64.818	0	21	57	50	74	6.28	0.00	0.00	idle	walking	0	0	1301	47	9
64.847	0	21	57	50	74	6.28	0.00	0.00	idle	walking	0	0	1301	47	9
64.877	0	21	57	50	74	6.28	0.00	0.00	idle	walking	0	0	1301	47	9
64.910	0	21	57	50	74	6.28	0.00	0.00	idle	walking	0	0	1301	47	9
64.941	0	21	57	50	74	6.28	0.00	0.00	idle	walking	0	0	1301	47	9
64.972	0	21	57	50	74	6.28	0.00	0.00	idle	walking	0	0	1301	47	9
65.002	0	21	57	50	74	6.28	0.00	0.00	idle	walking	0	0	1301	47	9
65.033	0	21	57	50	74	6.28	0.00	0.00	idle	walking	0	0	1301	47	9
65.065	0	21	57	50	74	6.28	0.00	0.00	idle	walking	0	0	1301	47	9
65.096	0	21	57	50	74	6.28	0.00	0.00	idle	walking	0	0	1301	47	9
65.128	0	21	57	50	74	6.28	0.00	0.00	idle	walking	0	0	1301	47	9
65.158	0	21	57	50	74	6.28	0.00	0.00	idle	walking	0	0	1301	47	9
65.190	0	21	57	50	74	6.28	0.00	0.00	idle	walking	0	0	1301	47	9
65.222	0	21	57	50	74	6.28	0.00	0.00	idle	walking	0	0	1301	47	9
65.257	0	21	57	50	74	6.28	0.00	0.00	idle	walking	0	0	1301	47	9
65.292	0	21	57	50	74	6.28	0.00	0.00	idle	walking	0	0	1301	47	9
65.324	0	21	57	50	74	6.28	0.00	0.00	idle	walking	0	0	1301	47	9
65.357	0	21	57	50	74	6.28	0.00	0.00	idle	walking	0	0	1301	47	9
65.377	0	21	57	50	74	6.28	0.00	0.00	idle	walking	0	0	1301	47	9
65.408	0	21	57	50	74	6.28	0.00	0.00	idle	walking	0	0	1301	47	9
65.442	0	21	57	50	74	6.28	0.00	0.00	idle	walking	0	0	1301	47	9
65.474	0	21	57	50	74	6.28	0.00	0.00	idle	walking	0	0	1301	47	9
65.507	0	21	57	50	74	6.28	0.00	0.00	idle	walking	0	0	1301	47	9
65.542	0	21	57	50	74	6.28	0.00	0.00	idle	walking	0	0	1301	47	9
65.574	0	21	57	50	74	6.28	0.00	0.00	idle	walking	0	0	1301	47	9
65.607	0	21	57	50	74	6.28	0.00	0.00	idle	walking	0	0	1301	47	9
65.638	0	21	57	50	74	6.28	0.00	0.00	idle	walking	0	0	1301	47	9
65.657	0	21	57	50	74	6.28	0.00	0.00	idle	walking	0	0	1301	47	9
65.691	0	21	57	50	74	6.28	0.00	0.00	idle	walking	0	0	1301	47	9
65.724	0	21	57	50	74	6.28	0.00	0.00	idle	walking	0	0	1301	47	9
65.757	0	21	57	50	74	6.28	0.00	0.00	idle	walking	0	0	1301	47	9
65.802	0	21	57	50	74	6.28	0.00	0.00	idle	walking	0	0	1301	47	9
65.824	0	21	57	50	74	6.28	0.00	0.00	idle	walking	0	0	1301	47	9
65.854	0	21	57	50	74	6.28	0.00	0.00	idle	walking	0	0	1301	47	9
65.886	0	21	57	50	74	6.28	0.00	0.00	idle	walking	0	0	1301	47	9
65.916	0	21	57	50	74	6.28	0.00	0.00	idle	walking	0	0	1301	47	9
65.940	0	21	57	50	74	6.28	0.00	0.00	idle	walking	0	0	1301	47	9
65.974	0	21	57	50	74	6.28	0.00	0.00	idle	walking	0	0	1301	47	9
66.160	0	21	57	50	74	6.28	0.00	0.00	idle	walking	0	0	1301	47	9
66.191	0	21	57	50	74	6.28	0.00	0.00	idle	walking	0	0	1301	47	9
66.223	0	21	57	50	74	6.28	0.00	0.00	idle	walking	0	0	1301	47	9
66.257	0	21	57	50	74	6.28	0.00	0.00	idle	walking	0	0	1301	47	9
66.288	0	21	57	50	74	6.28	0.00	0.00	idle	walking	0	0	1301	47	9
66.318	0	21	57	50	74	6.28	0.00	0.00	idle	walking	0	0	1301	47	9
66.352	0	21	57	50	74	6.28	0.00	0.00	idle	walking	0	0	1301	47	9
66.381	0	21	57	50	74	6.28	0.00	0.00	idle	walking	0	0	1301	47	9
66.408	0	21	57	50	74	6.28	0.00	0.00	idle	walking	0	0	1301	47	9
66.439	0	21	57	50	74	6.28	0.00	0.00	idle	walking	0	0	1301	47	9
66.474	0	21	57	50	74	6.28	0.00	0.00	idle	walking	0	0	1301	47	9
66.506	0	21	57	50	74	6.28	0.00	0.00	idle	walking	0	0	1301	47	9
66.537	0	21	57	50	74	6.28	0.00	0.00	idle	walking	0	0	1301	47	9
66.569	0	21	57	50	74	6.28	0.00	0.00	idle	walking	0	0	1301	47	9
66.599	0	21	57	50	74	6.28	0.00	0.00	idle	walking	0	0	1301	47	9
66.631	0	21	57	50	74	6.28	0.00	0.00	idle	walking	0	0	1301	47	9
66.663	0	21	57	50	74	6.28	0.00	0.00	idle	walking	0	0	1301	47	9
66.691	0	21	57	50	74	6.28	0.00	0.00	idle	walking	0	0	1301	47	9
66.724	0	21	57	50	74	6.28	0.00	0.00	idle	walking	0	0	1301	47	9
66.755	0	21	57	50	74	6.28	0.00	0.00	idle	walking	0	0	1301	47	9
66.785	0	21	57	50	74	6.28	0.00	0.00	idle	walking	0	0	1301	47	9
66.817	0	21	57	50	74	6.28	0.00	0.00	idle	walking	0	0	1301	47	9
66.847	0	21	57	50	74	6.28	0.00	0.00	idle	walking	0	0	1301	47	9
66.880	0	21	57	50	74	6.28	0.00	0.00	idle	walking	0	0	1301	47	9
66.907	0	21	57	50	74	6.28	0.00	0.00	idle	walking	0	0	1301	47	9
66.940	0	21	57	50	74	6.28	0.00	0.00	idle	walking	0	0	1301	47	9
66.973	0	21	57	50	74	6.28	0.00	0.00	idle	walking	0	0	1301	47	9
67.004	0	21	57	50	74	6.28	0.00	0.00	idle	walking	0	0	1301	47	9
67.035	0	21	57	50	74	6.28	0.00	0.00	idle	walking	0	0	1301	47	9
67.066	0	21	57	50	74	6.28	0.00	0.00	idle	walking	0	0	1301	47	9
67.097	0	21	57	50	74	6.28	0.00	0.00	idle	walking	0	0	1301	47	9
67.128	0	21	57	50	74	6.28	0.00	0.00	idle	walking	0	0	1301	47	9
67.157	0	21	57	50	74	6.28	0.00	0.00	idle	walking	0	0	1301	47	9
67.190	0	21	57	50	74	6.28	0.00	0.00	idle	walking	0	0	1301	47	9
67.221	0	21	57	50	74	6.28	0.00	0.00	idle	walking	0	0	1301	47	9
67.251	0	21	57	50	74	6.28	0.00	0.00	idle	walking	0	0	1301	47	9
67.283	0	21	57	50	74	6.28	0.00	0.00	idle	walking	0	0	1301	47	9
67.314	0	21	57	50	74	6.28	0.00	0.00	idle	walking	0	0	1301	47	9
67.345	0	21	57	50	74	6.28	0.00	0.00	idle	walking	0	0	1301	47	9
67.378	0	21	57	50	74	6.28	0.00	0.00	idle	walking	0	0	1301	47	9
67.409	0	21	57	50	74	6.28	0.00	0.00	idle	walking	0	0	1301	47	9
67.440	0	21	57	50	74	6.28	0.00	0.00	idle	walking	0	0	1301	47	9
67.473	0	21	57	50	74	6.28	0.00	0.00	idle	walking	0	0	1301	47	9
67.508	0	21	57	50	74	6.28	0.00	0.00	idle	walking	0	0	1301	47	9
67.540	0	21	57	50	74	6.28	0.00	0.00	idle	walking	0	0	1301	47	9
67.574	0	21	57	50	74	6.28	0.00	0.00	idle	walking	0	0	1301	47	9
67.609	0	21	57	50	74	6.28	0.00	0.00	idle	walking	0	0	1301	47	9
67.640	0	21	57	50	74	6.28	0.00	0.00	idle	walking	0	0	1301	47	9
67.689	0	21	57	50	74	6.28	0.00	0.00	idle	walking	0	0	1301	47	9
67.724	0	21	57	50	74	6.28	0.00	0.00	idle	walking	0	0	1301	47	9
67.757	0	21	57	50	74	6.28	0.00	0.00	idle	walking	0	0	1301	47	9
67.791	0	21	57	50	74	6.28	0.00	0.00	idle	walking	0	0	1301	47	9
67.824	0	21	57	50	74	6.28	0.00	0.00	idle	walking	0	0	1301	47	9
67.856	0	21	57	50	74	6.28	0.00	0.00	idle	walking	0	0	1301	47	9
67.889	0	21	57	50	74	6.28	0.00	0.00	idle	walking	0	0	1301	47	9
67.907	0	21	57	50	74	6.28	0.00	0.00	idle	walking	0	0	1301	47	9
67.941	0	21	57	50	74	6.28	0.00	0.00	idle	walking	0	0	1301	47	9
67.974	0	21	57	50	74	6.28	0.00	0.00	idle	walking	0	0	1301	47	9
68.006	0	21	57	50	74	6.28	0.00	0.00	idle	walking	0	0	1301	47	9
68.040	0	21	57	50	74	6.28	0.00	0.00	idle	walking	0	0	1301	47	9
68.074	0	21	57	50	74	6.28	0.00	0.00	idle	walking	0	0	1301	47	9
68.094	0	21	57	50	74	6.28	0.00	0.00	idle	walking	0	0	1301	47	9
68.138	0	21	57	50	74	6.28	0.00	0.00	idle	walking	0	0	1301	47	9
68.159	0	21	57	50	74	6.28	0.00	0.00	idle	walking	0	0	1301	47	9
68.190	0	21	57	50	74	6.28	0.00	0.00	idle	walking	0	0	1301	47	9
68.223	0	21	57	50	74	6.28	0.00	0.00	idle	walking	0	0	1301	47	9
68.257	0	21	57	50	74	6.28	0.00	0.00	idle	walking	0	0	1301	47	9
68.290	0	21	57	50	74	6.28	0.00	0.00	idle	walking	0	0	1301	47	9
68.323	0	21	57	50	74	6.28	0.00	0.00	idle	walking	0	0	1301	47	9
68.357	0	21	57	50	74	6.28	0.00	0.00	idle	walking	0	0	1301	47	9
68.375	0	21	57	50	74	6.28	0.00	0.00	idle	walking	0	0	1301	47	9
68.407	0	21	57	50	74	6.28	0.00	0.00	idle	walking	0	0	1301	47	9
68.439	0	21	57	50	74	6.28	0.00	0.00	idle	walking	0	0	1301	47	9
68.473	0	21	57	50	74	6.28	0.00	0.00	idle	walking	0	0	1301	47	9
68.508	0	21	57	50	74	6.28	0.00	0.00	idle	walking	0	0	1301	47	9
68.541	0	21	57	50	74	6.28	0.00	0.00	idle	walking	0	0	1301	47	9
68.573	0	21	57	50	74	6.28	0.00	0.00	idle	walking	0	0	1301	47	9
68.598	0	21	57	50	74	6.28	0.00	0.00	idle	walking	0	0	1301	47	9
68.637	0	21	57	50	74	6.28	0.00	0.00	idle	walking	0	0	1301	47	9
68.657	0	21	57	50	74	6.28	0.00	0.00	idle	walking	0	0	1301	47	9
68.690	0	21	57	50	74	6.28	0.00	0.00	idle	walking	0	0	1301	47	9
68.724	0	21	57	50	74	6.28	0.00	0.00	idle	walking	0	0	1301	47	9
68.756	0	21	57	50	74	6.28	0.00	0.00	idle	walking	0	0	1301	47	9
68.791	0	21	57	50	74	6.28	0.00	0.00	idle	walking	0	0	1301	47	9
68.814	0	21	57	50	74	6.28	0.00	0.00	idle	walking	0	0	1301	47	9
68.844	0	21	57	50	74	6.28	0.00	0.00	idle	walking	0	0	1301	47	9
68.889	0	21	57	50	74	6.28	0.00	0.00	idle	walking	0	0	1301	47	9
68.923	0	21	57	50	74	6.28	0.00	0.00	idle	walking	0	0	1301	47	9
68.941	0	21	57	50	74	6.28	0.00	0.00	idle	walking	0	0	1301	47	9
68.973	0	21	57	50	74	6.28	0.00	0.00	idle	walking	0	0	1301	47	9
69.123	0	21	57	50	74	6.28	0.00	0.00	idle	walking	0	0	1301	47	9
69.160	0	21	57	50	74	6.28	0.00	0.00	idle	walking	0	0	1301	47	9
69.191	0	21	57	50	74	6.28	0.00	0.00	idle	walking	0	0	1301	47	9
69.223	0	21	57	50	74	6.28	0.00	0.00	idle	walking	0	0	1301	47	9
69.256	0	21	57	50	74	6.28	0.00	0.00	idle	walking	0	0	1301	47	9
69.291	0	21	57	50	74	6.28	0.00	0.00	idle	walking	0	0	1301	47	9
69.324	0	21	57	50	74	6.28	0.00	0.00	idle	walking	0	0	1301	47	9
69.357	0	21	57	50	74	6.28	0.00	0.00	idle	walking	0	0	1301	47	9
69.389	0	21	57	50	74	6.28	0.00	0.00	idle	walking	0	0	1301	47	9
69.418	0	21	57	50	74	6.28	0.00	0.00	idle	walking	0	0	1301	47	9
69.440	0	21	57	50	74	6.28	0.00	0.00	idle	walking	0	0	1301	47	9
69.474	0	21	57	50	74	6.28	0.00	0.00	idle	walking	0	0	1301	47	9
69.508	0	21	57	50	74	6.28	0.00	0.00	idle	walking	0	0	1301	47	9
69.540	0	21	57	50	74	6.28	0.00	0.00	idle	walking	0	0	1301	47	9
69.573	0	21	57	50	74	6.28	0.00	0.00	idle	walking	0	0	1301	47	9
69.595	0	21	57	50	74	6.28	0.00	0.00	idle	walking	0	0	1301	47	9
69.640	0	21	57	50	74	6.28	0.00	0.00	idle	walking	0	0	1301	47	9
69.672	0	21	57	50	74	6.28	0.00	0.00	idle	walking	0	0	1301	47	9
69.690	0	21	57	50	74	6.28	0.00	0.00	idle	walking	0	0	1301	47	9
69.724	0	21	57	50	74	6.28	0.00	0.00	idle	walking	0	0	1301	47	9
69.756	0	21	57	50	74	6.28	0.00	0.00	idle	walking	0	0	1301	47	9
69.788	0	21	57	50	74	6.28	0.00	0.00	idle	walking	0	0	1301	47	9
69.824	0	21	57	50	74	6.28	0.00	0.00	idle	walking	0	0	1301	47	9
69.857	0	21	57	50	74	6.28	0.00	0.00	idle	walking	0	0	1301	47	9
69.878	0	21	57	50	74	6.28	0.00	0.00	idle	walking	0	0	1301	47	9
69.920	0	21	57	50	74	6.28	0.00	0.00	idle	walking	0	0	1301	47	9
69.941	0	21	57	50	74	6.28	0.00	0.00	idle	walking	0	0	1301	47	9
69.975	0	21	57	50	74	6.28	0.00	0.00	idle	walking	0	0	1301	47	9
70.007	0	21	57	50	74	6.28	0.00	0.00	idle	walking	0	0	1301	47	9
70.032	0	21	57	50	74	6.28	0.00	0.00	idle	walking	0	0	1301	47	9
70.073	0	21	57	50	74	6.28	0.00	0.00	idle	walking	0	0	1301	47	9
70.107	0	21	57	50	74	6.28	0.00	0.00	idle	walking	0	0	1301	47	9
70.137	0	21	57	50	74	6.28	0.00	0.00	idle	walking	0	0	1301	47	9
70.156	0	21	57	50	74	6.28	0.00	0.00	idle	walking	0	0	1301	47	9
70.190	0	21	57	50	74	6.28	0.00	0.00	idle	walking	0	0	1301	47	9
70.225	0	21	57	50	74	6.28	0.00	0.00	idle	walking	0	0	1301	47	9
70.257	0	21	57	50	74	6.28	0.00	0.00	idle	walking	0	0	1301	47	9
70.292	0	21	57	50	74	6.28	0.00	0.00	idle	walking	0	0	1301	47	9
70.323	0	21	57	50	74	6.28	0.00	0.00	idle	walking	0	0	1301	47	9
70.354	0	21	57	50	74	6.28	0.00	0.00	idle	walking	0	0	1301	47	9
70.386	0	21	57	50	74	6.28	0.00	0.00	idle	walking	0	0	1301	47	9
70.407	0	21	57	50	74	6.28	0.00	0.00	idle	walking	0	0	1301	47	9
70.441	0	21	57	50	74	6.28	0.00	0.00	idle	walking	0	0	1301	47	9
70.474	0	21	57	50	74	6.28	0.00	0.00	idle	walking	0	0	1301	47	9
70.507	0	21	57	50	74	6.28	0.00	0.00	idle	walking	0	0	1301	47	9
70.539	0	21	57	50	74	6.28	0.00	0.00	idle	walking	0	0	1301	47	9
70.571	0	21	57	50	74	6.28	0.00	0.00	idle	walking	0	0	1301	47	9
70.603	0	21	57	50	74	6.28	0.00	0.00	idle	walking	0	0	1301	47	9
70.632	0	21	57	50	74	6.28	0.00	0.00	idle	walking	0	0	1301	47	9
70.657	0	21	57	50	74	6.28	0.00	0.00	idle	walking	0	0	1301	47	9
70.691	0	21	57	50	74	6.28	0.00	0.00	idle	walking	0	0	1301	47	9
70.723	0	21	57	50	74	6.28	0.00	0.00	idle	walking	0	0	1301	47	9
70.757	0	21	57	50	74	6.28	0.00	0.00	idle	walking	0	0	1301	47	9
70.788	0	21	57	50	74	6.28	0.00	0.00	idle	walking	0	0	1301	47	9
70.818	0	21	57	50	74	6.28	0.00	0.00	idle	walking	0	0	1301	47	9
70.851	0	21	57	50	74	6.28	0.00	0.00	idle	walking	0	0	1301	47	9
70.881	0	21	57	50	74	6.28	0.00	0.00	idle	walking	0	0	1301	47	9
70.909	0	21	57	50	74	6.28	0.00	0.00	idle	walking	0	0	1301	47	9
70.940	0	21	57	50	74	6.28	0.00	0.00	idle	walking	0	0	1301	47	9
70.974	0	21	57	50	74	6.28	0.00	0.00	idle	walking	0	0	1301	47	9
71.006	0	21	57	50	74	6.28	0.00	0.00	idle	walking	0	0	1301	47	9
71.036	0	21	57	50	74	6.28	0.00	0.00	idle	walking	0	0	1301	47	9
71.067	0	21	57	50	74	6.28	0.00	0.00	idle	walking	0	0	1301	47	9
71.098	0	21	57	50	74	6.28	0.00	0.00	idle	walking	0	0	1301	47	9
71.129	0	21	57	50	74	6.28	0.00	0.00	idle	walking	0	0	1301	47	9
71.163	0	21	57	50	74	6.28	0.00	0.00	idle	walking	0	0	1301	47	9
71.189	0	21	57	50	74	6.28	0.00	0.00	idle	walking	0	0	1301	47	9
71.221	0	21	57	50	74	6.28	0.00	0.00	idle	walking	0	0	1301	47	9
71.253	0	21	57	50	74	6.28	0.00	0.00	idle	walking	0	0	1301	47	9
71.293	0	21	57	50	74	6.28	0.00	0.00	idle	walking	0	0	1301	47	9
71.314	0	21	57	50	74	6.28	0.00	0.00	idle	walking	0	0	1301	47	9
71.346	0	21	57	50	74	6.28	0.00	0.00	idle	walking	0	0	1301	47	9
71.378	0	21	57	50	74	6.28	0.00	0.00	idle	walking	0	0	1301	47	9
71.407	0	21	57	50	74	6.28	0.00	0.00	idle	walking	0	0	1301	47	9
71.440	0	21	57	50	74	6.28	0.00	0.00	idle	walking	0	0	1301	47	9
71.474	0	21	57	50	74	6.28	0.00	0.00	idle	walking	0	0	1301	47	9
71.507	0	21	57	50	74	6.28	0.00	0.00	idle	walking	0	0	1301	47	9
71.541	0	21	57	50	74	6.28	0.00	0.00	idle	walking	0	0	1301	47	9
71.566	0	21	57	50	74	6.28	0.00	0.00	idle	walking	0	0	1301	47	9
71.606	0	21	57	50	74	6.28	0.00	0.00	idle	walking	0	0	1301	47	9
71.640	0	21	57	50	74	6.28	0.00	0.00	idle	walking	0	0	1301	47	9
71.670	0	21	57	50	74	6.28	0.00	0.00	idle	walking	0	0	1301	47	9
71.691	0	21	57	50	74	6.28	0.00	0.00	idle	walking	0	0	1301	47	9
71.724	0	21	57	50	74	6.28	0.00	0.00	idle	walking	0	0	1301	47	9
71.756	0	21	57	50	74	6.28	0.00	0.00	idle	walking	0	0	1301	47	9
71.791	0	21	57	50	74	6.28	0.00	0.00	idle	walking	0	0	1301	47	9
71.824	0	21	57	50	74	6.28	0.00	0.00	idle	walking	0	0	1301	47	9
71.857	0	21	57	50	74	6.28	0.00	0.00	idle	walking	0	0	1301	47	9
71.890	0	21	57	50	74	6.28	0.00	0.00	idle	walking	0	0	1301	47	9
71.907	0	21	57	50	74	6.28	0.00	0.00	idle	walking	0	0	1301	47	9
71.940	0	21	57	50	74	6.28	0.00	0.00	idle	walking	0	0	1301	47	9
71.974	0	21	57	50	74	6.28	0.00	0.00	idle	walking	0	0	1301	47	9
72.117	0	21	57	50	74	6.28	0.00	0.00	idle	walking	0	0	1301	47	9
72.134	0	21	57	50	74	6.28	0.00	0.00	idle	walking	0	0	1301	47	9
72.165	0	21	57	50	74	6.28	0.00	0.00	idle	walking	0	0	1301	47	9
72.191	0	21	57	50	74	6.28	0.00	0.00	idle	walking	0	0	1301	47	9
72.226	0	21	57	50	74	6.28	0.00	0.00	idle	walking	0	0	1301	47	9
72.257	0	21	57	50	74	6.28	0.00	0.00	idle	walking	0	0	1301	47	9
72.290	0	21	57	50	74	6.28	0.00	0.00	idle	walking	0	0	1301	47	9
72.320	0	21	57	50	74	6.28	0.00	0.00	idle	walking	0	0	1301	47	9
72.350	0	21	57	50	74	6.28	0.00	0.00	idle	walking	0	0	1301	47	9
72.382	0	21	57	50	74	6.28	0.00	0.00	idle	walking	0	0	1301	47	9
72.413	0	21	57	50	74	6.28	0.00	0.00	idle	walking	0	0	1301	47	9
72.441	0	21	57	50	74	6.28	0.00	0.00	idle	walking	0	0	1301	47	9
72.473	0	21	57	50	74	6.28	0.00	0.00	idle	walking	0	0	1301	47	9
72.507	0	21	57	50	74	6.28	0.00	0.00	idle	walking	0	0	1301	47	9
72.539	0	21	57	50	74	6.28	0.00	0.00	idle	walking	0	0	1301	47	9
72.569	0	21	57	50	74	6.28	0.00	0.00	idle	walking	0	0	1301	47	9
72.603	0	21	57	50	74	6.28	0.00	0.00	idle	walking	0	0	1301	47	9
72.632	0	21	57	50	74	6.28	0.00	0.00	idle	walking	0	0	1301	47	9
72.664	0	21	57	50	74	6.28	0.00	0.00	idle	walking	0	0	1301	47	9
72.690	0	21	57	50	74	6.28	0.00	0.00	idle	walking	0	0	1301	47	9
72.723	0	21	57	50	74	6.28	0.00	0.00	idle	walking	0	0	1301	47	9
72.757	0	21	57	50	74	6.28	0.00	0.00	idle	walking	0	0	1301	47	9
72.788	0	21	57	50	74	6.28	0.00	0.00	idle	walking	0	0	1301	47	9
72.821	0	21	57	50	74	6.28	0.00	0.00	idle	walking	0	0	1301	47	9
72.852	0	21	57	50	74	6.28	0.00	0.00	idle	walking	0	0	1301	47	9
72.882	0	21	57	50	74	6.28	0.00	0.00	idle	walking	0	0	1301	47	9
72.908	0	21	57	50	74	6.28	0.00	0.00	idle	walking	0	0	1301	47	9
72.939	0	21	57	50	74	6.28	0.00	0.00	idle	walking	0	0	1301	47	9
72.973	0	21	57	50	74	6.28	0.00	0.00	idle	walking	0	0	1301	47	9
73.007	0	21	57	50	74	6.28	0.00	0.00	idle	walking	0	0	1301	47	9
73.038	0	21	57	50	74	6.28	0.00	0.00	idle	walking	0	0	1301	47	9
73.069	0	21	57	50	74	6.28	0.00	0.00	idle	walking	0	0	1301	47	9
73.100	0	21	57	50	74	6.28	0.00	0.00	idle	walking	0	0	1301	47	9
73.132	0	21	57	50	74	6.28	0.00	0.00	idle	walking	0	0	1301	47	9
73.167	0	21	57	50	74	6.28	0.00	0.00	idle	walking	0	0	1301	47	9
73.191	0	21	57	50	74	6.28	0.00	0.00	idle	walking	0	0	1301	47	9
73.226	0	21	57	50	74	6.28	0.00	0.00	idle	walking	0	0	1301	47	9
73.257	0	21	57	50	74	6.28	0.00	0.00	idle	walking	0	0	1301	47	9
73.354	0	21	57	50	74	6.28	0.00	0.00	idle	walking	0	0	1301	47	9
73.381	0	21	57	50	74	6.28	0.00	0.00	idle	walking	0	0	1301	47	9
73.414	0	21	57	50	74	6.28	0.00	0.00	idle	walking	0	0	1301	47	9
73.441	0	21	57	50	74	6.28	0.00	0.00	idle	walking	0	0	1301	47	9
73.474	0	21	57	50	74	6.28	0.00	0.00	idle	walking	0	0	1301	47	9
73.505	0	21	57	50	74	6.28	0.00	0.00	idle	walking	0	0	1301	47	9
73.536	0	21	57	50	74	6.28	0.00	0.00	idle	walking	0	0	1301	47	9
73.567	0	21	57	50	74	6.28	0.00	0.00	idle	walking	0	0	1301	47	9
73.599	0	21	57	50	74	6.28	0.00	0.00	idle	walking	0	0	1301	47	9
73.628	0	21	57	50	74	6.28	0.00	0.00	idle	walking	0	0	1301	47	9
73.658	0	21	57	50	74	6.28	0.00	0.00	idle	walking	0	0	1301	47	9
73.691	0	21	57	50	74	6.28	0.00	0.00	idle	walking	0	0	1301	47	9
73.722	0	21	57	50	74	6.28	0.00	0.00	idle	walking	0	0	1301	47	9
73.752	0	21	57	50	74	6.28	0.00	0.00	idle	walking	0	0	1301	47	9
73.784	0	21	57	50	74	6.28	0.00	0.00	idle	walking	0	0	1301	47	9
73.814	0	21	57	50	74	6.28	0.00	0.00	idle	walking	0	0	1301	47	9
73.845	0	21	57	50	74	6.28	0.00	0.00	idle	walking	0	0	1301	47	9
73.890	0	21	57	50	74	6.28	0.00	0.00	idle	walking	0	0	1301	47	9
73.922	0	21	57	50	74	6.28	0.00	0.00	idle	walking	0	0	1301	47	9
73.942	0	21	57	50	74	6.28	0.00	0.00	idle	walking	0	0	1301	47	9
73.973	0	21	57	50	74	6.28	0.00	0.00	idle	walking	0	0	1301	47	9
74.007	0	21	57	50	74	6.28	0.00	0.00	idle	walking	0	0	1301	47	9
74.040	0	21	57	50	74	6.28	0.00	0.00	idle	walking	0	0	1301	47	9
74.073	0	21	57	50	74	6.28	0.00	0.00	idle	walking	0	0	1301	47	9
74.107	0	21	57	50	74	6.28	0.00	0.00	idle	walking	0	0	1301	47	9
74.140	0	21	57	50	74	6.28	0.00	0.00	idle	walking	0	0	1301	47	9
74.157	0	21	57	50	74	6.28	0.00	0.00	idle	walking	0	0	1301	47	9
74.190	1	21	57	50	59	5.69	0.00	0.00	idle	walking	0	0	1301	47	9
74.224	0	23	57	50	59	5.69	0.00	0.00	idle	walking	0	0	1302	-48	-7
74.258	0	23	57	50	59	5.69	0.00	0.00	idle	walking	0	0	1302	-48	-7
74.290	0	23	57	50	59	5.69	0.00	0.00	idle	walking	0	0	1302	-48	-7
74.324	0	23	57	50	59	5.69	0.00	0.00	idle	walking	0	0	1302	-48	-7
74.356	0	23	57	50	59	5.69	0.00	0.00	idle	walking	0	0	1302	-48	-7
74.385	0	23	57	50	59	5.69	0.00	0.00	idle	walking	0	0	1302	-48	-7
74.409	0	23	57	50	59	5.69	0.00	0.00	idle	walking	0	0	1302	-48	-7
74.440	0	23	57	50	59	5.69	0.00	0.00	idle	walking	0	0	1302	-48	-7
74.473	0	23	57	50	59	5.69	0.00	0.00	idle	walking	0	0	1302	-48	-7
74.506	0	23	57	50	59	5.69	0.00	0.00	idle	walking	0	0	1302	-48	-7
74.540	0	23	57	50	59	5.69	0.00	0.00	idle	walking	0	0	1302	-48	-7
74.574	0	23	57	50	59	5.69	0.00	0.00	idle	walking	0	0	1302	-48	-7
74.604	0	23	57	50	59	5.69	0.00	0.00	idle	walking	0	0	1302	-48	-7
74.627	0	23	57	50	59	5.69	0.00	0.00	idle	walking	0	0	1302	-48	-7
74.657	0	23	57	50	59	5.69	0.00	0.00	idle	walking	0	0	1302	-48	-7
74.689	0	23	57	50	59	5.69	0.00	0.00	idle	walking	0	0	1302	-48	-7
74.723	0	23	57	50	59	5.69	0.00	0.00	idle	walking	0	0	1302	-48	-7
74.758	0	23	57	50	59	5.69	0.00	0.00	idle	walking	0	0	1302	-48	-7
74.791	0	23	57	50	59	5.69	0.00	0.00	idle	walking	0	0	1302	-48	-7
74.824	0	23	57	50	59	5.69	0.00	0.00	idle	walking	0	0	1302	-48	-7
74.845	0	23	57	50	59	5.69	0.00	0.00	idle	walking	0	0	1302	-48	-7
74.888	0	23	57	50	59	5.69	0.00	0.00	idle	walking	0	0	1302	-48	-7
74.918	0	23	57	50	59	5.69	0.00	0.00	idle	walking	0	0	1302	-48	-7
74.940	0	23	57	50	59	5.69	0.00	0.00	idle	walking	0	0	1302	-48	-7
74.974	0	23	57	50	59	5.69	0.00	0.00	idle	walking	0	0	1302	-48	-7
75.117	0	23	57	50	59	5.69	0.00	0.00	idle	walking	0	0	1302	-48	-7
75.136	0	23	57	50	59	5.69	0.00	0.00	idle	walking	0	0	1302	-48	-7
75.171	0	23	57	50	59	5.69	0.00	0.00	idle	walking	0	0	1302	-48	-7
75.191	0	23	57	50	59	5.69	0.00	0.00	idle	walking	0	0	1302	-48	-7
75.223	0	23	57	50	59	5.69	0.00	0.00	idle	walking	0	0	1302	-48	-7
75.257	0	23	57	50	59	5.69	0.00	0.00	idle	walking	0	0	1302	-48	-7
75.283	0	23	57	50	59	5.69	0.00	0.00	idle	walking	0	0	1302	-48	-7
75.323	0	23	57	50	59	5.69	0.00	0.00	idle	walking	0	0	1302	-48	-7
75.355	0	23	57	50	59	5.69	0.00	0.00	idle	walking	0	0	1302	-48	-7
75.386	0	23	57	50	59	5.69	0.00	0.00	idle	walking	0	0	1302	-48	-7
75.408	0	23	57	50	59	5.69	0.00	0.00	idle	walking	0	0	1302	-48	-7
75.441	0	23	57	50	59	5.69	0.00	0.00	idle	walking	0	0	1302	-48	-7
75.474	0	23	57	50	59	5.69	0.00	0.00	idle	walking	0	0	1302	-48	-7
75.508	0	23	57	50	59	5.69	0.00	0.00	idle	walking	0	0	1302	-48	-7
75.540	0	23	57	50	59	5.69	0.00	0.00	idle	walking	0	0	1302	-48	-7
75.573	0	23	57	50	59	5.69	0.00	0.00	idle	walking	0	0	1302	-48	-7
75.603	0	23	57	50	59	5.69	0.00	0.00	idle	walking	0	0	1302	-48	-7
75.633	0	23	57	50	59	5.69	0.00	0.00	idle	walking	0	0	1302	-48	-7
75.658	0	23	57	50	59	5.69	0.00	0.00	idle	walking	0	0	1302	-48	-7
75.690	0	23	57	50	59	5.69	0.00	0.00	idle	walking	0	0	1302	-48	-7
75.725	0	23	57	50	59	5.69	0.00	0.00	idle	walking	0	0	1302	-48	-7
75.757	0	23	57	50	59	5.69	0.00	0.00	idle	walking	0	0	1302	-48	-7
75.790	0	23	57	50	59	5.69	0.00	0.00	idle	walking	0	0	1302	-48	-7
75.822	0	23	57	50	59	5.69	0.00	0.00	idle	walking	0	0	1302	-48	-7
75.883	0	23	57	50	59	5.69	0.00	0.00	idle	walking	0	0	1302	-48	-7
75.913	0	23	57	50	59	5.69	0.00	0.00	idle	walking	0	0	1302	-48	-7
75.942	0	23	57	50	59	5.69	0.00	0.00	idle	walking	0	0	1302	-48	-7
75.974	0	23	57	50	59	5.69	0.00	0.00	idle	walking	0	0	1302	-48	-7
76.007	0	23	57	50	59	5.69	0.00	0.00	idle	walking	0	0	1302	-48	-7
76.038	0	23	57	50	59	5.69	0.00	0.00	idle	walking	0	0	1302	-48	-7
76.068	0	23	57	50	59	5.69	0.00	0.00	idle	walking	0	0	1302	-48	-7
76.100	0	23	57	50	59	5.69	0.00	0.00	idle	walking	0	0	1302	-48	-7
76.132	0	23	57	50	59	5.69	0.00	0.00	idle	walking	0	0	1302	-48	-7
76.161	0	23	57	50	59	5.69	0.00	0.00	idle	walking	0	0	1302	-48	-7
76.190	0	23	57	50	59	5.69	0.00	0.00	idle	walking	0	0	1302	-48	-7
76.223	0	23	57	50	59	5.69	0.00	0.00	idle	walking	0	0	1302	-48	-7
76.257	0	23	57	50	59	5.69	0.00	0.00	idle	walking	0	0	1302	-48	-7
76.296	0	23	57	50	59	5.69	0.00	0.00	idle	walking	0	0	1302	-48	-7
76.317	0	23	57	50	59	5.69	0.00	0.00	idle	walking	0	0	1302	-48	-7
76.350	0	23	57	50	59	5.69	0.00	0.00	idle	walking	0	0	1302	-48	-7
76.380	0	23	57	50	59	5.69	0.00	0.00	idle	walking	0	0	1302	-48	-7
76.412	0	23	57	50	59	5.69	0.00	0.00	idle	walking	0	0	1302	-48	-7
76.439	0	23	57	50	59	5.69	0.00	0.00	idle	walking	0	0	1302	-48	-7
76.475	0	23	57	50	59	5.69	0.00	0.00	idle	walking	0	0	1302	-48	-7
76.506	0	23	57	50	59	5.69	0.00	0.00	idle	walking	0	0	1302	-48	-7
76.537	0	23	57	50	59	5.69	0.00	0.00	idle	walking	0	0	1302	-48	-7
76.569	0	23	57	50	59	5.69	0.00	0.00	idle	walking	0	0	1302	-48	-7
76.596	0	23	57	50	59	5.69	0.00	0.00	idle	walking	0	0	1302	-48	-7
76.632	0	23	57	50	59	5.69	0.00	0.00	idle	walking	0	0	1302	-48	-7
76.658	0	23	57	50	59	5.69	0.00	0.00	idle	walking	0	0	1302	-48	-7
76.691	0	23	57	50	59	5.69	0.00	0.00	idle	walking	0	0	1302	-48	-7
76.724	0	23	57	50	59	5.69	0.00	0.00	idle	walking	0	0	1302	-48	-7
76.752	0	23	57	50	59	5.69	0.00	0.00	idle	walking	0	0	1302	-48	-7
76.788	0	23	57	50	59	5.69	0.00	0.00	idle	walking	0	0	1302	-48	-7
76.820	0	23	57	50	59	5.69	0.00	0.00	idle	walking	0	0	1302	-48	-7
76.852	0	23	57	50	59	5.69	0.00	0.00	idle	walking	0	0	1302	-48	-7
76.881	0	23	57	50	59	5.69	0.00	0.00	idle	walking	0	0	1302	-48	-7
76.914	0	23	57	50	59	5.69	0.00	0.00	idle	walking	0	0	1302	-48	-7
76.940	0	23	57	50	59	5.69	0.00	0.00	idle	walking	0	0	1302	-48	-7
76.974	0	23	57	50	59	5.69	0.00	0.00	idle	walking	0	0	1302	-48	-7
77.005	0	23	57	50	59	5.69	0.00	0.00	idle	walking	0	0	1302	-48	-7
77.036	0	23	57	50	59	5.69	0.00	0.00	idle	walking	0	0	1302	-48	-7
77.068	0	23	57	50	59	5.69	0.00	0.00	idle	walking	0	0	1302	-48	-7
77.097	0	23	57	50	59	5.69	0.00	0.00	idle	walking	0	0	1302	-48	-7
77.127	0	23	57	50	59	5.69	0.00	0.00	idle	walking	0	0	1302	-48	-7
77.157	0	23	57	50	59	5.69	0.00	0.00	idle	walking	0	0	1302	-48	-7
77.192	0	23	57	50	59	5.69	0.00	0.00	idle	walking	0	0	1302	-48	-7
77.223	0	23	57	50	59	5.69	0.00	0.00	idle	walking	0	0	1302	-48	-7
77.253	0	23	57	50	59	5.69	0.00	0.00	idle	walking	0	0	1302	-48	-7
77.284	0	23	57	50	59	5.69	0.00	0.00	idle	walking	0	0	1302	-48	-7
77.315	0	23	57	50	59	5.69	0.00	0.00	idle	walking	0	0	1302	-48	-7
77.348	0	23	57	50	59	5.69	0.00	0.00	idle	walking	0	0	1302	-48	-7
77.376	0	23	57	50	59	5.69	0.00	0.00	idle	walking	0	0	1302	-48	-7
77.406	0	23	57	50	59	5.69	0.00	0.00	idle	walking	0	0	1302	-48	-7
77.439	0	23	57	50	59	5.69	0.00	0.00	idle	walking	0	0	1302	-48	-7
77.474	0	23	57	50	59	5.69	0.00	0.00	idle	walking	0	0	1302	-48	-7
77.506	0	23	57	50	59	5.69	0.00	0.00	idle	walking	0	0	1302	-48	-7
77.544	0	23	57	50	59	5.69	0.00	0.00	idle	walking	0	0	1302	-48	-7
77.573	0	23	57	50	59	5.69	0.00	0.00	idle	walking	0	0	1302	-48	-7
77.607	0	23	57	50	59	5.69	0.00	0.00	idle	walking	0	0	1302	-48	-7
77.640	0	23	57	50	59	5.69	0.00	0.00	idle	walking	0	0	1302	-48	-7
77.656	0	23	57	50	59	5.69	0.00	0.00	idle	walking	0	0	1302	-48	-7
77.690	0	23	57	50	59	5.69	0.00	0.00	idle	walking	0	0	1302	-48	-7
77.723	0	23	57	50	59	5.69	0.00	0.00	idle	walking	0	0	1302	-48	-7
77.757	0	23	57	50	59	5.69	0.00	0.00	idle	walking	0	0	1302	-48	-7
77.790	0	23	57	50	59	5.69	0.00	0.00	idle	walking	0	0	1302	-48	-7
77.824	0	23	57	50	59	5.69	0.00	0.00	idle	walking	0	0	1302	-48	-7
77.858	0	23	57	50	59	5.69	0.00	0.00	idle	walking	0	0	1302	-48	-7
77.887	0	23	57	50	59	5.69	0.00	0.00	idle	walking	0	0	1302	-48	-7
77.908	0	23	57	50	59	5.69	0.00	0.00	idle	walking	0	0	1302	-48	-7
77.940	0	23	57	50	59	5.69	0.00	0.00	idle	walking	0	0	1302	-48	-7
77.973	0	23	57	50	59	5.69	0.00	0.00	idle	walking	0	0	1302	-48	-7
78.128	0	23	57	50	59	5.69	0.00	0.00	idle	walking	0	0	1302	-48	-7
78.156	0	23	57	50	59	5.69	0.00	0.00	idle	walking	0	0	1302	-48	-7
78.191	0	23	57	50	59	5.69	0.00	0.00	idle	walking	0	0	1302	-48	-7
78.224	0	23	57	50	59	5.69	0.00	0.00	idle	walking	0	0	1302	-48	-7
78.257	0	23	57	50	59	5.69	0.00	0.00	idle	walking	0	0	1302	-48	-7
78.292	0	23	57	50	59	5.69	0.00	0.00	idle	walking	0	0	1302	-48	-7
78.321	0	23	57	50	59	5.69	0.00	0.00	idle	walking	0	0	1302	-48	-7
78.345	0	23	57	50	59	5.69	0.00	0.00	idle	walking	0	0	1302	-48	-7
78.383	0	23	57	50	59	5.69	0.00	0.00	idle	walking	0	0	1302	-48	-7
78.415	0	23	57	50	59	5.69	0.00	0.00	idle	walking	0	0	1302	-48	-7
78.439	0	23	57	50	59	5.69	0.00	0.00	idle	walking	0	0	1302	-48	-7
78.474	0	23	57	50	59	5.69	0.00	0.00	idle	walking	0	0	1302	-48	-7
78.507	1	23	57	231	92	5.75	0.00	0.00	idle	walking	0	0	1302	-48	-7
78.539	1	26	58	231	92	5.75	3.00	1.00	idle	walking	0	0	1303	3	1
78.601	1	31	58	231	92	5.75	4.74	0.00	idle	walking	0	0	1304	5	0
78.631	1	36	59	231	92	5.75	5.42	1.08	idle	walking	0	0	1305	5	1
78.662	1	42	60	231	92	5.75	5.85	0.97	idle	walking	0	0	1306	6	1
78.692	1	98	68	231	92	5.75	6.04	1.01	walk_right	walking	0	0	1307	56	8
78.724	1	103	69	231	92	5.75	6.10	1.22	walk_right	walking	0	0	1308	5	1
78.754	1	109	70	231	92	5.75	6.19	1.03	walk_right	walking	0	0	1309	6	1
78.785	1	115	71	231	92	5.75	6.21	1.04	walk_right	walking	0	0	1310	6	1
78.817	1	120	72	231	92	5.75	6.19	1.24	walk_right	walking	0	0	1311	5	1
78.848	1	126	73	231	92	5.75	6.23	1.04	walk_right	walking	0	0	1312	6	1
78.878	1	132	74	231	92	5.75	6.23	1.04	walk_right	walking	0	0	1313	6	1
78.909	1	137	75	231	92	5.75	6.20	1.24	walk_right	walking	0	0	1314	5	1
78.939	1	143	76	231	92	5.75	5.61	0.94	walk_right	walking	0	0	1315	6	1
78.971	1	148	77	231	92	5.75	5.27	1.05	walk_right	walking	0	0	1316	5	1
79.002	1	153	78	231	92	5.75	5.11	1.02	walk_right	walking	0	0	1317	5	1
79.041	1	158	79	231	92	5.75	5.04	1.01	walk_right	walking	0	0	1318	5	1
79.074	1	163	80	231	92	5.75	5.00	1.00	walk_right	walking	0	0	1319	5	1
79.109	1	168	81	231	92	5.75	4.98	1.00	walk_right	walking	0	0	1320	5	1
79.141	1	173	82	231	92	5.75	4.97	0.99	walk_right	walking	0	0	1321	5	1
79.172	1	178	83	231	92	5.75	4.96	0.99	walk_right	walking	0	0	1322	5	1
79.192	1	183	84	231	92	5.75	4.96	0.99	walk_right	walking	0	0	1323	5	1
79.225	1	189	84	231	92	5.75	5.61	0.00	walk_right	walking	0	0	1324	6	0
79.257	1	194	85	231	92	5.75	5.40	1.08	walk_right	walking	0	0	1325	5	1
79.291	1	199	86	231	92	5.75	5.03	1.01	walk_right	walking	0	0	1326	5	1
79.324	1	204	87	231	92	5.75	4.54	0.91	walk_right	walking	0	0	1327	5	1
79.355	0	208	88	231	92	5.75	0.00	0.00	idle	walking	0	0	1328	4	1
79.387	0	208	88	231	92	5.75	0.00	0.00	idle	walking	0	0	1328	4	1
79.407	0	208	88	231	92	5.75	0.00	0.00	idle	walking	0	0	1328	4	1
79.441	0	158	81	231	92	5.75	0.00	0.00	idle	walking	0	0	1328	4	1
79.474	0	158	81	231	92	5.75	0.00	0.00	idle	walking	0	0	1328	4	1
79.508	0	158	81	231	92	5.75	0.00	0.00	idle	walking	0	0	1328	4	1
79.537	0	158	81	231	92	5.75	0.00	0.00	idle	walking	0	0	1328	4	1
79.568	0	158	81	231	92	5.75	0.00	0.00	idle	walking	0	0	1328	4	1
79.602	0	158	81	231	92	5.75	0.00	0.00	idle	walking	0	0	1328	4	1
79.630	0	158	81	231	92	5.75	0.00	0.00	idle	walking	0	0	1328	4	1
79.662	0	158	81	231	92	5.75	0.00	0.00	idle	walking	0	0	1328	4	1
79.690	0	158	81	231	92	5.75	0.00	0.00	idle	walking	0	0	1328	4	1
79.723	0	158	81	231	92	5.75	0.00	0.00	idle	walking	0	0	1328	4	1
79.753	0	158	81	231	92	5.75	0.00	0.00	idle	walking	0	0	1328	4	1
79.784	0	158	81	231	92	5.75	0.00	0.00	idle	walking	0	0	1328	4	1
79.815	0	158	81	231	92	5.75	0.00	0.00	idle	walking	0	0	1328	4	1
79.847	0	158	81	231	92	5.75	0.00	0.00	idle	walking	0	0	1328	4	1
79.877	0	158	81	231	92	5.75	0.00	0.00	idle	walking	0	0	1328	4	1
79.911	0	158	81	231	92	5.75	0.00	0.00	idle	walking	0	0	1328	4	1
79.941	0	158	81	231	92	5.75	0.00	0.00	idle	walking	0	0	1328	4	1
79.972	0	158	81	231	92	5.75	0.00	0.00	idle	walking	0	0	1328	4	1
80.003	0	158	81	231	92	5.75	0.00	0.00	idle	walking	0	0	1328	4	1
80.035	0	158	81	231	92	5.75	0.00	0.00	idle	walking	0	0	1328	4	1
80.066	0	158	81	231	92	5.75	0.00	0.00	idle	walking	0	0	1328	4	1
80.096	0	158	81	231	92	5.75	0.00	0.00	idle	walking	0	0	1328	4	1
80.127	0	158	81	231	92	5.75	0.00	0.00	idle	walking	0	0	1328	4	1
80.157	0	158	81	231	92	5.75	0.00	0.00	idle	walking	0	0	1328	4	1
80.188	0	158	81	231	92	5.75	0.00	0.00	idle	walking	0	0	1328	4	1
80.220	0	158	81	231	92	5.75	0.00	0.00	idle	walking	0	0	1328	4	1
80.257	0	158	81	231	92	5.75	0.00	0.00	idle	walking	0	0	1328	4	1
80.290	0	158	81	231	92	5.75	0.00	0.00	idle	walking	0	0	1328	4	1
80.313	0	158	81	231	92	5.75	0.00	0.00	idle	walking	0	0	1328	4	1
80.357	0	158	81	231	92	5.75	0.00	0.00	idle	walking	0	0	1328	4	1
80.378	0	158	81	231	92	5.75	0.00	0.00	idle	walking	0	0	1328	4	1
80.463	0	158	81	231	92	5.75	0.00	0.00	idle	walking	0	0	1328	4	1
80.475	0	158	81	231	92	5.75	0.00	0.00	idle	walking	0	0	1328	4	1
80.508	0	158	81	231	92	5.75	0.00	0.00	idle	walking	0	0	1328	4	1
80.534	0	158	81	231	92	5.75	0.00	0.00	idle	walking	0	0	1328	4	1
80.565	0	158	81	231	92	5.75	0.00	0.00	idle	walking	0	0	1328	4	1
80.601	0	158	81	231	92	5.75	0.00	0.00	idle	walking	0	0	1328	4	1
80.629	0	158	81	231	92	5.75	0.00	0.00	idle	walking	0	0	1328	4	1
80.657	0	158	81	231	92	5.75	0.00	0.00	idle	walking	0	0	1328	4	1
80.695	0	158	81	231	92	5.75	0.00	0.00	idle	walking	0	0	1328	4	1
80.724	0	158	81	231	92	5.75	0.00	0.00	idle	walking	0	0	1328	4	1
80.757	0	158	81	231	92	5.75	0.00	0.00	idle	walking	0	0	1328	4	1
80.795	0	158	81	231	92	5.75	0.00	0.00	idle	walking	0	0	1328	4	1
80.825	0	158	81	231	92	5.75	0.00	0.00	idle	walking	0	0	1328	4	1
80.846	0	158	81	231	92	5.75	0.00	0.00	idle	walking	0	0	1328	4	1
80.895	0	158	81	231	92	5.75	0.00	0.00	idle	walking	0	0	1328	4	1
80.907	0	158	81	231	92	5.75	0.00	0.00	idle	walking	0	0	1328	4	1
80.940	0	158	81	231	92	5.75	0.00	0.00	idle	walking	0	0	1328	4	1
80.974	0	158	81	231	92	5.75	0.00	0.00	idle	walking	0	0	1328	4	1
81.125	0	158	81	231	92	5.75	0.00	0.00	idle	walking	0	0	1328	4	1
81.162	0	158	81	231	92	5.75	0.00	0.00	idle	walking	0	0	1328	4	1
81.191	0	158	81	231	92	5.75	0.00	0.00	idle	walking	0	0	1328	4	1
81.224	0	158	81	231	92	5.75	0.00	0.00	idle	walking	0	0	1328	4	1
81.262	0	158	81	231	92	5.75	0.00	0.00	idle	walking	0	0	1328	4	1
81.324	0	158	81	231	92	5.75	0.00	0.00	idle	walking	0	0	1328	4	1
81.363	0	158	81	231	92	5.75	0.00	0.00	idle	walking	0	0	1328	4	1
81.385	0	158	81	231	92	5.75	0.00	0.00	idle	walking	0	0	1328	4	1
81.409	0	158	81	231	92	5.75	0.00	0.00	idle	walking	0	0	1328	4	1
81.447	0	158	81	231	92	5.75	0.00	0.00	idle	walking	0	0	1328	4	1
81.474	0	158	81	231	92	5.75	0.00	0.00	idle	walking	0	0	1328	4	1
81.508	0	158	81	231	92	5.75	0.00	0.00	idle	walking	0	0	1328	4	1
81.546	0	158	81	231	92	5.75	0.00	0.00	idle	walking	0	0	1328	4	1
81.573	0	158	81	231	92	5.75	0.00	0.00	idle	walking	0	0	1328	4	1
81.596	0	158	81	231	92	5.75	0.00	0.00	idle	walking	0	0	1328	4	1
81.632	0	158	81	231	92	5.75	0.00	0.00	idle	walking	0	0	1328	4	1
81.658	0	158	81	231	92	5.75	0.00	0.00	idle	walking	0	0	1328	4	1
81.690	0	158	81	231	92	5.75	0.00	0.00	idle	walking	0	0	1328	4	1
81.724	0	158	81	231	92	5.75	0.00	0.00	idle	walking	0	0	1328	4	1
81.757	0	158	81	231	92	5.75	0.00	0.00	idle	walking	0	0	1328	4	1
81.790	0	158	81	231	92	5.75	0.00	0.00	idle	walking	0	0	1328	4	1
81.824	0	158	81	231	92	5.75	0.00	0.00	idle	walking	0	0	1328	4	1
81.846	0	158	81	231	92	5.75	0.00	0.00	idle	walking	0	0	1328	4	1
81.886	0	158	81	231	92	5.75	0.00	0.00	idle	walking	0	0	1328	4	1
81.917	0	158	81	231	92	5.75	0.00	0.00	idle	walking	0	0	1328	4	1
81.940	0	158	81	231	92	5.75	0.00	0.00	idle	walking	0	0	1328	4	1
81.973	0	158	81	231	92	5.75	0.00	0.00	idle	walking	0	0	1328	4	1
82.007	0	158	81	231	92	5.75	0.00	0.00	idle	walking	0	0	1328	4	1
82.041	0	158	81	231	92	5.75	0.00	0.00	idle	walking	0	0	1328	4	1
82.065	0	158	81	231	92	5.75	0.00	0.00	idle	walking	0	0	1328	4	1
82.102	0	158	81	231	92	5.75	0.00	0.00	idle	walking	0	0	1328	4	1
82.134	0	158	81	231	92	5.75	0.00	0.00	idle	walking	0	0	1328	4	1
82.164	0	158	81	231	92	5.75	0.00	0.00	idle	walking	0	0	1328	4	1
82.191	0	158	81	231	92	5.75	0.00	0.00	idle	walking	0	0	1328	4	1
82.224	0	158	81	231	92	5.75	0.00	0.00	idle	walking	0	0	1328	4	1
82.256	0	158	81	231	92	5.75	0.00	0.00	idle	walking	0	0	1328	4	1
82.289	0	158	81	231	92	5.75	0.00	0.00	idle	walking	0	0	1328	4	1
82.322	0	158	81	231	92	5.75	0.00	0.00	idle	walking	0	0	1328	4	1
82.352	0	158	81	231	92	5.75	0.00	0.00	idle	walking	0	0	1328	4	1
82.383	0	158	81	231	92	5.75	0.00	0.00	idle	walking	0	0	1328	4	1
82.408	0	158	81	231	92	5.75	0.00	0.00	idle	walking	0	0	1328	4	1
82.440	0	158	81	231	92	5.75	0.00	0.00	idle	walking	0	0	1328	4	1
82.473	0	158	81	231	92	5.75	0.00	0.00	idle	walking	0	0	1328	4	1
82.507	0	158	81	231	92	5.75	0.00	0.00	idle	walking	0	0	1328	4	1
82.538	0	158	81	231	92	5.75	0.00	0.00	idle	walking	0	0	1328	4	1
82.570	0	158	81	231	92	5.75	0.00	0.00	idle	walking	0	0	1328	4	1
82.599	0	158	81	231	92	5.75	0.00	0.00	idle	walking	0	0	1328	4	1
82.631	0	158	81	231	92	5.75	0.00	0.00	idle	walking	0	0	1328	4	1
82.690	0	158	81	231	92	5.75	0.00	0.00	idle	walking	0	0	1328	4	1
82.723	0	158	81	231	92	5.75	0.00	0.00	idle	walking	0	0	1328	4	1
82.755	0	158	81	231	92	5.75	0.00	0.00	idle	walking	0	0	1328	4	1
82.787	0	158	81	231	92	5.75	0.00	0.00	idle	walking	0	0	1328	4	1
82.818	0	158	81	231	92	5.75	0.00	0.00	idle	walking	0	0	1328	4	1
82.848	0	158	81	231	92	5.75	0.00	0.00	idle	walking	0	0	1328	4	1
82.880	0	158	81	231	92	5.75	0.00	0.00	idle	walking	0	0	1328	4	1
82.910	0	158	81	231	92	5.75	0.00	0.00	idle	walking	0	0	1328	4	1
82.941	0	158	81	231	92	5.75	0.00	0.00	idle	walking	0	0	1328	4	1
82.974	0	158	81	231	92	5.75	0.00	0.00	idle	walking	0	0	1328	4	1
83.002	0	158	81	231	92	5.75	0.00	0.00	idle	walking	0	0	1328	4	1
83.033	0	158	81	231	92	5.75	0.00	0.00	idle	walking	0	0	1328	4	1
83.064	0	158	81	231	92	5.75	0.00	0.00	idle	walking	0	0	1328	4	1
83.095	0	158	81	231	92	5.75	0.00	0.00	idle	walking	0	0	1328	4	1
83.141	0	158	81	231	92	5.75	0.00	0.00	idle	walking	0	0	1328	4	1
83.158	0	158	81	231	92	5.75	0.00	0.00	idle	walking	0	0	1328	4	1
83.189	0	158	81	231	92	5.75	0.00	0.00	idle	walking	0	0	1328	4	1
83.219	0	158	81	231	92	5.75	0.00	0.00	idle	walking	0	0	1328	4	1
83.253	0	158	81	231	92	5.75	0.00	0.00	idle	walking	0	0	1328	4	1
83.358	0	158	81	231	92	5.75	0.00	0.00	idle	walking	0	0	1328	4	1
83.389	0	158	81	231	92	5.75	0.00	0.00	idle	walking	0	0	1328	4	1
83.421	0	158	81	231	92	5.75	0.00	0.00	idle	walking	0	0	1328	4	1
83.439	0	158	81	231	92	5.75	0.00	0.00	idle	walking	0	0	1328	4	1
83.473	0	158	81	231	92	5.75	0.00	0.00	idle	walking	0	0	1328	4	1
83.509	0	158	81	231	92	5.75	0.00	0.00	idle	walking	0	0	1328	4	1
83.541	0	158	81	231	92	5.75	0.00	0.00	idle	walking	0	0	1328	4	1
83.575	0	158	81	231	92	5.75	0.00	0.00	idle	walking	0	0	1328	4	1
83.594	0	158	81	231	92	5.75	0.00	0.00	idle	walking	0	0	1328	4	1
83.638	0	158	81	231	92	5.75	0.00	0.00	idle	walking	0	0	1328	4	1
83.670	0	158	81	231	92	5.75	0.00	0.00	idle	walking	0	0	1328	4	1
83.690	1	158	81	506	50	4.83	0.00	0.00	idle	walking	0	0	1328	4	1
83.724	1	161	81	506	50	4.83	2.66	0.00	walk_right	walking	0	0	1329	-47	-7
83.758	1	215	87	506	50	4.83	3.87	-0.97	walk_right	walking	0	0	1330	54	6
83.791	1	219	87	506	50	4.83	4.65	0.00	walk_right	walking	0	0	1331	4	0
83.815	1	224	86	506	50	4.83	4.89	-0.98	walk_right	walking	0	0	1332	5	-1
83.856	1	229	85	506	50	4.83	5.05	-1.01	walk_right	walking	0	0	1333	5	-1
83.888	1	234	85	506	50	4.83	5.23	0.00	walk_right	walking	0	0	1334	5	0
83.909	1	238	84	506	50	4.83	5.12	-1.28	walk_right	walking	0	0	1335	4	-1
83.942	1	243	84	506	50	4.83	5.30	0.00	walk_right	walking	0	0	1336	5	0
83.975	1	248	83	506	50	4.83	5.20	-1.04	walk_right	walking	0	0	1337	5	-1
84.119	1	252	89	747	793	7.87	3.87	5.81	walk_left	walking	0	0	1338	4	6
84.137	1	256	95	747	793	7.87	4.34	6.51	walk_left	walking	0	0	1339	4	6
84.159	1	261	102	747	793	7.87	4.79	6.70	walk_left	walking	0	0	1340	5	7
84.191	1	266	108	747	793	7.87	5.41	6.49	walk_left	walking	0	0	1341	5	6
84.226	1	270	114	747	793	7.87	4.74	7.12	walk_left	walking	0	0	1342	4	6
84.258	1	275	121	747	793	7.87	5.00	7.00	walk_left	walking	0	0	1343	5	7
84.291	1	279	127	747	793	7.87	4.79	7.18	walk_left	walking	0	0	1344	4	6
84.324	1	284	134	747	793	7.87	5.02	7.03	walk_left	walking	0	0	1345	5	7
84.357	1	288	140	747	793	7.87	4.80	7.20	walk_left	walking	0	0	1346	4	6
84.387	1	293	147	747	793	7.87	5.03	7.04	walk_left	walking	0	0	1347	5	7
84.420	1	297	153	747	793	7.87	4.80	7.20	walk_left	walking	0	0	1348	4	6
84.441	1	302	159	747	793	7.87	5.54	6.65	walk_left	walking	0	0	1349	5	6
84.475	1	306	166	747	793	7.87	4.30	7.52	walk_down	walking	0	0	1350	4	7
84.509	1	309	171	747	793	7.87	5.54	6.65	walk_left	walking	0	0	1351	3	5
84.541	1	313	178	747	793	7.87	4.30	7.52	walk_down	walking	0	0	1352	4	7
84.574	1	318	184	747	793	7.87	5.54	6.65	walk_left	walking	0	0	1353	5	6
84.604	1	322	191	747	793	7.87	4.30	7.52	walk_down	walking	0	0	1354	4	7
84.635	1	327	197	747	793	7.87	5.54	6.65	walk_left	walking	0	0	1355	5	6
84.658	1	331	204	747	793	7.87	4.30	7.52	walk_down	walking	0	0	1356	4	7
84.691	1	334	210	747	793	7.87	5.54	6.65	walk_left	walking	0	0	1357	3	6
84.725	1	339	216	747	793	7.87	5.54	6.65	walk_left	walking	0	0	1358	5	6
84.758	1	343	223	747	793	7.87	4.30	7.52	walk_down	walking	0	0	1359	4	7
84.791	1	348	229	747	793	7.87	5.54	6.65	walk_left	walking	0	0	1360	5	6
84.823	1	352	236	747	793	7.87	4.30	7.52	walk_down	walking	0	0	1361	4	7
84.854	1	357	242	747	793	7.87	5.54	6.65	walk_left	walking	0	0	1362	5	6
84.884	1	365	250	747	793	7.87	4.30	7.52	walk_down	walking	0	0	1363	8	8
84.908	1	370	256	747	793	7.87	5.54	6.65	walk_left	walking	0	0	1364	5	6
84.943	1	374	262	747	793	7.87	4.80	7.20	walk_left	walking	0	0	1365	4	6
84.974	1	379	269	747	793	7.87	5.03	7.05	walk_left	walking	0	0	1366	5	7
85.008	1	383	275	747	793	7.87	4.80	7.20	walk_left	walking	0	0	1367	4	6
85.042	1	388	282	747	793	7.87	5.03	7.05	walk_left	walking	0	0	1368	5	7
85.073	1	392	288	747	793	7.87	4.80	7.20	walk_left	walking	0	0	1369	4	6
85.102	1	397	295	747	793	7.87	5.03	7.05	walk_left	walking	0	0	1370	5	7
85.134	1	402	301	747	793	7.87	5.54	6.65	walk_left	walking	0	0	1371	5	6
85.158	1	406	307	747	793	7.87	4.80	7.20	walk_left	walking	0	0	1372	4	6
85.192	1	411	314	747	793	7.87	5.03	7.05	walk_left	walking	0	0	1373	5	7
85.225	1	415	320	747	793	7.87	4.80	7.20	walk_left	walking	0	0	1374	4	6
85.259	1	420	327	747	793	7.87	5.03	7.05	walk_left	walking	0	0	1375	5	7
85.289	1	424	333	747	793	7.87	4.80	7.20	walk_left	walking	0	0	1376	4	6
85.319	1	429	340	747	793	7.87	5.03	7.05	walk_left	walking	0	0	1377	5	7
85.350	1	433	346	747	793	7.87	4.80	7.20	walk_left	walking	0	0	1378	4	6
85.408	1	438	353	747	793	7.87	5.03	7.05	walk_left	walking	0	0	1379	5	7
85.442	1	442	359	747	793	7.87	4.80	7.20	walk_left	walking	0	0	1380	4	6
85.475	1	447	365	747	793	7.87	5.54	6.65	walk_left	walking	0	0	1381	5	6
85.508	1	451	372	747	793	7.87	4.30	7.52	walk_down	walking	0	0	1382	4	7
85.537	1	456	378	747	793	7.87	5.54	6.65	walk_left	walking	0	0	1383	5	6
85.566	1	460	385	747	793	7.87	4.30	7.52	walk_down	walking	0	0	1384	4	7
85.598	1	465	391	747	793	7.87	5.54	6.65	walk_left	walking	0	0	1385	5	6
85.628	1	469	398	747	793	7.87	4.30	7.52	walk_down	walking	0	0	1386	4	7
85.659	1	474	404	747	793	7.87	5.54	6.65	walk_left	walking	0	0	1387	5	6
85.691	1	478	411	747	793	7.87	4.30	7.52	walk_down	walking	0	0	1388	4	7
85.723	1	483	417	747	793	7.87	5.54	6.65	walk_left	walking	0	0	1389	5	6
85.753	1	487	423	747	793	7.87	4.80	7.20	walk_left	walking	0	0	1390	4	6
85.784	1	492	430	747	793	7.87	5.03	7.05	walk_left	walking	0	0	1391	5	7
85.816	1	497	436	747	793	7.87	5.54	6.65	walk_left	walking	0	0	1392	5	6
85.846	1	501	443	747	793	7.87	4.30	7.52	walk_down	walking	0	0	1393	4	7
85.879	1	506	449	747	793	7.87	5.54	6.65	walk_left	walking	0	0	1394	5	6
85.908	1	510	456	747	793	7.87	4.30	7.52	walk_down	walking	0	0	1395	4	7
85.940	1	515	462	747	793	7.87	5.54	6.65	walk_left	walking	0	0	1396	5	6
85.971	1	519	469	747	793	7.87	4.30	7.52	walk_down	walking	0	0	1397	4	7
86.009	1	522	474	747	793	7.87	5.54	6.65	walk_left	walking	0	0	1398	3	5
86.042	1	526	480	747	793	7.87	4.80	7.20	walk_left	walking	0	0	1399	4	6
86.075	1	531	487	747	793	7.87	5.03	7.05	walk_left	walking	0	0	1400	5	7
86.108	1	535	493	747	793	7.87	4.80	7.20	walk_left	walking	0	0	1401	4	6
86.142	1	540	500	747	793	7.87	5.03	7.05	walk_left	walking	0	0	1402	5	7
86.158	1	544	506	747	793	7.87	4.80	7.20	walk_left	walking	0	0	1403	4	6
86.191	1	551	514	747	793	7.87	5.03	7.05	walk_left	walking	0	0	1404	7	8
86.225	1	555	520	747	793	7.87	4.80	7.20	walk_left	walking	0	0	1405	4	6
86.258	1	560	526	747	793	7.87	5.54	6.65	walk_left	walking	0	0	1406	5	6
86.291	1	564	533	747	793	7.87	4.30	7.52	walk_down	walking	0	0	1407	4	7
86.325	1	569	539	747	793	7.87	5.54	6.65	walk_left	walking	0	0	1408	5	6
86.359	1	573	546	747	793	7.87	4.30	7.52	walk_down	walking	0	0	1409	4	7
86.388	1	576	551	747	793	7.87	5.54	6.65	walk_left	walking	0	0	1410	3	5
86.408	1	581	558	747	793	7.87	5.03	7.05	walk_left	walking	0	0	1411	5	7
86.442	1	585	564	747	793	7.87	4.80	7.20	walk_left	walking	0	0	1412	4	6
86.475	1	590	570	747	793	7.87	5.54	6.65	walk_left	walking	0	0	1413	5	6
86.509	1	594	577	747	793	7.87	4.30	7.52	walk_down	walking	0	0	1414	4	7
86.542	1	599	583	747	793	7.87	5.54	6.65	walk_left	walking	0	0	1415	5	6
86.573	1	605	591	747	793	7.87	4.30	7.52	walk_down	walking	0	0	1416	6	8
86.605	1	610	597	747	793	7.87	5.54	6.65	walk_left	walking	0	0	1417	5	6
86.636	1	614	604	747	793	7.87	4.30	7.52	walk_down	walking	0	0	1418	4	7
86.660	1	619	610	747	793	7.87	5.54	6.65	walk_left	walking	0	0	1419	5	6
86.692	1	623	617	747	793	7.87	4.30	7.52	walk_down	walking	0	0	1420	4	7
86.724	1	628	623	747	793	7.87	5.54	6.65	walk_left	walking	0	0	1421	5	6
86.757	1	632	629	747	793	7.87	4.80	7.20	walk_left	walking	0	0	1422	4	6
86.805	1	637	636	747	793	7.87	5.03	7.05	walk_left	walking	0	0	1423	5	7
86.824	1	641	642	747	793	7.87	4.80	7.20	walk_left	walking	0	0	1424	4	6
86.853	1	646	649	747	793	7.87	5.03	7.05	walk_left	walking	0	0	1425	5	7
86.878	1	650	655	747	793	7.87	4.80	7.20	walk_left	walking	0	0	1426	4	6
86.908	1	655	662	747	793	7.87	5.03	7.05	walk_left	walking	0	0	1427	5	7
86.942	1	660	668	747	793	7.87	5.54	6.65	walk_left	walking	0	0	1428	5	6
86.976	1	664	675	747	793	7.87	4.30	7.52	walk_down	walking	0	0	1429	4	7
87.056	0	1261	724	747	793	7.87	4.30	7.52	idle	walking	0	0	1430	597	49
87.090	0	1261	724	747	793	7.87	4.30	7.52	idle	walking	0	0	1430	597	49
87.129	0	1261	724	747	793	7.87	4.30	7.52	idle	walking	0	0	1430	597	49
87.174	0	1211	717	747	793	7.87	4.30	7.52	idle	walking	0	0	1430	597	49
87.214	0	1211	717	747	793	7.87	4.30	7.52	idle	walking	0	0	1430	597	49
87.247	0	1211	717	747	793	7.87	4.30	7.52	idle	walking	0	0	1430	597	49
87.297	0	1211	717	747	793	7.87	4.30	7.52	idle	walking	0	0	1430	597	49
87.335	0	1211	717	747	793	7.87	4.30	7.52	idle	walking	0	0	1430	597	49
87.377	0	1211	717	747	793	7.87	4.30	7.52	idle	walking	0	0	1430	597	49
87.415	0	1211	717	747	793	7.87	4.30	7.52	idle	walking	0	0	1430	597	49
87.456	0	1211	717	747	793	7.87	4.30	7.52	idle	walking	0	0	1430	597	49
87.493	0	1211	717	747	793	7.87	4.30	7.52	idle	walking	0	0	1430	597	49
87.528	0	1211	717	747	793	7.87	4.30	7.52	idle	walking	0	0	1430	597	49
87.576	0	1211	717	747	793	7.87	4.30	7.52	idle	walking	0	0	1430	597	49
87.615	0	1211	717	747	793	7.87	4.30	7.52	idle	walking	0	0	1430	597	49
87.650	0	1211	717	747	793	7.87	4.30	7.52	idle	walking	0	0	1430	597	49
87.690	0	1211	717	747	793	7.87	4.30	7.52	idle	walking	0	0	1430	597	49
87.725	0	1211	717	747	793	7.87	4.30	7.52	idle	walking	0	0	1430	597	49
87.765	0	1211	717	747	793	7.87	4.30	7.52	idle	walking	0	0	1430	597	49
87.802	0	1211	717	747	793	7.87	4.30	7.52	idle	walking	0	0	1430	597	49
87.842	0	1211	717	747	793	7.87	4.30	7.52	idle	walking	0	0	1430	597	49
87.881	0	1211	717	747	793	7.87	4.30	7.52	idle	walking	0	0	1430	597	49
87.926	0	1211	717	747	793	7.87	4.30	7.52	idle	walking	0	0	1430	597	49
87.966	0	1211	717	747	793	7.87	4.30	7.52	idle	walking	0	0	1430	597	49
88.001	0	1211	717	747	793	7.87	4.30	7.52	idle	walking	0	0	1430	597	49
88.046	0	1211	717	747	793	7.87	4.30	7.52	idle	walking	0	0	1430	597	49
88.084	0	1211	717	747	793	7.87	4.30	7.52	idle	walking	0	0	1430	597	49
88.163	0	1211	717	747	793	7.87	4.30	7.52	idle	walking	0	0	1430	597	49
88.210	0	1211	717	747	793	7.87	4.30	7.52	idle	walking	0	0	1430	597	49
88.248	0	1211	717	747	793	7.87	4.30	7.52	idle	walking	0	0	1430	597	49
88.294	0	1211	717	747	793	7.87	4.30	7.52	idle	walking	0	0	1430	597	49
88.335	0	1211	717	747	793	7.87	4.30	7.52	idle	walking	0	0	1430	597	49
88.370	0	1211	717	747	793	7.87	4.30	7.52	idle	walking	0	0	1430	597	49
88.416	0	1211	717	747	793	7.87	4.30	7.52	idle	walking	0	0	1430	597	49
88.457	0	1211	717	747	793	7.87	4.30	7.52	idle	walking	0	0	1430	597	49
88.498	0	1211	717	747	793	7.87	4.30	7.52	idle	walking	0	0	1430	597	49
88.536	0	1211	717	747	793	7.87	4.30	7.52	idle	walking	0	0	1430	597	49
88.579	0	1211	717	747	793	7.87	4.30	7.52	idle	walking	0	0	1430	597	49
88.619	0	1211	717	747	793	7.87	4.30	7.52	idle	walking	0	0	1430	597	49
88.666	0	1211	717	747	793	7.87	4.30	7.52	idle	walking	0	0	1430	597	49
88.707	0	1211	717	747	793	7.87	4.30	7.52	idle	walking	0	0	1430	597	49
88.742	0	1211	717	747	793	7.87	4.30	7.52	idle	walking	0	0	1430	597	49
88.844	0	1211	717	747	793	7.87	4.30	7.52	idle	walking	0	0	1430	597	49
88.952	0	1211	717	747	793	7.87	4.30	7.52	idle	walking	0	0	1430	597	49
89.039	0	1211	717	747	793	7.87	4.30	7.52	idle	walking	0	0	1430	597	49
89.127	0	1211	717	747	793	7.87	4.30	7.52	idle	walking	0	0	1430	597	49
89.212	0	1211	717	747	793	7.87	4.30	7.52	idle	walking	0	0	1430	597	49
89.251	0	1211	717	747	793	7.87	4.30	7.52	idle	walking	0	0	1430	597	49
89.306	0	1211	717	747	793	7.87	4.30	7.52	idle	walking	0	0	1430	597	49
89.380	0	1211	717	747	793	7.87	4.30	7.52	idle	walking	0	0	1430	597	49
89.423	0	1211	717	747	793	7.87	4.30	7.52	idle	walking	0	0	1430	597	49
89.465	0	1211	717	747	793	7.87	4.30	7.52	idle	walking	0	0	1430	597	49
89.540	0	1211	717	747	793	7.87	4.30	7.52	idle	walking	0	0	1430	597	49
89.587	0	1211	717	747	793	7.87	4.30	7.52	idle	walking	0	0	1430	597	49
89.634	0	1211	717	747	793	7.87	4.30	7.52	idle	walking	0	0	1430	597	49
89.683	0	1211	717	747	793	7.87	4.30	7.52	idle	walking	0	0	1430	597	49
89.724	0	1211	717	747	793	7.87	4.30	7.52	idle	walking	0	0	1430	597	49
89.763	0	1211	717	747	793	7.87	4.30	7.52	idle	walking	0	0	1430	597	49
89.800	0	1211	717	747	793	7.87	4.30	7.52	idle	walking	0	0	1430	597	49
89.837	0	1211	717	747	793	7.87	4.30	7.52	idle	walking	0	0	1430	597	49
89.909	0	1211	717	747	793	7.87	4.30	7.52	idle	walking	0	0	1430	597	49
89.943	0	1211	717	747	793	7.87	4.30	7.52	idle	walking	0	0	1430	597	49
89.977	0	1211	717	747	793	7.87	4.30	7.52	idle	walking	0	0	1430	597	49
90.011	0	1211	717	747	793	7.87	4.30	7.52	idle	walking	0	0	1430	597	49
90.048	0	1211	717	747	793	7.87	4.30	7.52	idle	walking	0	0	1430	597	49
90.091	0	1211	717	747	793	7.87	4.30	7.52	idle	walking	0	0	1430	597	49
90.126	0	1211	717	747	793	7.87	4.30	7.52	idle	walking	0	0	1430	597	49
90.264	1	1204	713	92	108	7.87	-7.52	-4.30	walk_left	walking	0	0	1431	-57	-11
90.320	1	1247	716	92	108	7.87	-7.52	-4.30	walk_left	walking	0	0	1432	43	3
90.390	1	1240	712	92	108	7.87	-7.52	-4.30	walk_left	walking	0	0	1433	-7	-4
90.442	1	1233	709	92	108	7.87	-7.96	-3.41	walk_left	walking	0	0	1434	-7	-3
90.498	1	1226	705	92	108	7.87	-7.52	-4.30	walk_left	walking	0	0	1435	-7	-4
90.543	1	1219	701	92	108	7.87	-7.52	-4.30	walk_left	walking	0	0	1436	-7	-4
90.596	1	1212	698	92	108	7.87	-7.96	-3.41	walk_left	walking	0	0	1437	-7	-3
90.658	1	1205	694	92	108	7.87	-7.52	-4.30	walk_left	walking	0	0	1438	-7	-4
90.699	1	1198	690	92	108	7.87	-7.52	-4.30	walk_left	walking	0	0	1439	-7	-4
90.743	1	1191	687	92	108	7.87	-7.96	-3.41	walk_left	walking	0	0	1440	-7	-3
90.789	1	1184	683	92	108	7.87	-7.52	-4.30	walk_left	walking	0	0	1441	-7	-4
90.832	1	1177	679	92	108	7.87	-7.52	-4.30	walk_left	walking	0	0	1442	-7	-4
90.887	1	1171	676	92	108	7.87	-7.74	-3.87	walk_left	walking	0	0	1443	-6	-3
90.933	1	1164	672	92	108	7.87	-7.52	-4.30	walk_left	walking	0	0	1444	-7	-4
90.970	1	1157	668	92	108	7.87	-7.52	-4.30	walk_left	walking	0	0	1445	-7	-4
91.006	1	1150	665	92	108	7.87	-7.96	-3.41	walk_left	walking	0	0	1446	-7	-3
91.051	1	1143	661	92	108	7.87	-7.52	-4.30	walk_left	walking	0	0	1447	-7	-4
91.088	1	1136	657	92	108	7.87	-7.52	-4.30	walk_left	walking	0	0	1448	-7	-4
91.133	1	1129	654	92	108	7.87	-7.96	-3.41	walk_left	walking	0	0	1449	-7	-3
91.177	1	1122	650	92	108	7.87	-7.52	-4.30	walk_left	walking	0	0	1450	-7	-4
91.220	1	1115	646	92	108	7.87	-7.52	-4.30	walk_left	walking	0	0	1451	-7	-4
91.260	1	1108	643	92	108	7.87	-7.96	-3.41	walk_left	walking	0	0	1452	-7	-3
91.301	1	1101	639	92	108	7.87	-7.52	-4.30	walk_left	walking	0	0	1453	-7	-4
91.348	1	1094	635	92	108	7.87	-7.52	-4.30	walk_left	walking	0	0	1454	-7	-4
91.400	1	1087	632	92	108	7.87	-7.96	-3.41	walk_left	walking	0	0	1455	-7	-3
91.442	1	1080	628	92	108	7.87	-7.52	-4.30	walk_left	walking	0	0	1456	-7	-4
91.484	1	1073	624	92	108	7.87	-7.52	-4.30	walk_left	walking	0	0	1457	-7	-4
91.529	1	1066	621	92	108	7.87	-7.96	-3.41	walk_left	walking	0	0	1458	-7	-3
91.567	1	1059	617	92	108	7.87	-7.52	-4.30	walk_left	walking	0	0	1459	-7	-4
91.607	1	1052	613	92	108	7.87	-7.52	-4.30	walk_left	walking	0	0	1460	-7	-4
91.644	1	1045	610	92	108	7.87	-7.96	-3.41	walk_left	walking	0	0	1461	-7	-3
91.680	1	1038	606	92	108	7.87	-7.52	-4.30	walk_left	walking	0	0	1462	-7	-4
91.873	1	1031	602	92	108	7.87	-7.52	-4.30	walk_left	walking	0	0	1463	-7	-4
91.878	1	1024	599	92	108	7.87	-7.96	-3.41	walk_left	walking	0	0	1464	-7	-3
91.918	1	1017	595	92	108	7.87	-7.52	-4.30	walk_left	walking	0	0	1465	-7	-4
91.942	1	1010	591	92	108	7.87	-7.52	-4.30	walk_left	walking	0	0	1466	-7	-4
91.975	1	1003	588	92	108	7.87	-7.96	-3.41	walk_left	walking	0	0	1467	-7	-3
92.007	1	996	584	92	108	7.87	-7.52	-4.30	walk_left	walking	0	0	1468	-7	-4
92.041	1	989	580	92	108	7.87	-7.52	-4.30	walk_left	walking	0	0	1469	-7	-4
92.064	1	982	577	92	108	7.87	-7.96	-3.41	walk_left	walking	0	0	1470	-7	-3
92.106	1	975	573	92	108	7.87	-7.52	-4.30	walk_left	walking	0	0	1471	-7	-4
92.137	1	969	569	92	108	7.87	-7.20	-4.80	walk_left	walking	0	0	1472	-6	-4
92.170	1	962	566	92	108	7.87	-7.96	-3.41	walk_left	walking	0	0	1473	-7	-3
92.223	1	955	562	92	108	7.87	-7.52	-4.30	walk_left	walking	0	0	1474	-7	-4
92.257	1	948	558	92	108	7.87	-7.52	-4.30	walk_left	walking	0	0	1475	-7	-4
92.301	1	941	555	92	108	7.87	-7.96	-3.41	walk_left	walking	0	0	1476	-7	-3
92.325	1	934	551	92	108	7.87	-7.52	-4.30	walk_left	walking	0	0	1477	-7	-4
92.356	1	927	547	92	108	7.87	-7.52	-4.30	walk_left	walking	0	0	1478	-7	-4
92.390	1	920	544	92	108	7.87	-7.96	-3.41	walk_left	walking	0	0	1479	-7	-3
92.411	1	913	540	92	108	7.87	-7.52	-4.30	walk_left	walking	0	0	1480	-7	-4
92.441	1	906	536	92	108	7.87	-7.52	-4.30	walk_left	walking	0	0	1481	-7	-4
92.475	1	899	533	92	108	7.87	-7.96	-3.41	walk_left	walking	0	0	1482	-7	-3
92.509	1	892	529	92	108	7.87	-7.52	-4.30	walk_left	walking	0	0	1483	-7	-4
92.542	1	885	525	92	108	7.87	-7.52	-4.30	walk_left	walking	0	0	1484	-7	-4
92.575	1	878	522	92	108	7.87	-7.96	-3.41	walk_left	walking	0	0	1485	-7	-3
92.608	1	871	518	92	108	7.87	-7.52	-4.30	walk_left	walking	0	0	1486	-7	-4
92.641	1	864	514	92	108	7.87	-7.52	-4.30	walk_left	walking	0	0	1487	-7	-4
92.672	1	857	511	92	108	7.87	-7.96	-3.41	walk_left	walking	0	0	1488	-7	-3
92.692	1	850	507	92	108	7.87	-7.52	-4.30	walk_left	walking	0	0	1489	-7	-4
92.725	1	843	503	92	108	7.87	-7.52	-4.30	walk_left	walking	0	0	1490	-7	-4
92.758	1	836	500	92	108	7.87	-7.96	-3.41	walk_left	walking	0	0	1491	-7	-3
92.792	1	829	496	92	108	7.87	-7.52	-4.30	walk_left	walking	0	0	1492	-7	-4
92.825	1	822	492	92	108	7.87	-7.52	-4.30	walk_left	walking	0	0	1493	-7	-4
92.858	1	815	489	92	108	7.87	-7.96	-3.41	walk_left	walking	0	0	1494	-7	-3
92.890	1	808	485	92	108	7.87	-7.52	-4.30	walk_left	walking	0	0	1495	-7	-4
92.909	1	801	481	92	108	7.87	-7.52	-4.30	walk_left	walking	0	0	1496	-7	-4
92.942	1	794	478	92	108	7.87	-7.96	-3.41	walk_left	walking	0	0	1497	-7	-3
92.975	1	787	474	92	108	7.87	-7.52	-4.30	walk_left	walking	0	0	1498	-7	-4
93.122	1	780	470	92	108	7.87	-7.52	-4.30	walk_left	walking	0	0	1499	-7	-4
93.137	1	774	467	92	108	7.87	-7.74	-3.87	walk_left	walking	0	0	1500	-6	-3
93.159	1	767	463	92	108	7.87	-7.52	-4.30	walk_left	walking	0	0	1501	-7	-4
93.192	1	760	459	92	108	7.87	-7.52	-4.30	walk_left	walking	0	0	1502	-7	-4
93.224	1	753	456	92	108	7.87	-7.96	-3.41	walk_left	walking	0	0	1503	-7	-3
93.258	1	746	452	92	108	7.87	-7.52	-4.30	walk_left	walking	0	0	1504	-7	-4
93.596	1	746	452	92	108	7.87	-7.52	-4.30	fall	jumping	0	0	1504	-7	-4
93.639	1	745	452	92	108	7.87	-7.52	-4.30	land	jumping	0	0	1505	-1	0
93.657	1	738	448	92	108	7.87	-7.52	-4.30	land	walking	0	0	1506	-7	-4
93.691	1	731	445	92	108	7.87	-7.96	-3.41	land	walking	0	0	1507	-7	-3
93.725	1	724	441	92	108	7.87	-7.52	-4.30	land	walking	0	0	1508	-7	-4
93.758	1	717	437	92	108	7.87	-7.52	-4.30	land	walking	0	0	1509	-7	-4
93.790	1	704	433	92	108	7.87	-7.96	-3.41	land	walking	0	0	1510	-13	-4
93.815	1	697	429	92	108	7.87	-7.52	-4.30	land	walking	0	0	1511	-7	-4
93.854	1	690	425	92	108	7.87	-7.52	-4.30	land	walking	0	0	1512	-7	-4
93.886	1	683	422	92	108	7.87	-7.96	-3.41	land	walking	0	0	1513	-7	-3
93.907	1	676	418	92	108	7.87	-7.52	-4.30	land	walking	0	0	1514	-7	-4
93.941	1	669	414	92	108	7.87	-7.52	-4.30	land	walking	0	0	1515	-7	-4
93.973	1	662	411	92	108	7.87	-7.96	-3.41	land	walking	0	0	1516	-7	-3
94.008	1	655	407	92	108	7.87	-7.52	-4.30	land	walking	0	0	1517	-7	-4
94.035	1	648	403	92	108	7.87	-7.52	-4.30	land	walking	0	0	1518	-7	-4
94.072	1	641	400	92	108	7.87	-7.96	-3.41	land	walking	0	0	1519	-7	-3
94.103	1	634	396	92	108	7.87	-7.52	-4.30	land	walking	0	0	1520	-7	-4
94.134	1	627	392	92	108	7.87	-7.52	-4.30	land	walking	0	0	1521	-7	-4
94.158	1	620	389	92	108	7.87	-7.96	-3.41	idle	walking	0	0	1522	-7	-3
94.192	1	613	385	92	108	7.87	-7.52	-4.30	idle	walking	0	0	1523	-7	-4
94.225	1	607	381	92	108	7.87	-7.20	-4.80	idle	walking	0	0	1524	-6	-4
94.258	1	600	377	92	108	7.87	-7.52	-4.30	idle	walking	0	0	1525	-7	-4
94.290	1	593	374	92	108	7.87	-7.96	-3.41	idle	walking	0	0	1526	-7	-3
94.322	1	586	370	92	108	7.87	-7.52	-4.30	idle	walking	0	0	1527	-7	-4
94.352	1	535	360	92	108	7.87	-7.52	-4.30	idle	walking	0	0	1528	-51	-10
94.384	1	528	356	92	108	7.87	-7.52	-4.30	idle	walking	0	0	1529	-7	-4
94.414	1	521	352	92	108	7.87	-7.52	-4.30	idle	walking	0	0	1530	-7	-4
94.441	1	514	348	92	108	7.87	-7.52	-4.30	idle	walking	0	0	1531	-7	-4
94.477	1	507	345	92	108	7.87	-7.96	-3.41	idle	walking	0	0	1532	-7	-3
94.509	1	501	341	92	108	7.87	-7.20	-4.80	idle	walking	0	0	1533	-6	-4
94.540	1	494	337	92	108	7.87	-7.52	-4.30	idle	walking	0	0	1534	-7	-4
94.570	1	487	333	92	108	7.87	-7.52	-4.30	idle	walking	0	0	1535	-7	-4
94.602	1	480	329	92	108	7.87	-7.52	-4.30	idle	walking	0	0	1536	-7	-4
94.632	1	473	325	92	108	7.87	-7.52	-4.30	idle	walking	0	0	1537	-7	-4
94.663	1	466	321	92	108	7.87	-7.52	-4.30	idle	walking	0	0	1538	-7	-4
94.692	1	460	317	92	108	7.87	-7.20	-4.80	idle	walking	0	0	1539	-6	-4
94.725	1	453	313	92	108	7.87	-7.52	-4.30	idle	walking	0	0	1540	-7	-4
94.755	1	446	310	92	108	7.87	-7.96	-3.41	idle	walking	0	0	1541	-7	-3
94.786	1	439	306	92	108	7.87	-7.52	-4.30	idle	walking	0	0	1542	-7	-4
94.817	1	432	302	92	108	7.87	-7.52	-4.30	idle	walking	0	0	1543	-7	-4
94.850	1	425	298	92	108	7.87	-7.52	-4.30	idle	walking	0	0	1544	-7	-4
94.880	1	419	294	92	108	7.87	-7.20	-4.80	idle	walking	0	0	1545	-6	-4
94.908	1	412	290	92	108	7.87	-7.52	-4.30	idle	walking	0	0	1546	-7	-4
94.941	1	405	286	92	108	7.87	-7.52	-4.30	idle	walking	0	0	1547	-7	-4
94.974	1	398	282	92	108	7.87	-7.52	-4.30	idle	walking	0	0	1548	-7	-4
95.005	1	391	278	92	108	7.87	-7.52	-4.30	idle	walking	0	0	1549	-7	-4
95.036	1	384	274	92	108	7.87	-7.52	-4.30	idle	walking	0	0	1550	-7	-4
95.068	1	377	271	92	108	7.87	-7.96	-3.41	idle	walking	0	0	1551	-7	-3
95.098	1	371	267	92	108	7.87	-7.20	-4.80	idle	walking	0	0	1552	-6	-4
95.128	1	364	263	92	108	7.87	-7.52	-4.30	idle	walking	0	0	1553	-7	-4
95.160	1	357	259	92	108	7.87	-7.52	-4.30	idle	walking	0	0	1554	-7	-4
95.191	1	350	255	92	108	7.87	-7.52	-4.30	idle	walking	0	0	1555	-7	-4
95.223	1	343	251	92	108	7.87	-7.52	-4.30	idle	walking	0	0	1556	-7	-4
95.254	1	336	247	92	108	7.87	-7.52	-4.30	idle	walking	0	0	1557	-7	-4
95.284	1	330	243	92	108	7.87	-7.20	-4.80	idle	walking	0	0	1558	-6	-4
95.316	1	323	239	92	108	7.87	-7.52	-4.30	idle	walking	0	0	1559	-7	-4
95.346	1	316	236	92	108	7.87	-7.96	-3.41	idle	walking	0	0	1560	-7	-3
95.376	1	309	232	92	108	7.87	-7.52	-4.30	idle	walking	0	0	1561	-7	-4
95.408	1	302	228	92	108	7.87	-7.52	-4.30	idle	walking	0	0	1562	-7	-4
95.442	1	295	224	92	108	7.87	-7.52	-4.30	idle	walking	0	0	1563	-7	-4
95.474	1	289	220	92	108	7.87	-7.20	-4.80	idle	walking	0	0	1564	-6	-4
95.502	1	282	216	92	108	7.87	-7.52	-4.30	idle	walking	0	0	1565	-7	-4
95.533	1	275	212	92	108	7.87	-7.52	-4.30	idle	walking	0	0	1566	-7	-4
95.565	1	268	208	92	108	7.87	-7.52	-4.30	idle	walking	0	0	1567	-7	-4
95.610	1	261	204	92	108	7.87	-7.52	-4.30	idle	walking	0	0	1568	-7	-4
95.642	1	254	200	92	108	7.87	-7.52	-4.30	idle	walking	0	0	1569	-7	-4
95.659	1	248	197	92	108	7.87	-7.74	-3.87	idle	walking	0	0	1570	-6	-3
95.692	1	241	193	92	108	7.87	-7.52	-4.30	idle	walking	0	0	1571	-7	-4
95.725	1	234	189	92	108	7.87	-7.52	-4.30	idle	walking	0	0	1572	-7	-4
95.758	1	227	185	92	108	7.87	-7.52	-4.30	idle	walking	0	0	1573	-7	-4
95.793	1	220	181	92	108	7.87	-7.52	-4.30	idle	walking	0	0	1574	-7	-4
95.826	1	213	177	92	108	7.87	-7.52	-4.30	idle	walking	0	0	1575	-7	-4
95.859	1	256	181	92	108	7.87	-7.96	-3.41	walk_left	walking	0	0	1576	43	4
95.892	1	249	178	92	108	7.87	-7.96	-3.41	walk_left	walking	0	0	1577	-7	-3
95.909	1	242	174	92	108	7.87	-7.52	-4.30	walk_left	walking	0	0	1578	-7	-4
95.941	1	235	171	92	108	7.87	-7.96	-3.41	walk_left	walking	0	0	1579	-7	-3
95.975	1	227	168	92	108	7.87	-8.11	-3.04	walk_left	walking	0	0	1580	-8	-3
96.155	1	220	165	92	108	7.87	-7.96	-3.41	walk_left	walking	0	0	1581	-7	-3
96.191	1	213	162	92	108	7.87	-7.96	-3.41	walk_left	walking	0	0	1582	-7	-3
96.225	1	206	159	92	108	7.87	-7.96	-3.41	walk_left	walking	0	0	1583	-7	-3
96.258	1	199	155	92	108	7.87	-7.52	-4.30	walk_left	walking	0	0	1584	-7	-4
96.292	1	191	152	92	108	7.87	-8.11	-3.04	walk_left	walking	0	0	1585	-8	-3
96.325	1	184	149	92	108	7.87	-7.96	-3.41	walk_left	walking	0	0	1586	-7	-3
96.356	1	177	146	92	108	7.87	-7.96	-3.41	walk_left	walking	0	0	1587	-7	-3
96.387	1	170	143	92	108	7.87	-7.16	-3.07	walk_left	walking	0	0	1588	-7	-3
96.407	1	163	140	92	108	7.87	-6.76	-2.90	walk_left	walking	0	0	1589	-7	-3
96.441	1	157	137	92	108	7.87	-6.39	-3.19	walk_left	walking	0	0	1590	-6	-3
96.474	1	150	134	92	108	7.87	-6.47	-2.77	walk_left	walking	0	0	1591	-7	-3
96.509	1	144	131	92	108	7.87	-6.24	-3.12	walk_left	walking	0	0	1592	-6	-3
96.543	1	138	128	92	108	7.87	-6.22	-3.11	walk_left	walking	0	0	1593	-6	-3
96.565	1	131	125	92	108	7.87	-6.38	-2.73	walk_left	walking	0	0	1594	-7	-3
96.604	1	125	122	92	108	7.87	-6.40	-3.20	walk_left	walking	0	0	1595	-6	-3
96.635	1	118	120	92	108	7.87	-6.42	-1.84	walk_left	walking	0	0	1596	-7	-2
96.666	0	113	117	92	108	7.87	0.00	0.00	look_up	walking	1	0	1597	-5	-3
96.693	0	113	117	92	108	7.87	0.00	0.00	look_up	performing	1	0	1597	-5	-3
96.724	0	113	117	92	108	7.87	0.00	0.00	look_up	performing	1	0	1597	-5	-3
96.756	0	113	117	92	108	7.87	0.00	0.00	look_up	performing	1	0	1597	-5	-3
96.787	0	112	117	92	108	7.87	0.00	0.00	look_up	performing	1	0	1597	-5	-3
96.817	0	112	117	92	108	7.87	0.00	0.00	look_up	performing	1	0	1597	-5	-3
96.849	0	112	117	92	108	7.87	0.00	0.00	look_up	performing	1	0	1597	-5	-3
96.879	0	112	117	92	108	7.87	0.00	0.00	look_up	performing	1	0	1597	-5	-3
96.912	0	112	117	92	108	7.87	0.00	0.00	look_up	performing	1	0	1597	-5	-3
96.941	0	112	117	92	108	7.87	0.00	0.00	look_up	performing	1	0	1597	-5	-3
96.974	0	112	117	92	108	7.87	0.00	0.00	look_up	performing	1	0	1597	-5	-3
97.006	0	112	117	92	108	7.87	0.00	0.00	look_up	performing	1	0	1597	-5	-3
97.038	0	112	117	92	108	7.87	0.00	0.00	look_up	performing	1	0	1597	-5	-3
97.068	0	112	117	92	108	7.87	0.00	0.00	look_up	performing	1	0	1597	-5	-3
97.101	0	112	117	92	108	7.87	0.00	0.00	look_up	performing	1	0	1597	-5	-3
97.131	0	112	117	92	108	7.87	0.00	0.00	look_up	performing	1	0	1597	-5	-3
97.162	0	112	117	92	108	7.87	0.00	0.00	look_up	performing	1	0	1597	-5	-3
97.190	0	112	117	92	108	7.87	0.00	0.00	look_up	performing	1	0	1597	-5	-3
97.224	0	112	117	92	108	7.87	0.00	0.00	look_up	performing	1	0	1597	-5	-3
97.257	0	112	117	92	108	7.87	0.00	0.00	look_up	performing	1	0	1597	-5	-3
97.288	0	112	117	92	108	7.87	0.00	0.00	look_up	performing	1	0	1597	-5	-3
97.321	0	112	117	92	108	7.87	0.00	0.00	look_up	performing	1	0	1597	-5	-3
97.351	0	112	117	92	108	7.87	0.00	0.00	walk_right	performing	0	0	1597	-5	-3
97.384	0	112	117	92	108	7.87	0.00	0.00	walk_right	performing	0	0	1597	-5	-3
97.414	0	112	117	92	108	7.87	0.00	0.00	walk_right	performing	0	0	1597	-5	-3
97.441	0	112	117	92	108	7.87	0.00	0.00	walk_right	performing	0	0	1597	-5	-3
97.473	0	112	117	92	108	7.87	0.00	0.00	walk_right	performing	0	0	1597	-5	-3
97.509	0	112	117	92	108	7.87	0.00	0.00	walk_right	performing	0	0	1597	-5	-3
97.538	0	63	110	92	108	7.87	0.00	0.00	idle	performing	0	0	1597	-5	-3
97.569	0	63	110	92	108	7.87	0.00	0.00	idle	performing	0	0	1597	-5	-3
97.601	0	63	110	92	108	7.87	0.00	0.00	idle	performing	0	0	1597	-5	-3
97.634	0	63	110	92	108	7.87	0.00	0.00	idle	performing	0	0	1597	-5	-3
97.657	0	63	110	92	108	7.87	0.00	0.00	idle	performing	0	0	1597	-5	-3
97.691	0	63	110	92	108	7.87	0.00	0.00	idle	performing	0	0	1597	-5	-3
97.723	0	63	110	92	108	7.87	0.00	0.00	idle	performing	0	0	1597	-5	-3
97.756	0	63	110	92	108	7.87	0.00	0.00	idle	performing	0	0	1597	-5	-3
97.787	0	63	110	92	108	7.87	0.00	0.00	idle	performing	0	0	1597	-5	-3
97.817	0	63	110	92	108	7.87	0.00	0.00	idle	performing	0	0	1597	-5	-3
97.847	0	63	110	92	108	7.87	0.00	0.00	idle	performing	0	0	1597	-5	-3
97.878	0	63	110	92	108	7.87	0.00	0.00	idle	performing	0	0	1597	-5	-3
97.909	0	63	110	92	108	7.87	0.00	0.00	idle	performing	0	0	1597	-5	-3
97.940	0	63	110	92	108	7.87	0.00	0.00	idle	performing	0	0	1597	-5	-3
97.972	0	63	110	92	108	7.87	0.00	0.00	idle	performing	0	0	1597	-5	-3
98.002	0	63	110	92	108	7.87	0.00	0.00	idle	performing	0	0	1597	-5	-3
98.035	0	63	110	92	108	7.87	0.00	0.00	idle	performing	0	0	1597	-5	-3
98.067	0	63	110	92	108	7.87	0.00	0.00	idle	performing	0	0	1597	-5	-3
98.097	0	63	110	92	108	7.87	0.00	0.00	idle	performing	0	0	1597	-5	-3
98.128	0	63	110	92	108	7.87	0.00	0.00	idle	performing	0	0	1597	-5	-3
98.159	0	63	110	92	108	7.87	0.00	0.00	idle	performing	0	0	1597	-5	-3
98.191	0	63	110	92	108	7.87	0.00	0.00	idle	performing	0	0	1597	-5	-3
98.222	0	63	110	92	108	7.87	0.00	0.00	idle	performing	0	0	1597	-5	-3
98.252	0	63	110	92	108	7.87	0.00	0.00	idle	performing	0	0	1597	-5	-3
98.294	0	63	110	92	108	7.87	0.00	0.00	idle	performing	0	0	1597	-5	-3
98.314	0	63	110	92	108	7.87	0.00	0.00	idle	performing	0	0	1597	-5	-3
98.346	0	63	110	92	108	7.87	0.00	0.00	idle	performing	0	0	1597	-5	-3
98.376	0	63	110	92	108	7.87	0.00	0.00	idle	performing	0	0	1597	-5	-3
98.409	0	63	110	92	108	7.87	0.00	0.00	idle	performing	0	0	1597	-5	-3
98.440	0	63	110	92	108	7.87	0.00	0.00	idle	performing	0	0	1597	-5	-3
98.470	0	63	110	92	108	7.87	0.00	0.00	idle	performing	0	0	1597	-5	-3
98.502	0	63	110	92	108	7.87	0.00	0.00	idle	performing	0	0	1597	-5	-3
98.534	0	63	110	92	108	7.87	0.00	0.00	idle	performing	0	0	1597	-5	-3
98.564	0	63	110	92	108	7.87	0.00	0.00	idle	performing	0	0	1597	-5	-3
98.595	0	63	110	92	108	7.87	0.00	0.00	idle	performing	0	0	1597	-5	-3
98.626	0	63	110	92	108	7.87	0.00	0.00	idle	performing	0	0	1597	-5	-3
98.657	0	63	110	92	108	7.87	0.00	0.00	idle	performing	0	0	1597	-5	-3
98.691	0	63	110	92	108	7.87	0.00	0.00	idle	performing	0	0	1597	-5	-3
98.723	0	63	110	92	108	7.87	0.00	0.00	idle	performing	0	0	1597	-5	-3
98.758	0	63	110	92	108	7.87	0.00	0.00	idle	performing	0	0	1597	-5	-3
98.842	0	63	110	92	108	7.87	0.00	0.00	idle	performing	0	0	1597	-5	-3
98.884	0	63	110	92	108	7.87	0.00	0.00	idle	performing	0	0	1597	-5	-3
98.908	0	63	110	92	108	7.87	0.00	0.00	idle	performing	0	0	1597	-5	-3
98.945	0	63	110	92	108	7.87	0.00	0.00	idle	performing	0	0	1597	-5	-3
98.975	0	63	110	92	108	7.87	0.00	0.00	idle	performing	0	0	1597	-5	-3
99.119	0	63	110	92	108	7.87	0.00	0.00	idle	performing	0	0	1597	-5	-3
99.132	0	63	110	92	108	7.87	0.00	0.00	idle	performing	0	0	1597	-5	-3
99.157	0	63	110	92	108	7.87	0.00	0.00	idle	performing	0	0	1597	-5	-3
99.191	0	63	110	92	108	7.87	0.00	0.00	idle	performing	0	0	1597	-5	-3
99.225	0	63	110	92	108	7.87	0.00	0.00	idle	performing	0	0	1597	-5	-3
99.257	0	63	110	92	108	7.87	0.00	0.00	idle	performing	0	0	1597	-5	-3
99.291	0	63	110	92	108	7.87	0.00	0.00	idle	performing	0	0	1597	-5	-3
99.331	0	63	110	92	108	7.87	0.00	0.00	idle	performing	0	0	1597	-5	-3
99.355	0	63	110	92	108	7.87	0.00	0.00	idle	performing	0	0	1597	-5	-3
99.386	0	63	110	92	108	7.87	0.00	0.00	idle	performing	0	0	1597	-5	-3
99.408	0	63	110	92	108	7.87	0.00	0.00	idle	performing	0	0	1597	-5	-3
99.441	0	63	110	92	108	7.87	0.00	0.00	idle	performing	0	0	1597	-5	-3
99.473	0	63	110	92	108	7.87	0.00	0.00	idle	performing	0	0	1597	-5	-3
99.507	0	63	110	92	108	7.87	0.00	0.00	idle	performing	0	0	1597	-5	-3
99.540	0	63	110	92	108	7.87	0.00	0.00	idle	performing	0	0	1597	-5	-3
99.571	0	63	110	92	108	7.87	0.00	0.00	idle	performing	0	0	1597	-5	-3
99.602	0	63	110	92	108	7.87	0.00	0.00	idle	performing	0	0	1597	-5	-3
99.626	0	63	110	92	108	7.87	0.00	0.00	idle	performing	0	0	1597	-5	-3
99.660	0	63	110	92	108	7.87	0.00	0.00	idle	performing	0	0	1597	-5	-3
99.690	0	63	110	92	108	7.87	0.00	0.00	idle	performing	0	0	1597	-5	-3
99.724	0	63	110	92	108	7.87	0.00	0.00	idle	performing	0	0	1597	-5	-3
99.758	0	63	110	92	108	7.87	0.00	0.00	idle	performing	0	0	1597	-5	-3
99.790	0	63	110	92	108	7.87	0.00	0.00	idle	performing	0	0	1597	-5	-3
99.823	0	63	110	92	108	7.87	0.00	0.00	idle	performing	0	0	1597	-5	-3
99.847	0	63	110	92	108	7.87	0.00	0.00	idle	performing	0	0	1597	-5	-3
99.886	0	63	110	92	108	7.87	0.00	0.00	idle	performing	0	0	1597	-5	-3
99.906	0	63	110	92	108	7.87	0.00	0.00	idle	performing	0	0	1597	-5	-3
99.940	0	63	110	92	108	7.87	0.00	0.00	idle	performing	0	0	1597	-5	-3
99.974	0	63	110	92	108	7.87	0.00	0.00	idle	performing	0	0	1597	-5	-3
100.009	0	63	110	92	108	7.87	0.00	0.00	idle	performing	0	0	1597	-5	-3
100.040	0	63	110	92	108	7.87	0.00	0.00	idle	performing	0	0	1597	-5	-3
100.063	0	63	110	92	108	7.87	0.00	0.00	idle	performing	0	0	1597	-5	-3
100.106	0	63	110	92	108	7.87	0.00	0.00	idle	performing	0	0	1597	-5	-3
100.137	0	63	110	92	108	7.87	0.00	0.00	idle	performing	0	0	1597	-5	-3
100.169	0	63	110	92	108	7.87	0.00	0.00	idle	performing	0	0	1597	-5	-3
100.191	0	63	110	92	108	7.87	0.00	0.00	idle	performing	0	0	1597	-5	-3
100.224	0	63	110	92	108	7.87	0.00	0.00	idle	performing	0	0	1597	-5	-3
100.258	0	63	110	92	108	7.87	0.00	0.00	idle	performing	0	0	1597	-5	-3
100.290	0	63	110	92	108	7.87	0.00	0.00	idle	performing	0	0	1597	-5	-3
100.324	0	63	110	92	108	7.87	0.00	0.00	idle	performing	0	0	1597	-5	-3
100.358	0	63	110	92	108	7.87	0.00	0.00	idle	performing	0	0	1597	-5	-3
100.387	0	63	110	92	108	7.87	0.00	0.00	idle	performing	0	0	1597	-5	-3
100.407	0	63	110	92	108	7.87	0.00	0.00	idle	performing	0	0	1597	-5	-3
100.440	0	63	110	92	108	7.87	0.00	0.00	idle	performing	0	0	1597	-5	-3
100.474	0	63	110	92	108	7.87	0.00	0.00	idle	performing	0	0	1597	-5	-3
100.507	0	63	110	92	108	7.87	0.00	0.00	idle	performing	0	0	1597	-5	-3
100.541	0	63	110	92	108	7.87	0.00	0.00	idle	performing	0	0	1597	-5	-3
100.579	0	63	110	92	108	7.87	0.00	0.00	idle	performing	0	0	1597	-5	-3
100.604	0	63	110	92	108	7.87	0.00	0.00	idle	performing	0	0	1597	-5	-3
100.634	0	63	110	92	108	7.87	0.00	0.00	idle	performing	0	0	1597	-5	-3
100.664	0	63	110	92	108	7.87	0.00	0.00	idle	performing	0	0	1597	-5	-3
100.689	0	63	110	92	108	7.87	0.00	0.00	idle	performing	0	0	1597	-5	-3
100.724	0	63	110	92	108	7.87	0.00	0.00	idle	performing	0	0	1597	-5	-3
100.756	0	63	110	92	108	7.87	0.00	0.00	idle	performing	0	0	1597	-5	-3
100.783	0	63	110	92	108	7.87	0.00	0.00	idle	performing	0	0	1597	-5	-3
100.821	0	63	110	92	108	7.87	0.00	0.00	idle	performing	0	0	1597	-5	-3
100.855	0	63	110	92	108	7.87	0.00	0.00	idle	performing	0	0	1597	-5	-3
100.882	0	63	110	92	108	7.87	0.00	0.00	idle	performing	0	0	1597	-5	-3
100.908	0	63	110	92	108	7.87	0.00	0.00	idle	performing	0	0	1597	-5	-3
100.941	0	63	110	92	108	7.87	0.00	0.00	idle	performing	0	0	1597	-5	-3
100.975	0	63	110	92	108	7.87	0.00	0.00	idle	performing	0	0	1597	-5	-3
101.007	0	63	110	92	108	7.87	0.00	0.00	idle	performing	0	0	1597	-5	-3
101.046	0	63	110	92	108	7.87	0.00	0.00	idle	performing	0	0	1597	-5	-3
101.070	0	63	110	92	108	7.87	0.00	0.00	idle	performing	0	0	1597	-5	-3
101.102	0	63	110	92	108	7.87	0.00	0.00	idle	performing	0	0	1597	-5	-3
101.139	0	63	110	92	108	7.87	0.00	0.00	idle	performing	0	0	1597	-5	-3
101.157	0	63	110	92	108	7.87	0.00	0.00	idle	performing	0	0	1597	-5	-3
101.191	0	63	110	92	108	7.87	0.00	0.00	idle	performing	0	0	1597	-5	-3
101.229	0	63	110	92	108	7.87	0.00	0.00	idle	performing	0	0	1597	-5	-3
101.257	0	63	110	92	108	7.87	0.00	0.00	idle	performing	0	0	1597	-5	-3
101.290	0	63	110	92	108	7.87	0.00	0.00	idle	performing	0	0	1597	-5	-3
101.326	0	63	110	92	108	7.87	0.00	0.00	idle	performing	0	0	1597	-5	-3
101.350	0	63	110	92	108	7.87	0.00	0.00	idle	performing	0	0	1597	-5	-3
101.380	0	63	110	92	108	7.87	0.00	0.00	idle	performing	0	0	1597	-5	-3
101.412	0	63	110	92	108	7.87	0.00	0.00	idle	performing	0	0	1597	-5	-3
101.441	0	63	110	92	108	7.87	0.00	0.00	idle	performing	0	0	1597	-5	-3
101.474	0	63	110	92	108	7.87	0.00	0.00	idle	performing	0	0	1597	-5	-3
101.510	0	63	110	92	108	7.87	0.00	0.00	idle	performing	0	0	1597	-5	-3
101.536	0	63	110	92	108	7.87	0.00	0.00	idle	performing	0	0	1597	-5	-3
101.566	0	63	110	92	108	7.87	0.00	0.00	idle	performing	0	0	1597	-5	-3
101.599	0	63	110	92	108	7.87	0.00	0.00	idle	performing	0	0	1597	-5	-3
101.628	0	63	110	92	108	7.87	0.00	0.00	idle	performing	0	0	1597	-5	-3
101.658	0	63	110	92	108	7.87	0.00	0.00	idle	performing	0	0	1597	-5	-3
101.691	0	63	110	92	108	7.87	0.00	0.00	idle	performing	0	0	1597	-5	-3
101.723	0	63	110	92	108	7.87	0.00	0.00	idle	performing	0	0	1597	-5	-3
101.756	0	63	110	92	108	7.87	0.00	0.00	idle	performing	0	0	1597	-5	-3
101.786	0	63	110	92	108	7.87	0.00	0.00	idle	performing	0	0	1597	-5	-3
101.816	0	63	110	92	108	7.87	0.00	0.00	idle	performing	0	0	1597	-5	-3
101.847	0	63	110	92	108	7.87	0.00	0.00	idle	performing	0	0	1597	-5	-3
101.877	0	63	110	92	108	7.87	0.00	0.00	idle	performing	0	0	1597	-5	-3
101.910	0	63	110	92	108	7.87	0.00	0.00	idle	performing	0	0	1597	-5	-3
101.941	0	63	110	92	108	7.87	0.00	0.00	idle	performing	0	0	1597	-5	-3
101.973	0	63	110	92	108	7.87	0.00	0.00	idle	performing	0	0	1597	-5	-3
102.210	0	66	110	92	108	7.87	0.00	0.00	idle	walking	0	0	1598	-47	-7
102.252	0	66	110	92	108	7.87	0.00	0.00	idle	walking	0	0	1598	-47	-7
102.284	0	66	110	92	108	7.87	0.00	0.00	idle	walking	0	0	1598	-47	-7
102.326	0	66	110	92	108	7.87	0.00	0.00	idle	walking	0	0	1598	-47	-7
102.353	0	66	110	92	108	7.87	0.00	0.00	idle	walking	0	0	1598	-47	-7
102.375	0	66	110	92	108	7.87	0.00	0.00	idle	walking	0	0	1598	-47	-7
102.413	0	66	110	92	108	7.87	0.00	0.00	idle	walking	0	0	1598	-47	-7
102.439	0	66	110	92	108	7.87	0.00	0.00	idle	walking	0	0	1598	-47	-7
102.470	0	66	110	92	108	7.87	0.00	0.00	idle	walking	0	0	1598	-47	-7
102.506	0	66	110	92	108	7.87	0.00	0.00	idle	walking	0	0	1598	-47	-7
102.532	0	66	110	92	108	7.87	0.00	0.00	idle	walking	0	0	1598	-47	-7
102.574	0	66	110	92	108	7.87	0.00	0.00	idle	walking	0	0	1598	-47	-7
102.599	0	66	110	92	108	7.87	0.00	0.00	idle	walking	0	0	1598	-47	-7
102.640	0	66	110	92	108	7.87	0.00	0.00	idle	walking	0	0	1598	-47	-7
102.662	0	66	110	92	108	7.87	0.00	0.00	idle	walking	0	0	1598	-47	-7
102.696	0	66	110	92	108	7.87	0.00	0.00	idle	walking	0	0	1598	-47	-7
102.724	0	66	110	92	108	7.87	0.00	0.00	idle	walking	0	0	1598	-47	-7
102.757	0	66	110	92	108	7.87	0.00	0.00	idle	walking	0	0	1598	-47	-7
102.795	0	66	110	92	108	7.87	0.00	0.00	idle	walking	0	0	1598	-47	-7
102.825	0	66	110	92	108	7.87	0.00	0.00	idle	walking	0	0	1598	-47	-7
102.856	0	66	110	92	108	7.87	0.00	0.00	idle	walking	0	0	1598	-47	-7
102.895	0	66	110	92	108	7.87	0.00	0.00	idle	walking	0	0	1598	-47	-7
102.922	0	66	110	92	108	7.87	0.00	0.00	idle	walking	0	0	1598	-47	-7
102.941	0	66	110	92	108	7.87	0.00	0.00	idle	walking	0	0	1598	-47	-7
102.974	0	66	110	92	108	7.87	0.00	0.00	idle	walking	0	0	1598	-47	-7
103.006	0	66	110	92	108	7.87	0.00	0.00	idle	walking	0	0	1598	-47	-7
103.042	0	66	110	92	108	7.87	0.00	0.00	idle	walking	0	0	1598	-47	-7
103.073	0	66	110	92	108	7.87	0.00	0.00	idle	walking	0	0	1598	-47	-7
103.127	0	66	110	92	108	7.87	0.00	0.00	idle	walking	0	0	1598	-47	-7
103.157	0	66	110	92	108	7.87	0.00	0.00	idle	walking	0	0	1598	-47	-7
103.191	0	66	110	92	108	7.87	0.00	0.00	idle	walking	0	0	1598	-47	-7
103.224	0	66	110	92	108	7.87	0.00	0.00	idle	walking	0	0	1598	-47	-7
103.257	0	66	110	92	108	7.87	0.00	0.00	idle	walking	0	0	1598	-47	-7
103.302	0	66	110	92	108	7.87	0.00	0.00	idle	walking	0	0	1598	-47	-7
103.323	0	66	110	92	108	7.87	0.00	0.00	idle	walking	0	0	1598	-47	-7
103.344	0	66	110	92	108	7.87	0.00	0.00	idle	walking	0	0	1598	-47	-7
103.387	0	66	110	92	108	7.87	0.00	0.00	idle	walking	0	0	1598	-47	-7
103.408	0	66	110	92	108	7.87	0.00	0.00	idle	walking	0	0	1598	-47	-7
103.439	0	66	110	92	108	7.87	0.00	0.00	idle	walking	0	0	1598	-47	-7
103.474	0	66	110	92	108	7.87	0.00	0.00	idle	walking	0	0	1598	-47	-7
103.507	0	66	110	92	108	7.87	0.00	0.00	idle	walking	0	0	1598	-47	-7
103.540	0	66	110	92	108	7.87	0.00	0.00	idle	walking	0	0	1598	-47	-7
103.564	0	66	110	92	108	7.87	0.00	0.00	idle	walking	0	0	1598	-47	-7
103.603	0	66	110	92	108	7.87	0.00	0.00	idle	walking	0	0	1598	-47	-7
103.634	0	66	110	92	108	7.87	0.00	0.00	idle	walking	0	0	1598	-47	-7
103.656	0	66	110	92	108	7.87	0.00	0.00	idle	walking	0	0	1598	-47	-7
103.692	0	66	110	92	108	7.87	0.00	0.00	idle	walking	0	0	1598	-47	-7
103.723	0	66	110	92	108	7.87	0.00	0.00	idle	walking	0	0	1598	-47	-7
103.757	0	66	110	92	108	7.87	0.00	0.00	idle	walking	0	0	1598	-47	-7
103.790	0	66	110	92	108	7.87	0.00	0.00	idle	walking	0	0	1598	-47	-7
103.824	0	66	110	92	108	7.87	0.00	0.00	idle	walking	0	0	1598	-47	-7
103.853	0	66	110	92	108	7.87	0.00	0.00	idle	walking	0	0	1598	-47	-7
103.887	0	66	110	92	108	7.87	0.00	0.00	idle	walking	0	0	1598	-47	-7
103.907	0	66	110	92	108	7.87	0.00	0.00	idle	walking	0	0	1598	-47	-7
103.939	0	66	110	92	108	7.87	0.00	0.00	idle	walking	0	0	1598	-47	-7
103.974	0	66	110	92	108	7.87	0.00	0.00	idle	walking	0	0	1598	-47	-7
104.008	0	66	110	92	108	7.87	0.00	0.00	idle	walking	0	0	1598	-47	-7
104.040	0	66	110	92	108	7.87	0.00	0.00	idle	walking	0	0	1598	-47	-7
104.073	0	66	110	92	108	7.87	0.00	0.00	idle	walking	0	0	1598	-47	-7
104.093	0	66	110	92	108	7.87	0.00	0.00	idle	walking	0	0	1598	-47	-7
104.137	0	66	110	92	108	7.87	0.00	0.00	idle	walking	0	0	1598	-47	-7
104.168	0	66	110	92	108	7.87	0.00	0.00	idle	walking	0	0	1598	-47	-7
104.189	0	66	110	92	108	7.87	0.00	0.00	idle	walking	0	0	1598	-47	-7
104.224	0	66	110	92	108	7.87	0.00	0.00	idle	walking	0	0	1598	-47	-7
104.256	0	66	110	92	108	7.87	0.00	0.00	idle	walking	0	0	1598	-47	-7
104.357	0	66	110	92	108	7.87	0.00	0.00	idle	walking	0	0	1598	-47	-7
104.380	0	66	110	92	108	7.87	0.00	0.00	idle	walking	0	0	1598	-47	-7
104.407	0	66	110	92	108	7.87	0.00	0.00	idle	walking	0	0	1598	-47	-7
104.440	0	66	110	92	108	7.87	0.00	0.00	idle	walking	0	0	1598	-47	-7
104.504	0	66	110	92	108	7.87	0.00	0.00	idle	walking	0	0	1598	-47	-7
104.537	0	66	110	92	108	7.87	0.00	0.00	idle	walking	0	0	1598	-47	-7
104.565	0	66	110	92	108	7.87	0.00	0.00	idle	walking	0	0	1598	-47	-7
104.598	0	66	110	92	108	7.87	0.00	0.00	idle	walking	0	0	1598	-47	-7
104.629	0	66	110	92	108	7.87	0.00	0.00	idle	walking	0	0	1598	-47	-7
104.658	0	66	110	92	108	7.87	0.00	0.00	idle	walking	0	0	1598	-47	-7
104.690	0	66	110	92	108	7.87	0.00	0.00	idle	walking	0	0	1598	-47	-7
104.724	0	66	110	92	108	7.87	0.00	0.00	idle	walking	0	0	1598	-47	-7
104.754	0	66	110	92	108	7.87	0.00	0.00	idle	walking	0	0	1598	-47	-7
104.786	0	66	110	92	108	7.87	0.00	0.00	idle	walking	0	0	1598	-47	-7
104.817	0	66	110	92	108	7.87	0.00	0.00	idle	walking	0	0	1598	-47	-7
104.850	0	66	110	92	108	7.87	0.00	0.00	idle	walking	0	0	1598	-47	-7
104.877	0	66	110	92	108	7.87	0.00	0.00	idle	walking	0	0	1598	-47	-7
104.908	0	66	110	92	108	7.87	0.00	0.00	idle	walking	0	0	1598	-47	-7
104.939	0	66	110	92	108	7.87	0.00	0.00	idle	walking	0	0	1598	-47	-7
104.972	0	66	110	92	108	7.87	0.00	0.00	idle	walking	0	0	1598	-47	-7
105.113	0	66	110	92	108	7.87	0.00	0.00	walk_right	walking	0	0	1598	-47	-7
105.125	0	66	110	92	108	7.87	0.00	0.00	idle	walking	0	0	1598	-47	-7
105.157	0	66	110	92	108	7.87	0.00	0.00	idle	walking	0	0	1598	-47	-7
105.189	0	66	110	92	108	7.87	0.00	0.00	idle	walking	0	0	1598	-47	-7
105.219	0	66	110	92	108	7.87	0.00	0.00	idle	walking	0	0	1598	-47	-7
105.252	0	66	110	92	108	7.87	0.00	0.00	idle	walking	0	0	1598	-47	-7
105.285	0	66	110	92	108	7.87	0.00	0.00	idle	walking	0	0	1598	-47	-7
105.314	0	66	110	92	108	7.87	0.00	0.00	idle	walking	0	0	1598	-47	-7
105.345	0	66	110	92	108	7.87	0.00	0.00	idle	walking	0	0	1598	-47	-7
105.392	0	66	110	92	108	7.87	0.00	0.00	idle	walking	0	0	1598	-47	-7
105.407	0	66	110	92	108	7.87	0.00	0.00	idle	walking	0	0	1598	-47	-7
105.439	0	66	110	92	108	7.87	0.00	0.00	idle	walking	0	0	1598	-47	-7
105.474	0	66	110	92	108	7.87	0.00	0.00	idle	walking	0	0	1598	-47	-7
105.506	0	66	110	92	108	7.87	0.00	0.00	idle	walking	0	0	1598	-47	-7
105.541	0	66	110	92	108	7.87	0.00	0.00	idle	walking	0	0	1598	-47	-7
105.574	0	66	110	92	108	7.87	0.00	0.00	idle	walking	0	0	1598	-47	-7
105.608	0	66	110	92	108	7.87	0.00	0.00	idle	walking	0	0	1598	-47	-7
105.642	0	66	110	92	108	7.87	0.00	0.00	idle	walking	0	0	1598	-47	-7
105.657	0	66	110	92	108	7.87	0.00	0.00	idle	walking	0	0	1598	-47	-7
105.689	0	66	110	92	108	7.87	0.00	0.00	idle	walking	0	0	1598	-47	-7
105.725	0	66	110	92	108	7.87	0.00	0.00	idle	walking	0	0	1598	-47	-7
105.756	0	66	110	92	108	7.87	0.00	0.00	idle	walking	0	0	1598	-47	-7
105.791	1	66	110	315	133	6.10	0.00	0.00	idle	walking	0	0	1598	-47	-7
105.824	1	69	110	315	133	6.10	3.36	0.00	idle	walking	0	0	1599	3	0
105.860	1	74	111	315	133	6.10	4.94	0.99	idle	walking	0	0	1600	5	1
105.892	1	80	111	315	133	6.10	5.87	0.00	idle	walking	0	0	1601	6	0
105.919	1	86	112	315	133	6.10	6.21	1.03	idle	walking	0	0	1602	6	1
105.942	1	92	112	315	133	6.10	6.50	0.00	idle	walking	0	0	1603	6	0
105.976	1	98	113	315	133	6.10	6.52	1.09	idle	walking	0	0	1604	6	1
106.009	1	104	114	315	133	6.10	6.57	1.09	idle	walking	0	0	1605	6	1
106.042	1	111	114	315	133	6.10	6.68	0.00	idle	walking	0	0	1606	7	0
106.075	1	117	115	315	133	6.10	6.61	1.10	idle	walking	0	0	1607	6	1
106.110	1	123	115	315	133	6.10	6.70	0.00	idle	walking	0	0	1608	6	0
106.140	1	129	116	315	133	6.10	6.62	1.10	idle	walking	0	0	1609	6	1
106.160	1	135	116	315	133	6.10	6.71	0.00	idle	walking	0	0	1610	6	0
106.192	1	141	117	315	133	6.10	6.62	1.10	idle	walking	0	0	1611	6	1
106.225	1	147	117	315	133	6.10	6.71	0.00	idle	walking	0	0	1612	6	0
106.257	1	153	118	315	133	6.10	6.62	1.10	idle	walking	0	0	1613	6	1
106.292	1	159	119	315	133	6.10	6.62	1.10	idle	walking	0	0	1614	6	1
106.315	1	165	119	315	133	6.10	6.71	0.00	idle	walking	0	0	1615	6	0
106.357	1	171	120	315	133	6.10	6.62	1.10	idle	walking	0	0	1616	6	1
106.388	1	177	120	315	133	6.10	6.71	0.00	idle	walking	0	0	1617	6	0
106.408	1	183	121	315	133	6.10	6.62	1.10	idle	walking	0	0	1618	6	1
106.441	1	190	121	315	133	6.10	6.71	0.00	idle	walking	0	0	1619	7	0
106.475	1	196	122	315	133	6.10	6.62	1.10	idle	walking	0	0	1620	6	1
106.508	1	202	123	315	133	6.10	6.62	1.10	idle	walking	0	0	1621	6	1
106.542	1	208	123	315	133	6.10	6.71	0.00	idle	walking	0	0	1622	6	0
106.574	1	214	124	315	133	6.10	6.62	1.10	idle	walking	0	0	1623	6	1
106.605	1	220	124	315	133	6.10	6.71	0.00	idle	walking	0	0	1624	6	0
106.635	1	226	125	315	133	6.10	5.96	0.99	idle	walking	0	0	1625	6	1
106.659	1	232	125	315	133	6.10	5.70	0.00	idle	walking	0	0	1626	6	0
106.691	1	237	126	315	133	6.10	5.43	1.09	idle	walking	0	0	1627	5	1
106.725	1	243	126	315	133	6.10	5.45	0.00	idle	walking	0	0	1628	6	0
106.758	1	248	127	315	133	6.10	5.31	1.06	idle	walking	0	0	1629	5	1
106.792	1	253	127	315	133	6.10	5.39	0.00	idle	walking	0	0	1630	5	0
106.823	0	307	134	315	133	6.10	0.00	0.00	idle	walking	0	0	1631	54	7
106.858	0	307	134	315	133	6.10	0.00	0.00	idle	walking	0	0	1631	54	7
106.885	0	307	134	315	133	6.10	0.00	0.00	idle	walking	0	0	1631	54	7
106.915	0	307	134	315	133	6.10	0.00	0.00	idle	walking	0	0	1631	54	7
106.941	0	307	134	315	133	6.10	0.00	0.00	idle	walking	0	0	1631	54	7
106.974	0	307	134	315	133	6.10	0.00	0.00	idle	walking	0	0	1631	54	7
107.006	0	257	127	315	133	6.10	0.00	0.00	idle	walking	0	0	1631	54	7
107.041	0	257	127	315	133	6.10	0.00	0.00	idle	walking	0	0	1631	54	7
107.072	0	257	127	315	133	6.10	0.00	0.00	idle	walking	0	0	1631	54	7
107.102	0	257	127	315	133	6.10	0.00	0.00	idle	walking	0	0	1631	54	7
107.133	0	257	127	315	133	6.10	0.00	0.00	idle	walking	0	0	1631	54	7
107.165	0	257	127	315	133	6.10	0.00	0.00	idle	walking	0	0	1631	54	7
107.223	0	257	127	315	133	6.10	0.00	0.00	idle	walking	0	0	1631	54	7
107.258	0	257	127	315	133	6.10	0.00	0.00	idle	walking	0	0	1631	54	7
107.289	0	257	127	315	133	6.10	0.00	0.00	idle	walking	0	0	1631	54	7
107.319	0	257	127	315	133	6.10	0.00	0.00	idle	walking	0	0	1631	54	7
107.349	0	257	127	315	133	6.10	0.00	0.00	idle	walking	0	0	1631	54	7
107.380	0	257	127	315	133	6.10	0.00	0.00	idle	walking	0	0	1631	54	7
107.408	0	257	127	315	133	6.10	0.00	0.00	idle	walking	0	0	1631	54	7
107.439	0	257	127	315	133	6.10	0.00	0.00	idle	walking	0	0	1631	54	7
107.474	0	257	127	315	133	6.10	0.00	0.00	idle	walking	0	0	1631	54	7
107.507	0	257	127	315	133	6.10	0.00	0.00	idle	walking	0	0	1631	54	7
107.535	0	257	127	315	133	6.10	0.00	0.00	idle	walking	0	0	1631	54	7
107.569	0	257	127	315	133	6.10	0.00	0.00	idle	walking	0	0	1631	54	7
107.599	0	257	127	315	133	6.10	0.00	0.00	idle	walking	0	0	1631	54	7
107.629	0	257	127	315	133	6.10	0.00	0.00	idle	walking	0	0	1631	54	7
107.657	0	257	127	315	133	6.10	0.00	0.00	idle	walking	0	0	1631	54	7
107.690	0	257	127	315	133	6.10	0.00	0.00	idle	walking	0	0	1631	54	7
107.723	0	257	127	315	133	6.10	0.00	0.00	idle	walking	0	0	1631	54	7
107.756	0	257	127	315	133	6.10	0.00	0.00	idle	walking	0	0	1631	54	7
107.787	0	257	127	315	133	6.10	0.00	0.00	idle	walking	0	0	1631	54	7
107.817	0	257	127	315	133	6.10	0.00	0.00	idle	walking	0	0	1631	54	7
107.847	0	257	127	315	133	6.10	0.00	0.00	idle	walking	0	0	1631	54	7
107.880	0	257	127	315	133	6.10	0.00	0.00	idle	walking	0	0	1631	54	7
107.911	0	257	127	315	133	6.10	0.00	0.00	idle	walking	0	0	1631	54	7
107.940	0	257	127	315	133	6.10	0.00	0.00	idle	walking	0	0	1631	54	7
107.973	0	257	127	315	133	6.10	0.00	0.00	idle	walking	0	0	1631	54	7
108.123	0	257	127	315	133	6.10	0.00	0.00	idle	walking	0	0	1631	54	7
108.158	0	257	127	315	133	6.10	0.00	0.00	idle	walking	0	0	1631	54	7
108.189	0	257	127	315	133	6.10	0.00	0.00	idle	walking	0	0	1631	54	7
108.220	0	257	127	315	133	6.10	0.00	0.00	idle	walking	0	0	1631	54	7
108.253	0	257	127	315	133	6.10	0.00	0.00	idle	walking	0	0	1631	54	7
108.282	0	257	127	315	133	6.10	0.00	0.00	idle	walking	0	0	1631	54	7
108.313	0	257	127	315	133	6.10	0.00	0.00	idle	walking	0	0	1631	54	7
108.357	0	257	127	315	133	6.10	0.00	0.00	idle	walking	0	0	1631	54	7
108.393	0	257	127	315	133	6.10	0.00	0.00	idle	walking	0	0	1631	54	7
108.408	0	257	127	315	133	6.10	0.00	0.00	idle	walking	0	0	1631	54	7
108.439	0	257	127	315	133	6.10	0.00	0.00	idle	walking	0	0	1631	54	7
108.473	0	257	127	315	133	6.10	0.00	0.00	idle	walking	0	0	1631	54	7
108.508	0	257	127	315	133	6.10	0.00	0.00	idle	walking	0	0	1631	54	7
108.541	0	257	127	315	133	6.10	0.00	0.00	idle	walking	0	0	1631	54	7
108.573	0	257	127	315	133	6.10	0.00	0.00	idle	walking	0	0	1631	54	7
108.607	0	257	127	315	133	6.10	0.00	0.00	idle	walking	0	0	1631	54	7
108.626	0	257	127	315	133	6.10	0.00	0.00	idle	walking	0	0	1631	54	7
108.658	0	257	127	315	133	6.10	0.00	0.00	idle	walking	0	0	1631	54	7
108.691	0	257	127	315	133	6.10	0.00	0.00	idle	walking	0	0	1631	54	7
108.725	0	257	127	315	133	6.10	0.00	0.00	idle	walking	0	0	1631	54	7
108.758	0	257	127	315	133	6.10	0.00	0.00	idle	walking	0	0	1631	54	7
108.781	0	257	127	315	133	6.10	0.00	0.00	idle	walking	0	0	1631	54	7
108.814	0	257	127	315	133	6.10	0.00	0.00	idle	walking	0	0	1631	54	7
108.843	0	257	127	315	133	6.10	0.00	0.00	idle	walking	0	0	1631	54	7
108.880	0	257	127	315	133	6.10	0.00	0.00	idle	walking	0	0	1631	54	7
108.909	0	257	127	315	133	6.10	0.00	0.00	idle	walking	0	0	1631	54	7
108.939	0	257	127	315	133	6.10	0.00	0.00	idle	walking	0	0	1631	54	7
108.974	0	257	127	315	133	6.10	0.00	0.00	idle	walking	0	0	1631	54	7
109.008	0	257	127	315	133	6.10	0.00	0.00	idle	walking	0	0	1631	54	7
109.042	0	257	127	315	133	6.10	0.00	0.00	idle	walking	0	0	1631	54	7
109.065	0	257	127	315	133	6.10	0.00	0.00	idle	walking	0	0	1631	54	7
109.107	0	257	127	315	133	6.10	0.00	0.00	idle	walking	0	0	1631	54	7
109.140	0	257	127	315	133	6.10	0.00	0.00	idle	walking	0	0	1631	54	7
109.157	0	257	127	315	133	6.10	0.00	0.00	idle	walking	0	0	1631	54	7
109.192	0	257	127	315	133	6.10	0.00	0.00	idle	walking	0	0	1631	54	7
109.223	0	257	127	315	133	6.10	0.00	0.00	idle	walking	0	0	1631	54	7
109.258	0	257	127	315	133	6.10	0.00	0.00	idle	walking	0	0	1631	54	7
109.300	0	257	127	315	133	6.10	0.00	0.00	idle	walking	0	0	1631	54	7
109.323	0	257	127	315	133	6.10	0.00	0.00	idle	walking	0	0	1631	54	7
109.357	0	257	127	315	133	6.10	0.00	0.00	idle	walking	0	0	1631	54	7
109.390	0	257	127	315	133	6.10	0.00	0.00	idle	walking	0	0	1631	54	7
109.407	0	257	127	315	133	6.10	0.00	0.00	idle	walking	0	0	1631	54	7
109.440	0	257	127	315	133	6.10	0.00	0.00	idle	walking	0	0	1631	54	7
109.474	0	257	127	315	133	6.10	0.00	0.00	idle	walking	0	0	1631	54	7
109.508	0	257	127	315	133	6.10	0.00	0.00	idle	walking	0	0	1631	54	7
109.539	0	257	127	315	133	6.10	0.00	0.00	idle	walking	0	0	1631	54	7
109.575	0	257	127	315	133	6.10	0.00	0.00	idle	walking	0	0	1631	54	7
109.607	0	257	127	315	133	6.10	0.00	0.00	idle	walking	0	0	1631	54	7
109.637	0	257	127	315	133	6.10	0.00	0.00	idle	walking	0	0	1631	54	7
109.670	0	257	127	315	133	6.10	0.00	0.00	idle	walking	0	0	1631	54	7
109.690	0	257	127	315	133	6.10	0.00	0.00	idle	walking	0	0	1631	54	7
109.726	0	257	127	315	133	6.10	0.00	0.00	idle	walking	0	0	1631	54	7
109.759	0	257	127	315	133	6.10	0.00	0.00	idle	walking	0	0	1631	54	7
109.790	0	257	127	315	133	6.10	0.00	0.00	idle	walking	0	0	1631	54	7
109.824	0	257	127	315	133	6.10	0.00	0.00	idle	walking	0	0	1631	54	7
109.856	0	257	127	315	133	6.10	0.00	0.00	idle	walking	0	0	1631	54	7
109.886	0	257	127	315	133	6.10	0.00	0.00	idle	walking	0	0	1631	54	7
109.907	0	257	127	315	133	6.10	0.00	0.00	idle	walking	0	0	1631	54	7
109.941	0	257	127	315	133	6.10	0.00	0.00	idle	walking	0	0	1631	54	7
109.974	0	257	127	315	133	6.10	0.00	0.00	idle	walking	0	0	1631	54	7
110.007	0	257	127	315	133	6.10	0.00	0.00	idle	walking	0	0	1631	54	7
110.040	0	257	127	315	133	6.10	0.00	0.00	idle	walking	0	0	1631	54	7
110.072	0	257	127	315	133	6.10	0.00	0.00	idle	walking	0	0	1631	54	7
110.103	0	257	127	315	133	6.10	0.00	0.00	idle	walking	0	0	1631	54	7
110.135	0	257	127	315	133	6.10	0.00	0.00	idle	walking	0	0	1631	54	7
110.158	0	257	127	315	133	6.10	0.00	0.00	idle	walking	0	0	1631	54	7
110.190	0	257	127	315	133	6.10	0.00	0.00	idle	walking	0	0	1631	54	7
110.223	0	257	127	315	133	6.10	0.00	0.00	idle	walking	0	0	1631	54	7
110.257	0	257	127	315	133	6.10	0.00	0.00	idle	walking	0	0	1631	54	7
110.291	0	257	127	315	133	6.10	0.00	0.00	idle	walking	0	0	1631	54	7
110.319	0	257	127	315	133	6.10	0.00	0.00	idle	walking	0	0	1631	54	7
110.350	0	257	127	315	133	6.10	0.00	0.00	idle	walking	0	0	1631	54	7
110.381	0	257	127	315	133	6.10	0.00	0.00	idle	walking	0	0	1631	54	7
110.408	0	257	127	315	133	6.10	0.00	0.00	idle	walking	0	0	1631	54	7
110.441	0	257	127	315	133	6.10	0.00	0.00	idle	walking	0	0	1631	54	7
110.473	0	257	127	315	133	6.10	0.00	0.00	idle	walking	0	0	1631	54	7
110.507	0	257	127	315	133	6.10	0.00	0.00	idle	walking	0	0	1631	54	7
110.535	0	257	127	315	133	6.10	0.00	0.00	idle	walking	0	0	1631	54	7
110.566	0	257	127	315	133	6.10	0.00	0.00	idle	walking	0	0	1631	54	7
110.598	0	257	127	315	133	6.10	0.00	0.00	idle	walking	0	0	1631	54	7
110.629	0	257	127	315	133	6.10	0.00	0.00	idle	walking	0	0	1631	54	7
110.657	0	257	127	315	133	6.10	0.00	0.00	idle	walking	0	0	1631	54	7
110.690	0	257	127	315	133	6.10	0.00	0.00	idle	walking	0	0	1631	54	7
110.721	0	257	127	315	133	6.10	0.00	0.00	idle	walking	0	0	1631	54	7
110.752	0	257	127	315	133	6.10	0.00	0.00	idle	walking	0	0	1631	54	7
110.784	0	257	127	315	133	6.10	0.00	0.00	idle	walking	0	0	1631	54	7
110.815	0	257	127	315	133	6.10	0.00	0.00	idle	walking	0	0	1631	54	7
110.857	0	257	127	315	133	6.10	0.00	0.00	idle	walking	0	0	1631	54	7
110.889	0	257	127	315	133	6.10	0.00	0.00	idle	walking	0	0	1631	54	7
110.919	0	257	127	315	133	6.10	0.00	0.00	idle	walking	0	0	1631	54	7
110.941	0	257	127	315	133	6.10	0.00	0.00	idle	walking	0	0	1631	54	7
110.975	0	257	127	315	133	6.10	0.00	0.00	idle	walking	0	0	1631	54	7
111.175	0	257	127	315	133	6.10	0.00	0.00	idle	walking	0	0	1631	54	7
111.192	0	257	127	315	133	6.10	0.00	0.00	idle	walking	0	0	1631	54	7
111.225	0	257	127	315	133	6.10	0.00	0.00	idle	walking	0	0	1631	54	7
111.252	0	257	127	315	133	6.10	0.00	0.00	idle	walking	0	0	1631	54	7
111.283	0	257	127	315	133	6.10	0.00	0.00	idle	walking	0	0	1631	54	7
111.321	0	257	127	315	133	6.10	0.00	0.00	idle	walking	0	0	1631	54	7
111.348	0	257	127	315	133	6.10	0.00	0.00	idle	walking	0	0	1631	54	7
111.379	0	257	127	315	133	6.10	0.00	0.00	idle	walking	0	0	1631	54	7
111.413	0	257	127	315	133	6.10	0.00	0.00	idle	walking	0	0	1631	54	7
111.441	0	257	127	315	133	6.10	0.00	0.00	idle	walking	0	0	1631	54	7
111.474	0	257	127	315	133	6.10	0.00	0.00	idle	walking	0	0	1631	54	7
111.509	0	257	127	315	133	6.10	0.00	0.00	idle	walking	0	0	1631	54	7
111.535	0	257	127	315	133	6.10	0.00	0.00	idle	walking	0	0	1631	54	7
111.568	0	257	127	315	133	6.10	0.00	0.00	idle	walking	0	0	1631	54	7
111.604	0	257	127	315	133	6.10	0.00	0.00	idle	walking	0	0	1631	54	7
111.631	0	257	127	315	133	6.10	0.00	0.00	idle	walking	0	0	1631	54	7
111.657	0	257	127	315	133	6.10	0.00	0.00	idle	walking	0	0	1631	54	7
111.696	0	257	127	315	133	6.10	0.00	0.00	idle	walking	0	0	1631	54	7
111.723	0	257	127	315	133	6.10	0.00	0.00	idle	walking	0	0	1631	54	7
111.755	0	257	127	315	133	6.10	0.00	0.00	idle	walking	0	0	1631	54	7
111.793	0	257	127	315	133	6.10	0.00	0.00	idle	walking	0	0	1631	54	7
111.817	0	257	127	315	133	6.10	0.00	0.00	idle	walking	0	0	1631	54	7
111.849	0	257	127	315	133	6.10	0.00	0.00	idle	walking	0	0	1631	54	7
111.884	0	257	127	315	133	6.10	0.00	0.00	idle	walking	0	0	1631	54	7
111.907	0	257	127	315	133	6.10	0.00	0.00	idle	walking	0	0	1631	54	7
111.940	0	257	127	315	133	6.10	0.00	0.00	idle	walking	0	0	1631	54	7
111.981	0	257	127	315	133	6.10	0.00	0.00	idle	walking	0	0	1631	54	7
112.003	0	257	127	315	133	6.10	0.00	0.00	idle	walking	0	0	1631	54	7
112.032	0	257	127	315	133	6.10	0.00	0.00	idle	walking	0	0	1631	54	7
112.070	0	257	127	315	133	6.10	0.00	0.00	idle	walking	0	0	1631	54	7
112.096	0	257	127	315	133	6.10	0.00	0.00	idle	walking	0	0	1631	54	7
112.140	0	257	127	315	133	6.10	0.00	0.00	idle	walking	0	0	1631	54	7
112.164	0	257	127	315	133	6.10	0.00	0.00	idle	walking	0	0	1631	54	7
112.191	0	257	127	315	133	6.10	0.00	0.00	idle	walking	0	0	1631	54	7
112.224	0	257	127	315	133	6.10	0.00	0.00	idle	walking	0	0	1631	54	7
112.262	0	257	127	315	133	6.10	0.00	0.00	idle	walking	0	0	1631	54	7
112.290	0	257	127	315	133	6.10	0.00	0.00	idle	walking	0	0	1631	54	7
112.324	0	257	127	315	133	6.10	0.00	0.00	idle	walking	0	0	1631	54	7
112.346	0	257	127	315	133	6.10	0.00	0.00	idle	walking	0	0	1631	54	7
112.387	0	257	127	315	133	6.10	0.00	0.00	idle	walking	0	0	1631	54	7
112.408	0	257	127	315	133	6.10	0.00	0.00	idle	walking	0	0	1631	54	7
112.440	0	257	127	315	133	6.10	0.00	0.00	idle	walking	0	0	1631	54	7
112.474	0	257	127	315	133	6.10	0.00	0.00	idle	walking	0	0	1631	54	7
112.508	0	257	127	315	133	6.10	0.00	0.00	idle	walking	0	0	1631	54	7
112.539	0	257	127	315	133	6.10	0.00	0.00	idle	walking	0	0	1631	54	7
112.564	0	257	127	315	133	6.10	0.00	0.00	idle	walking	0	0	1631	54	7
112.603	0	257	127	315	133	6.10	0.00	0.00	idle	walking	0	0	1631	54	7
112.635	0	257	127	315	133	6.10	0.00	0.00	idle	walking	0	0	1631	54	7
112.665	0	257	127	315	133	6.10	0.00	0.00	idle	walking	0	0	1631	54	7
112.690	0	257	127	315	133	6.10	0.00	0.00	idle	walking	0	0	1631	54	7
112.725	0	257	127	315	133	6.10	0.00	0.00	idle	walking	0	0	1631	54	7
112.757	0	257	127	315	133	6.10	0.00	0.00	idle	walking	0	0	1631	54	7
112.790	0	257	127	315	133	6.10	0.00	0.00	idle	walking	0	0	1631	54	7
112.820	0	257	127	315	133	6.10	0.00	0.00	idle	walking	0	0	1631	54	7
112.851	0	257	127	315	133	6.10	0.00	0.00	idle	walking	0	0	1631	54	7
112.881	0	257	127	315	133	6.10	0.00	0.00	idle	walking	0	0	1631	54	7
112.907	0	257	127	315	133	6.10	0.00	0.00	idle	walking	0	0	1631	54	7
112.941	0	257	127	315	133	6.10	0.00	0.00	idle	walking	0	0	1631	54	7
112.974	0	257	127	315	133	6.10	0.00	0.00	idle	walking	0	0	1631	54	7
113.005	0	257	127	315	133	6.10	0.00	0.00	idle	walking	0	0	1631	54	7
113.036	0	257	127	315	133	6.10	0.00	0.00	idle	walking	0	0	1631	54	7
113.067	0	257	127	315	133	6.10	0.00	0.00	idle	walking	0	0	1631	54	7
113.097	0	257	127	315	133	6.10	0.00	0.00	idle	walking	0	0	1631	54	7
113.129	0	257	127	315	133	6.10	0.00	0.00	idle	walking	0	0	1631	54	7
113.158	0	257	127	315	133	6.10	0.00	0.00	idle	walking	0	0	1631	54	7
113.189	0	257	127	315	133	6.10	0.00	0.00	idle	walking	0	0	1631	54	7
113.224	0	257	127	315	133	6.10	0.00	0.00	idle	walking	0	0	1631	54	7
113.255	0	257	127	315	133	6.10	0.00	0.00	idle	walking	0	0	1631	54	7
113.287	0	257	127	315	133	6.10	0.00	0.00	idle	walking	0	0	1631	54	7
113.317	0	257	127	315	133	6.10	0.00	0.00	idle	walking	0	0	1631	54	7
113.346	0	257	127	315	133	6.10	0.00	0.00	idle	walking	0	0	1631	54	7
113.378	0	257	127	315	133	6.10	0.00	0.00	idle	walking	0	0	1631	54	7
113.407	0	257	127	315	133	6.10	0.00	0.00	idle	walking	0	0	1631	54	7
113.441	0	257	127	315	133	6.10	0.00	0.00	idle	walking	0	0	1631	54	7
113.474	0	257	127	315	133	6.10	0.00	0.00	idle	walking	0	0	1631	54	7
113.508	0	257	127	315	133	6.10	0.00	0.00	idle	walking	0	0	1631	54	7
113.540	0	257	127	315	133	6.10	0.00	0.00	idle	walking	0	0	1631	54	7
113.573	0	257	127	315	133	6.10	0.00	0.00	idle	walking	0	0	1631	54	7
113.607	0	257	127	315	133	6.10	0.00	0.00	idle	walking	0	0	1631	54	7
113.639	0	257	127	315	133	6.10	0.00	0.00	idle	walking	0	0	1631	54	7
113.658	0	257	127	315	133	6.10	0.00	0.00	idle	walking	0	0	1631	54	7
113.691	0	257	127	315	133	6.10	0.00	0.00	idle	walking	0	0	1631	54	7
113.725	0	257	127	315	133	6.10	0.00	0.00	idle	walking	0	0	1631	54	7
113.757	0	257	127	315	133	6.10	0.00	0.00	idle	walking	0	0	1631	54	7
113.790	0	257	127	315	133	6.10	0.00	0.00	idle	walking	0	0	1631	54	7
113.825	0	257	127	315	133	6.10	0.00	0.00	idle	walking	0	0	1631	54	7
113.845	0	257	127	315	133	6.10	0.00	0.00	idle	walking	0	0	1631	54	7
113.876	0	257	127	315	133	6.10	0.00	0.00	idle	walking	0	0	1631	54	7
113.907	0	257	127	315	133	6.10	0.00	0.00	idle	walking	0	0	1631	54	7
113.940	0	257	127	315	133	6.10	0.00	0.00	idle	walking	0	0	1631	54	7
113.974	0	257	127	315	133	6.10	0.00	0.00	idle	walking	0	0	1631	54	7
114.143	0	257	127	315	133	6.10	0.00	0.00	idle	walking	0	0	1631	54	7
114.157	0	257	127	315	133	6.10	0.00	0.00	idle	walking	0	0	1631	54	7
114.191	0	257	127	315	133	6.10	0.00	0.00	idle	walking	0	0	1631	54	7
114.224	0	257	127	315	133	6.10	0.00	0.00	idle	walking	0	0	1631	54	7
114.257	0	257	127	315	133	6.10	0.00	0.00	idle	walking	0	0	1631	54	7
114.367	0	257	127	315	133	6.10	0.00	0.00	idle	walking	0	0	1631	54	7
114.384	0	257	127	315	133	6.10	0.00	0.00	idle	walking	0	0	1631	54	7
114.416	0	257	127	315	133	6.10	0.00	0.00	idle	walking	0	0	1631	54	7
114.441	0	257	127	315	133	6.10	0.00	0.00	idle	walking	0	0	1631	54	7
114.473	0	257	127	315	133	6.10	0.00	0.00	idle	walking	0	0	1631	54	7
114.507	0	257	127	315	133	6.10	0.00	0.00	idle	walking	0	0	1631	54	7
114.538	0	257	127	315	133	6.10	0.00	0.00	idle	walking	0	0	1631	54	7
114.570	0	257	127	315	133	6.10	0.00	0.00	idle	walking	0	0	1631	54	7
114.600	0	257	127	315	133	6.10	0.00	0.00	idle	walking	0	0	1631	54	7
114.632	0	257	127	315	133	6.10	0.00	0.00	idle	walking	0	0	1631	54	7
114.658	0	257	127	315	133	6.10	0.00	0.00	idle	walking	0	0	1631	54	7
114.691	0	257	127	315	133	6.10	0.00	0.00	idle	walking	0	0	1631	54	7
114.723	0	257	127	315	133	6.10	0.00	0.00	idle	walking	0	0	1631	54	7
114.756	0	257	127	315	133	6.10	0.00	0.00	idle	walking	0	0	1631	54	7
114.786	0	257	127	315	133	6.10	0.00	0.00	idle	walking	0	0	1631	54	7
114.819	0	257	127	315	133	6.10	0.00	0.00	idle	walking	0	0	1631	54	7
114.850	0	257	127	315	133	6.10	0.00	0.00	idle	walking	0	0	1631	54	7
114.881	0	257	127	315	133	6.10	0.00	0.00	idle	walking	0	0	1631	54	7
114.907	0	257	127	315	133	6.10	0.00	0.00	idle	walking	0	0	1631	54	7
114.940	0	257	127	315	133	6.10	0.00	0.00	idle	walking	0	0	1631	54	7
114.974	0	257	127	315	133	6.10	0.00	0.00	idle	walking	0	0	1631	54	7
115.006	0	257	127	315	133	6.10	0.00	0.00	idle	walking	0	0	1631	54	7
115.039	0	257	127	315	133	6.10	0.00	0.00	idle	walking	0	0	1631	54	7
115.069	0	257	127	315	133	6.10	0.00	0.00	idle	walking	0	0	1631	54	7
115.099	0	257	127	315	133	6.10	0.00	0.00	idle	walking	0	0	1631	54	7
115.130	0	257	127	315	133	6.10	0.00	0.00	idle	walking	0	0	1631	54	7
115.160	0	257	127	315	133	6.10	0.00	0.00	idle	walking	0	0	1631	54	7
115.193	0	257	127	315	133	6.10	0.00	0.00	idle	walking	0	0	1631	54	7
115.223	0	257	127	315	133	6.10	0.00	0.00	idle	walking	0	0	1631	54	7
115.256	0	257	127	315	133	6.10	0.00	0.00	idle	walking	0	0	1631	54	7
115.289	0	257	127	315	133	6.10	0.00	0.00	idle	walking	0	0	1631	54	7
115.318	0	257	127	315	133	6.10	0.00	0.00	idle	walking	0	0	1631	54	7
115.349	0	257	127	315	133	6.10	0.00	0.00	idle	walking	0	0	1631	54	7
115.407	0	257	127	315	133	6.10	0.00	0.00	idle	walking	0	0	1631	54	7
115.441	0	257	127	315	133	6.10	0.00	0.00	idle	walking	0	0	1631	54	7
115.472	0	257	127	315	133	6.10	0.00	0.00	idle	walking	0	0	1631	54	7
115.502	0	257	127	315	133	6.10	0.00	0.00	idle	walking	0	0	1631	54	7
115.534	0	257	127	315	133	6.10	0.00	0.00	idle	walking	0	0	1631	54	7
115.564	0	257	127	315	133	6.10	0.00	0.00	idle	walking	0	0	1631	54	7
115.594	0	257	127	315	133	6.10	0.00	0.00	idle	walking	0	0	1631	54	7
115.625	0	257	127	315	133	6.10	0.00	0.00	idle	walking	0	0	1631	54	7
115.656	0	257	127	315	133	6.10	0.00	0.00	idle	walking	0	0	1631	54	7
115.691	0	257	127	315	133	6.10	0.00	0.00	idle	walking	0	0	1631	54	7
115.725	0	257	127	315	133	6.10	0.00	0.00	idle	walking	0	0	1631	54	7
115.757	0	257	127	315	133	6.10	0.00	0.00	idle	walking	0	0	1631	54	7
115.790	0	257	127	315	133	6.10	0.00	0.00	idle	walking	0	0	1631	54	7
115.823	0	257	127	315	133	6.10	0.00	0.00	idle	walking	0	0	1631	54	7
115.848	0	257	127	315	133	6.10	0.00	0.00	idle	walking	0	0	1631	54	7
115.889	0	257	127	315	133	6.10	0.00	0.00	idle	walking	0	0	1631	54	7
115.910	0	257	127	315	133	6.10	0.00	0.00	idle	walking	0	0	1631	54	7
115.941	0	257	127	315	133	6.10	0.00	0.00	idle	walking	0	0	1631	54	7
115.974	0	257	127	315	133	6.10	0.00	0.00	idle	walking	0	0	1631	54	7
116.007	0	257	127	315	133	6.10	0.00	0.00	idle	walking	0	0	1631	54	7
116.040	0	257	127	315	133	6.10	0.00	0.00	idle	walking	0	0	1631	54	7
116.064	0	257	127	315	133	6.10	0.00	0.00	idle	walking	0	0	1631	54	7
116.094	0	257	127	315	133	6.10	0.00	0.00	idle	walking	0	0	1631	54	7
116.139	0	257	127	315	133	6.10	0.00	0.00	idle	walking	0	0	1631	54	7
116.157	0	257	127	315	133	6.10	0.00	0.00	idle	walking	0	0	1631	54	7
116.191	0	257	127	315	133	6.10	0.00	0.00	idle	walking	0	0	1631	54	7
116.223	0	257	127	315	133	6.10	0.00	0.00	idle	walking	0	0	1631	54	7
116.257	0	257	127	315	133	6.10	0.00	0.00	idle	walking	0	0	1631	54	7
116.291	0	257	127	315	133	6.10	0.00	0.00	idle	walking	0	0	1631	54	7
116.324	0	257	127	315	133	6.10	0.00	0.00	idle	walking	0	0	1631	54	7
116.356	0	257	127	315	133	6.10	0.00	0.00	idle	walking	0	0	1631	54	7
116.387	0	257	127	315	133	6.10	0.00	0.00	idle	walking	0	0	1631	54	7
116.407	0	257	127	315	133	6.10	0.00	0.00	idle	walking	0	0	1631	54	7
116.441	0	257	127	315	133	6.10	0.00	0.00	idle	walking	0	0	1631	54	7
116.474	0	257	127	315	133	6.10	0.00	0.00	idle	walking	0	0	1631	54	7
116.508	0	257	127	315	133	6.10	0.00	0.00	idle	walking	0	0	1631	54	7
116.542	0	257	127	315	133	6.10	0.00	0.00	idle	walking	0	0	1631	54	7
116.574	0	257	127	315	133	6.10	0.00	0.00	idle	walking	0	0	1631	54	7
116.606	0	257	127	315	133	6.10	0.00	0.00	idle	walking	0	0	1631	54	7
116.637	0	257	127	315	133	6.10	0.00	0.00	idle	walking	0	0	1631	54	7
116.657	0	257	127	315	133	6.10	0.00	0.00	idle	walking	0	0	1631	54	7
116.691	0	257	127	315	133	6.10	0.00	0.00	idle	walking	0	0	1631	54	7
116.724	0	257	127	315	133	6.10	0.00	0.00	idle	walking	0	0	1631	54	7
116.756	0	257	127	315	133	6.10	0.00	0.00	idle	walking	0	0	1631	54	7
116.789	0	257	127	315	133	6.10	0.00	0.00	idle	walking	0	0	1631	54	7
116.825	0	257	127	315	133	6.10	0.00	0.00	idle	walking	0	0	1631	54	7
116.854	0	257	127	315	133	6.10	0.00	0.00	idle	walking	0	0	1631	54	7
116.887	0	257	127	315	133	6.10	0.00	0.00	idle	walking	0	0	1631	54	7
116.915	0	257	127	315	133	6.10	0.00	0.00	idle	walking	0	0	1631	54	7
116.941	0	257	127	315	133	6.10	0.00	0.00	idle	walking	0	0	1631	54	7
116.973	0	257	127	315	133	6.10	0.00	0.00	idle	walking	0	0	1631	54	7
117.134	0	257	127	315	133	6.10	0.00	0.00	idle	walking	0	0	1631	54	7
117.158	0	257	127	315	133	6.10	0.00	0.00	idle	walking	0	0	1631	54	7
117.190	0	257	127	315	133	6.10	0.00	0.00	idle	walking	0	0	1631	54	7
117.223	0	257	127	315	133	6.10	0.00	0.00	idle	walking	0	0	1631	54	7
117.257	0	257	127	315	133	6.10	0.00	0.00	idle	walking	0	0	1631	54	7
117.290	0	257	127	315	133	6.10	0.00	0.00	idle	walking	0	0	1631	54	7
117.324	0	257	127	315	133	6.10	0.00	0.00	idle	walking	0	0	1631	54	7
117.353	0	257	127	315	133	6.10	0.00	0.00	idle	walking	0	0	1631	54	7
117.376	0	257	127	315	133	6.10	0.00	0.00	idle	walking	0	0	1631	54	7
117.407	0	257	127	315	133	6.10	0.00	0.00	idle	walking	0	0	1631	54	7
117.440	0	257	127	315	133	6.10	0.00	0.00	idle	walking	0	0	1631	54	7
117.473	0	257	127	315	133	6.10	0.00	0.00	idle	walking	0	0	1631	54	7
117.507	0	257	127	315	133	6.10	0.00	0.00	idle	walking	0	0	1631	54	7
117.539	0	257	127	315	133	6.10	0.00	0.00	idle	walking	0	0	1631	54	7
117.571	0	257	127	315	133	6.10	0.00	0.00	idle	walking	0	0	1631	54	7
117.600	0	257	127	315	133	6.10	0.00	0.00	idle	walking	0	0	1631	54	7
117.633	0	257	127	315	133	6.10	0.00	0.00	idle	walking	0	0	1631	54	7
117.663	0	257	127	315	133	6.10	0.00	0.00	idle	walking	0	0	1631	54	7
117.690	0	257	127	315	133	6.10	0.00	0.00	idle	walking	0	0	1631	54	7
117.724	0	257	127	315	133	6.10	0.00	0.00	idle	walking	0	0	1631	54	7
117.757	0	257	127	315	133	6.10	0.00	0.00	idle	walking	0	0	1631	54	7
117.789	0	257	127	315	133	6.10	0.00	0.00	idle	walking	0	0	1631	54	7
117.821	0	257	127	315	133	6.10	0.00	0.00	idle	walking	0	0	1631	54	7
117.853	0	257	127	315	133	6.10	0.00	0.00	idle	walking	0	0	1631	54	7
117.883	0	257	127	315	133	6.10	0.00	0.00	idle	walking	0	0	1631	54	7
117.913	0	257	127	315	133	6.10	0.00	0.00	idle	walking	0	0	1631	54	7
117.942	0	257	127	315	133	6.10	0.00	0.00	idle	walking	0	0	1631	54	7
117.974	0	257	127	315	133	6.10	0.00	0.00	idle	walking	0	0	1631	54	7
118.007	0	257	127	315	133	6.10	0.00	0.00	idle	walking	0	0	1631	54	7
118.039	0	257	127	315	133	6.10	0.00	0.00	idle	walking	0	0	1631	54	7
118.069	0	257	127	315	133	6.10	0.00	0.00	idle	walking	0	0	1631	54	7
118.131	0	257	127	315	133	6.10	0.00	0.00	idle	walking	0	0	1631	54	7
118.162	0	257	127	315	133	6.10	0.00	0.00	idle	walking	0	0	1631	54	7
118.191	0	257	127	315	133	6.10	0.00	0.00	idle	walking	0	0	1631	54	7
118.224	0	257	127	315	133	6.10	0.00	0.00	idle	walking	0	0	1631	54	7
118.255	0	257	127	315	133	6.10	0.00	0.00	idle	walking	0	0	1631	54	7
118.287	0	257	127	315	133	6.10	0.00	0.00	idle	walking	0	0	1631	54	7
118.317	0	257	127	315	133	6.10	0.00	0.00	idle	walking	0	0	1631	54	7
118.348	0	257	127	315	133	6.10	0.00	0.00	idle	walking	0	0	1631	54	7
118.379	0	257	127	315	133	6.10	0.00	0.00	idle	walking	0	0	1631	54	7
118.410	0	257	127	315	133	6.10	0.00	0.00	idle	walking	0	0	1631	54	7
118.440	0	257	127	315	133	6.10	0.00	0.00	idle	walking	0	0	1631	54	7
118.472	0	257	127	315	133	6.10	0.00	0.00	idle	walking	0	0	1631	54	7
118.503	0	257	127	315	133	6.10	0.00	0.00	idle	walking	0	0	1631	54	7
118.533	0	257	127	315	133	6.10	0.00	0.00	idle	walking	0	0	1631	54	7
118.567	0	257	127	315	133	6.10	0.00	0.00	idle	walking	0	0	1631	54	7
118.598	0	257	127	315	133	6.10	0.00	0.00	idle	walking	0	0	1631	54	7
118.630	0	257	127	315	133	6.10	0.00	0.00	idle	walking	0	0	1631	54	7
118.660	0	257	127	315	133	6.10	0.00	0.00	idle	walking	0	0	1631	54	7
118.691	0	257	127	315	133	6.10	0.00	0.00	idle	walking	0	0	1631	54	7
118.722	0	257	127	315	133	6.10	0.00	0.00	idle	walking	0	0	1631	54	7
118.755	0	257	127	315	133	6.10	0.00	0.00	idle	walking	0	0	1631	54	7
118.783	0	257	127	315	133	6.10	0.00	0.00	idle	walking	0	0	1631	54	7
118.814	0	257	127	315	133	6.10	0.00	0.00	idle	walking	0	0	1631	54	7
118.845	0	257	127	315	133	6.10	0.00	0.00	idle	walking	0	0	1631	54	7
118.876	0	257	127	315	133	6.10	0.00	0.00	idle	walking	0	0	1631	54	7
118.907	0	257	127	315	133	6.10	0.00	0.00	idle	walking	0	0	1631	54	7
118.941	0	257	127	315	133	6.10	0.00	0.00	idle	walking	0	0	1631	54	7
118.974	0	257	127	315	133	6.10	0.00	0.00	idle	walking	0	0	1631	54	7
119.006	0	257	127	315	133	6.10	0.00	0.00	idle	walking	0	0	1631	54	7
119.042	0	257	127	315	133	6.10	0.00	0.00	idle	walking	0	0	1631	54	7
119.063	0	257	127	315	133	6.10	0.00	0.00	idle	walking	0	0	1631	54	7
119.095	0	257	127	315	133	6.10	0.00	0.00	idle	walking	0	0	1631	54	7
119.126	0	257	127	315	133	6.10	0.00	0.00	idle	walking	0	0	1631	54	7
119.157	0	257	127	315	133	6.10	0.00	0.00	idle	walking	0	0	1631	54	7
119.191	0	257	127	315	133	6.10	0.00	0.00	idle	walking	0	0	1631	54	7
119.224	0	257	127	315	133	6.10	0.00	0.00	idle	walking	0	0	1631	54	7
119.257	0	257	127	315	133	6.10	0.00	0.00	idle	walking	0	0	1631	54	7
119.292	0	257	127	315	133	6.10	0.00	0.00	idle	walking	0	0	1631	54	7
119.324	0	257	127	315	133	6.10	0.00	0.00	idle	walking	0	0	1631	54	7
119.345	0	257	127	315	133	6.10	0.00	0.00	idle	walking	0	0	1631	54	7
119.377	0	257	127	315	133	6.10	0.00	0.00	idle	walking	0	0	1631	54	7
119.421	0	257	127	315	133	6.10	0.00	0.00	idle	walking	0	0	1631	54	7
119.441	0	257	127	315	133	6.10	0.00	0.00	idle	walking	0	0	1631	54	7
119.473	0	257	127	315	133	6.10	0.00	0.00	idle	walking	0	0	1631	54	7
119.507	0	257	127	315	133	6.10	0.00	0.00	idle	walking	0	0	1631	54	7
119.540	0	257	127	315	133	6.10	0.00	0.00	idle	walking	0	0	1631	54	7
119.564	0	257	127	315	133	6.10	0.00	0.00	idle	walking	0	0	1631	54	7
119.607	0	257	127	315	133	6.10	0.00	0.00	idle	walking	0	0	1631	54	7
119.640	0	257	127	315	133	6.10	0.00	0.00	idle	walking	0	0	1631	54	7
119.657	0	257	127	315	133	6.10	0.00	0.00	idle	walking	0	0	1631	54	7
119.691	0	257	127	315	133	6.10	0.00	0.00	idle	walking	0	0	1631	54	7
119.723	0	257	127	315	133	6.10	0.00	0.00	idle	walking	0	0	1631	54	7
119.757	0	257	127	315	133	6.10	0.00	0.00	idle	walking	0	0	1631	54	7
119.801	0	257	127	315	133	6.10	0.00	0.00	idle	walking	0	0	1631	54	7
119.824	0	257	127	315	133	6.10	0.00	0.00	idle	walking	0	0	1631	54	7
119.856	0	257	127	315	133	6.10	0.00	0.00	idle	walking	0	0	1631	54	7
119.886	0	257	127	315	133	6.10	0.00	0.00	idle	walking	0	0	1631	54	7
119.907	0	257	127	315	133	6.10	0.00	0.00	idle	walking	0	0	1631	54	7
119.940	0	257	127	315	133	6.10	0.00	0.00	idle	walking	0	0	1631	54	7
119.973	0	257	127	315	133	6.10	0.00	0.00	idle	walking	0	0	1631	54	7
120.124	0	257	127	315	133	6.10	0.00	0.00	idle	walking	0	0	1631	54	7
120.184	0	257	127	315	133	6.10	0.00	0.00	idle	walking	0	0	1631	54	7
120.190	0	257	127	315	133	6.10	0.00	0.00	idle	walking	0	0	1631	54	7
120.224	0	257	127	315	133	6.10	0.00	0.00	idle	walking	0	0	1631	54	7
120.257	0	257	127	315	133	6.10	0.00	0.00	idle	walking	0	0	1631	54	7
120.291	0	257	127	315	133	6.10	0.00	0.00	idle	walking	0	0	1631	54	7
120.324	0	257	127	315	133	6.10	0.00	0.00	idle	walking	0	0	1631	54	7
120.357	0	257	127	315	133	6.10	0.00	0.00	idle	walking	0	0	1631	54	7
120.388	0	257	127	315	133	6.10	0.00	0.00	idle	walking	0	0	1631	54	7
120.407	0	257	127	315	133	6.10	0.00	0.00	idle	walking	0	0	1631	54	7
120.441	0	257	127	315	133	6.10	0.00	0.00	idle	walking	0	0	1631	54	7
120.473	0	257	127	315	133	6.10	0.00	0.00	idle	walking	0	0	1631	54	7
120.507	0	257	127	315	133	6.10	0.00	0.00	idle	walking	0	0	1631	54	7
120.542	0	257	127	315	133	6.10	0.00	0.00	idle	walking	0	0	1631	54	7
120.571	0	257	127	315	133	6.10	0.00	0.00	idle	walking	0	0	1631	54	7
120.603	0	257	127	315	133	6.10	0.00	0.00	idle	walking	0	0	1631	54	7
120.632	0	257	127	315	133	6.10	0.00	0.00	idle	walking	0	0	1631	54	7
120.657	0	257	127	315	133	6.10	0.00	0.00	idle	walking	0	0	1631	54	7
120.692	0	257	127	315	133	6.10	0.00	0.00	idle	walking	0	0	1631	54	7
120.725	0	257	127	315	133	6.10	0.00	0.00	idle	walking	0	0	1631	54	7
120.757	0	257	127	315	133	6.10	0.00	0.00	idle	walking	0	0	1631	54	7
120.788	0	257	127	315	133	6.10	0.00	0.00	idle	walking	0	0	1631	54	7
120.819	0	257	127	315	133	6.10	0.00	0.00	idle	walking	0	0	1631	54	7
120.849	0	257	127	315	133	6.10	0.00	0.00	idle	walking	0	0	1631	54	7
120.882	0	257	127	315	133	6.10	0.00	0.00	idle	walking	0	0	1631	54	7
120.912	0	257	127	315	133	6.10	0.00	0.00	idle	walking	0	0	1631	54	7
120.940	0	257	127	315	133	6.10	0.00	0.00	idle	walking	0	0	1631	54	7
120.974	0	257	127	315	133	6.10	0.00	0.00	idle	walking	0	0	1631	54	7
121.007	0	257	127	315	133	6.10	0.00	0.00	idle	walking	0	0	1631	54	7
121.036	0	257	127	315	133	6.10	0.00	0.00	idle	walking	0	0	1631	54	7
121.067	0	257	127	315	133	6.10	0.00	0.00	idle	walking	0	0	1631	54	7
121.098	0	257	127	315	133	6.10	0.00	0.00	idle	walking	0	0	1631	54	7
121.129	0	257	127	315	133	6.10	0.00	0.00	idle	walking	0	0	1631	54	7
121.159	0	257	127	315	133	6.10	0.00	0.00	idle	walking	0	0	1631	54	7
121.191	0	257	127	315	133	6.10	0.00	0.00	idle	walking	0	0	1631	54	7
121.222	0	257	127	315	133	6.10	0.00	0.00	idle	walking	0	0	1631	54	7
121.254	0	257	127	315	133	6.10	0.00	0.00	idle	walking	0	0	1631	54	7
121.285	0	257	127	315	133	6.10	0.00	0.00	idle	walking	0	0	1631	54	7
121.315	0	257	127	315	133	6.10	0.00	0.00	idle	walking	0	0	1631	54	7
121.345	0	257	127	315	133	6.10	0.00	0.00	idle	walking	0	0	1631	54	7
121.377	0	257	127	315	133	6.10	0.00	0.00	idle	walking	0	0	1631	54	7
121.408	0	257	127	315	133	6.10	0.00	0.00	idle	walking	0	0	1631	54	7
121.440	0	257	127	315	133	6.10	0.00	0.00	idle	walking	0	0	1631	54	7
121.474	0	257	127	315	133	6.10	0.00	0.00	idle	walking	0	0	1631	54	7
121.507	0	257	127	315	133	6.10	0.00	0.00	idle	walking	0	0	1631	54	7
121.540	0	257	127	315	133	6.10	0.00	0.00	idle	walking	0	0	1631	54	7
121.573	1	257	127	560	147	5.83	0.00	0.00	idle	walking	0	0	1631	54	7
121.609	1	260	127	560	147	5.83	3.21	0.00	idle	walking	0	0	1632	-47	-7
121.641	1	315	134	560	147	5.83	4.81	0.00	walk_right	walking	0	0	1633	55	7
121.659	1	321	135	560	147	5.83	5.54	0.92	walk_right	walking	0	0	1634	6	1
121.692	1	326	135	560	147	5.83	6.02	0.00	walk_right	walking	0	0	1635	5	0
121.725	1	332	135	560	147	5.83	6.22	0.00	walk_right	walking	0	0	1636	6	0
121.759	1	338	136	560	147	5.83	6.23	1.04	walk_right	walking	0	0	1637	6	1
121.792	1	344	136	560	147	5.83	6.37	0.00	walk_right	walking	0	0	1638	6	0
121.825	1	350	136	560	147	5.83	6.39	0.00	walk_right	walking	0	0	1639	6	0
121.860	1	356	137	560	147	5.83	6.32	1.05	walk_right	walking	0	0	1640	6	1
121.888	1	361	137	560	147	5.83	6.41	0.00	walk_right	walking	0	0	1641	5	0
121.910	1	367	137	560	147	5.83	6.41	0.00	walk_right	walking	0	0	1642	6	0
121.942	1	373	137	560	147	5.83	6.42	0.00	walk_right	walking	0	0	1643	6	0
121.975	1	379	138	560	147	5.83	6.33	1.05	walk_right	walking	0	0	1644	6	1
122.008	1	385	138	560	147	5.83	6.42	0.00	walk_right	walking	0	0	1645	6	0
122.042	1	391	138	560	147	5.83	6.42	0.00	walk_right	walking	0	0	1646	6	0
122.074	1	396	139	560	147	5.83	6.29	1.26	walk_right	walking	0	0	1647	5	1
122.108	1	402	139	560	147	5.83	6.42	0.00	walk_right	walking	0	0	1648	6	0
122.139	1	408	139	560	147	5.83	6.42	0.00	walk_right	walking	0	0	1649	6	0
122.169	1	414	140	560	147	5.83	6.33	1.06	walk_right	walking	0	0	1650	6	1
122.224	1	420	140	560	147	5.83	6.42	0.00	walk_right	walking	0	0	1651	6	0
122.258	1	425	140	560	147	5.83	6.42	0.00	walk_right	walking	0	0	1652	5	0
122.291	1	431	140	560	147	5.83	6.42	0.00	walk_right	walking	0	0	1653	6	0
122.324	1	437	141	560	147	5.83	6.33	1.06	walk_right	walking	0	0	1654	6	1
122.355	1	443	141	560	147	5.83	6.42	0.00	walk_right	walking	0	0	1655	6	0
122.385	1	449	141	560	147	5.83	6.42	0.00	walk_right	walking	0	0	1656	6	0
122.409	1	455	142	560	147	5.83	6.33	1.06	walk_right	walking	0	0	1657	6	1
122.442	1	460	142	560	147	5.83	6.42	0.00	walk_right	walking	0	0	1658	5	0
122.474	1	466	142	560	147	5.83	6.42	0.00	walk_right	walking	0	0	1659	6	0
122.507	1	472	142	560	147	5.83	5.78	0.00	walk_right	walking	0	0	1660	6	0
122.540	1	478	143	560	147	5.83	5.38	0.90	walk_right	walking	0	0	1661	6	1
122.573	1	483	143	560	147	5.83	5.29	0.00	walk_right	walking	0	0	1662	5	0
122.605	1	488	143	560	147	5.83	5.21	0.00	walk_right	walking	0	0	1663	5	0
122.627	1	493	144	560	147	5.83	5.07	1.01	walk_right	walking	0	0	1664	5	1
122.658	1	498	144	560	147	5.83	5.15	0.00	walk_right	walking	0	0	1665	5	0
122.691	1	503	144	560	147	5.83	5.14	0.00	walk_right	walking	0	0	1666	5	0
122.725	1	509	144	560	147	5.83	5.14	0.00	walk_right	walking	0	0	1667	6	0
122.758	1	514	145	560	147	5.83	5.04	1.01	walk_right	walking	0	0	1668	5	1
122.791	1	519	145	560	147	5.83	5.52	0.00	walk_right	walking	0	0	1669	5	0
122.822	1	525	145	560	147	5.83	5.40	0.00	walk_right	walking	0	0	1670	6	0
122.845	1	530	145	560	147	5.83	4.95	0.00	walk_right	walking	0	0	1671	5	0
122.884	1	534	146	560	147	5.83	4.27	1.07	walk_right	walking	0	0	1672	4	1
122.916	0	538	146	560	147	5.83	0.00	0.00	idle	walking	0	0	1673	4	0
122.943	0	538	146	560	147	5.83	0.00	0.00	idle	walking	0	0	1673	4	0
122.974	0	538	146	560	147	5.83	0.00	0.00	idle	walking	0	0	1673	4	0
123.133	0	538	146	560	147	5.83	0.00	0.00	idle	walking	0	0	1673	4	0
123.157	0	488	139	560	147	5.83	0.00	0.00	idle	walking	0	0	1673	4	0
123.191	0	488	139	560	147	5.83	0.00	0.00	idle	walking	0	0	1673	4	0
123.224	0	488	139	560	147	5.83	0.00	0.00	idle	walking	0	0	1673	4	0
123.255	0	488	139	560	147	5.83	0.00	0.00	idle	walking	0	0	1673	4	0
123.286	0	488	139	560	147	5.83	0.00	0.00	idle	walking	0	0	1673	4	0
123.317	0	488	139	560	147	5.83	0.00	0.00	idle	walking	0	0	1673	4	0
123.350	0	488	139	560	147	5.83	0.00	0.00	idle	walking	0	0	1673	4	0
123.381	0	488	139	560	147	5.83	0.00	0.00	idle	walking	0	0	1673	4	0
123.407	0	488	139	560	147	5.83	0.00	0.00	idle	walking	0	0	1673	4	0
123.442	0	488	139	560	147	5.83	0.00	0.00	idle	walking	0	0	1673	4	0
123.472	0	488	139	560	147	5.83	0.00	0.00	idle	walking	0	0	1673	4	0
123.504	0	488	139	560	147	5.83	0.00	0.00	idle	walking	0	0	1673	4	0
123.536	0	488	139	560	147	5.83	0.00	0.00	idle	walking	0	0	1673	4	0
123.567	0	488	139	560	147	5.83	0.00	0.00	idle	walking	0	0	1673	4	0
123.598	0	488	139	560	147	5.83	0.00	0.00	idle	walking	0	0	1673	4	0
123.630	0	488	139	560	147	5.83	0.00	0.00	idle	walking	0	0	1673	4	0
123.660	0	488	139	560	147	5.83	0.00	0.00	idle	walking	0	0	1673	4	0
123.690	0	488	139	560	147	5.83	0.00	0.00	idle	walking	0	0	1673	4	0
123.724	0	488	139	560	147	5.83	0.00	0.00	idle	walking	0	0	1673	4	0
123.757	0	488	139	560	147	5.83	0.00	0.00	idle	walking	0	0	1673	4	0
123.785	0	488	139	560	147	5.83	0.00	0.00	idle	walking	0	0	1673	4	0
123.818	0	488	139	560	147	5.83	0.00	0.00	idle	walking	0	0	1673	4	0
123.846	0	488	139	560	147	5.83	0.00	0.00	idle	walking	0	0	1673	4	0
123.879	0	488	139	560	147	5.83	0.00	0.00	idle	walking	0	0	1673	4	0
123.909	0	488	139	560	147	5.83	0.00	0.00	idle	walking	0	0	1673	4	0
123.940	0	488	139	560	147	5.83	0.00	0.00	idle	walking	0	0	1673	4	0
123.972	0	488	139	560	147	5.83	0.00	0.00	idle	walking	0	0	1673	4	0
124.003	0	488	139	560	147	5.83	0.00	0.00	idle	walking	0	0	1673	4	0
124.035	0	488	139	560	147	5.83	0.00	0.00	idle	walking	0	0	1673	4	0
124.066	0	488	139	560	147	5.83	0.00	0.00	idle	walking	0	0	1673	4	0
124.097	0	488	139	560	147	5.83	0.00	0.00	idle	walking	0	0	1673	4	0
124.127	0	488	139	560	147	5.83	0.00	0.00	idle	walking	0	0	1673	4	0
124.158	0	488	139	560	147	5.83	0.00	0.00	idle	walking	0	0	1673	4	0
124.190	0	488	139	560	147	5.83	0.00	0.00	idle	walking	0	0	1673	4	0
124.222	0	488	139	560	147	5.83	0.00	0.00	idle	walking	0	0	1673	4	0
124.253	0	488	139	560	147	5.83	0.00	0.00	idle	walking	0	0	1673	4	0
124.283	0	488	139	560	147	5.83	0.00	0.00	idle	walking	0	0	1673	4	0
124.314	0	488	139	560	147	5.83	0.00	0.00	idle	walking	0	0	1673	4	0
124.345	0	488	139	560	147	5.83	0.00	0.00	idle	walking	0	0	1673	4	0
124.376	0	488	139	560	147	5.83	0.00	0.00	idle	walking	0	0	1673	4	0
124.409	0	488	139	560	147	5.83	0.00	0.00	idle	walking	0	0	1673	4	0
124.439	0	488	139	560	147	5.83	0.00	0.00	idle	walking	0	0	1673	4	0
124.472	0	488	139	560	147	5.83	0.00	0.00	idle	walking	0	0	1673	4	0
124.502	0	488	139	560	147	5.83	0.00	0.00	idle	walking	0	0	1673	4	0
124.533	0	488	139	560	147	5.83	0.00	0.00	idle	walking	0	0	1673	4	0
124.564	0	488	139	560	147	5.83	0.00	0.00	idle	walking	0	0	1673	4	0
124.596	0	488	139	560	147	5.83	0.00	0.00	idle	walking	0	0	1673	4	0
124.627	0	488	139	560	147	5.83	0.00	0.00	idle	walking	0	0	1673	4	0
124.660	0	488	139	560	147	5.83	0.00	0.00	idle	walking	0	0	1673	4	0
124.690	0	488	139	560	147	5.83	0.00	0.00	idle	walking	0	0	1673	4	0
124.721	0	488	139	560	147	5.83	0.00	0.00	idle	walking	0	0	1673	4	0
124.754	0	488	139	560	147	5.83	0.00	0.00	idle	walking	0	0	1673	4	0
124.790	0	488	139	560	147	5.83	0.00	0.00	idle	walking	0	0	1673	4	0
124.812	0	488	139	560	147	5.83	0.00	0.00	idle	walking	0	0	1673	4	0
124.857	0	488	139	560	147	5.83	0.00	0.00	idle	walking	0	0	1673	4	0
124.890	0	488	139	560	147	5.83	0.00	0.00	idle	walking	0	0	1673	4	0
124.910	0	488	139	560	147	5.83	0.00	0.00	idle	walking	0	0	1673	4	0
124.940	0	488	139	560	147	5.83	0.00	0.00	idle	walking	0	0	1673	4	0
124.974	0	488	139	560	147	5.83	0.00	0.00	idle	walking	0	0	1673	4	0
125.006	0	488	139	560	147	5.83	0.00	0.00	idle	walking	0	0	1673	4	0
125.041	0	488	139	560	147	5.83	0.00	0.00	idle	walking	0	0	1673	4	0
125.074	0	488	139	560	147	5.83	0.00	0.00	idle	walking	0	0	1673	4	0
125.096	0	488	139	560	147	5.83	0.00	0.00	idle	walking	0	0	1673	4	0
125.140	0	488	139	560	147	5.83	0.00	0.00	idle	walking	0	0	1673	4	0
125.157	0	488	139	560	147	5.83	0.00	0.00	idle	walking	0	0	1673	4	0
125.190	0	488	139	560	147	5.83	0.00	0.00	idle	walking	0	0	1673	4	0
125.224	0	488	139	560	147	5.83	0.00	0.00	idle	walking	0	0	1673	4	0
125.257	0	488	139	560	147	5.83	0.00	0.00	idle	walking	0	0	1673	4	0
125.611	1	488	139	763	168	5.38	0.00	0.00	idle	walking	0	0	1673	4	0
125.639	1	541	146	763	168	5.38	2.96	0.00	walk_right	walking	0	0	1674	3	0
125.659	1	545	147	763	168	5.38	4.31	1.08	walk_right	walking	0	0	1675	4	1
125.693	1	551	147	763	168	5.38	5.18	0.00	walk_right	walking	0	0	1676	6	0
125.725	1	556	148	763	168	5.38	5.44	1.09	walk_right	walking	0	0	1677	5	1
125.758	1	561	148	763	168	5.38	5.74	0.00	walk_right	walking	0	0	1678	5	0
125.793	1	567	149	763	168	5.38	5.75	0.96	walk_right	walking	0	0	1679	6	1
125.826	1	572	149	763	168	5.38	5.87	0.00	walk_right	walking	0	0	1680	5	0
125.859	1	577	150	763	168	5.38	5.78	1.16	walk_right	walking	0	0	1681	5	1
125.893	1	583	150	763	168	5.38	5.91	0.00	walk_right	walking	0	0	1682	6	0
125.909	1	588	151	763	168	5.38	5.80	1.16	walk_right	walking	0	0	1683	5	1
125.941	1	593	151	763	168	5.38	5.92	0.00	walk_right	walking	0	0	1684	5	0
125.976	1	599	152	763	168	5.38	5.84	0.97	walk_right	walking	0	0	1685	6	1
126.127	1	604	152	763	168	5.38	5.92	0.00	walk_right	walking	0	0	1686	5	0
126.157	1	609	153	763	168	5.38	5.80	1.16	walk_right	walking	0	0	1687	5	1
126.190	1	615	154	763	168	5.38	5.84	0.97	walk_right	walking	0	0	1688	6	1
126.225	1	620	154	763	168	5.38	5.92	0.00	walk_right	walking	0	0	1689	5	0
126.258	1	626	155	763	168	5.38	5.84	0.97	walk_right	walking	0	0	1690	6	1
126.292	1	631	155	763	168	5.38	5.92	0.00	walk_right	walking	0	0	1691	5	0
126.324	1	636	156	763	168	5.38	5.81	1.16	walk_right	walking	0	0	1692	5	1
126.347	1	642	156	763	168	5.38	5.92	0.00	walk_right	walking	0	0	1693	6	0
126.389	1	647	157	763	168	5.38	5.81	1.16	walk_right	walking	0	0	1694	5	1
126.408	1	652	157	763	168	5.38	5.92	0.00	walk_right	walking	0	0	1695	5	0
126.441	1	658	158	763	168	5.38	5.84	0.97	walk_right	walking	0	0	1696	6	1
126.474	1	663	158	763	168	5.38	5.92	0.00	walk_right	walking	0	0	1697	5	0
126.508	1	668	159	763	168	5.38	5.81	1.16	walk_right	walking	0	0	1698	5	1
126.543	1	674	159	763	168	5.38	5.33	0.00	walk_right	walking	0	0	1699	6	0
126.564	1	679	160	763	168	5.38	4.93	0.99	walk_right	walking	0	0	1700	5	1
126.606	1	684	160	763	168	5.38	4.88	0.00	walk_right	walking	0	0	1701	5	0
126.639	1	688	161	763	168	5.38	4.67	1.17	walk_right	walking	0	0	1702	4	1
126.657	1	693	161	763	168	5.38	4.77	0.00	walk_right	walking	0	0	1703	5	0
126.691	1	698	162	763	168	5.38	4.66	0.93	walk_right	walking	0	0	1704	5	1
126.725	1	703	162	763	168	5.38	4.75	0.00	walk_right	walking	0	0	1705	5	0
126.758	1	707	163	763	168	5.38	4.60	1.15	walk_right	walking	0	0	1706	4	1
126.791	1	712	163	763	168	5.38	4.74	0.00	walk_right	walking	0	0	1707	5	0
126.823	1	717	163	763	168	5.38	4.74	0.00	walk_right	walking	0	0	1708	5	0
126.852	1	722	164	763	168	5.38	5.01	1.00	walk_right	walking	0	0	1709	5	1
126.883	1	727	164	763	168	5.38	4.99	0.00	walk_right	walking	0	0	1710	5	0
126.909	1	731	165	763	168	5.38	4.50	1.13	walk_right	walking	0	0	1711	4	1
126.941	1	736	165	763	168	5.38	4.22	0.00	walk_right	walking	0	0	1712	5	0
126.975	0	739	166	763	168	5.38	0.00	0.00	idle	walking	0	0	1713	3	1
127.009	0	739	166	763	168	5.38	0.00	0.00	idle	walking	0	0	1713	3	1
127.038	0	739	166	763	168	5.38	0.00	0.00	idle	walking	0	0	1713	3	1
127.068	0	689	159	763	168	5.38	0.00	0.00	idle	walking	0	0	1713	3	1
127.101	0	689	159	763	168	5.38	0.00	0.00	idle	walking	0	0	1713	3	1
127.131	0	689	159	763	168	5.38	0.00	0.00	idle	walking	0	0	1713	3	1
127.162	0	689	159	763	168	5.38	0.00	0.00	idle	walking	0	0	1713	3	1
127.191	0	689	159	763	168	5.38	0.00	0.00	idle	walking	0	0	1713	3	1
127.224	0	689	159	763	168	5.38	0.00	0.00	idle	walking	0	0	1713	3	1
127.254	0	689	159	763	168	5.38	0.00	0.00	idle	walking	0	0	1713	3	1
127.286	0	689	159	763	168	5.38	0.00	0.00	idle	walking	0	0	1713	3	1
127.317	0	689	159	763	168	5.38	0.00	0.00	idle	walking	0	0	1713	3	1
127.347	0	689	159	763	168	5.38	0.00	0.00	idle	walking	0	0	1713	3	1
127.379	0	689	159	763	168	5.38	0.00	0.00	idle	walking	0	0	1713	3	1
127.406	0	689	159	763	168	5.38	0.00	0.00	idle	walking	0	0	1713	3	1
127.441	0	689	159	763	168	5.38	0.00	0.00	idle	walking	0	0	1713	3	1
127.473	0	689	159	763	168	5.38	0.00	0.00	idle	walking	0	0	1713	3	1
127.503	0	689	159	763	168	5.38	0.00	0.00	idle	walking	0	0	1713	3	1
127.534	0	689	159	763	168	5.38	0.00	0.00	idle	walking	0	0	1713	3	1
127.565	0	689	159	763	168	5.38	0.00	0.00	idle	walking	0	0	1713	3	1
127.596	0	689	159	763	168	5.38	0.00	0.00	idle	walking	0	0	1713	3	1
127.626	0	689	159	763	168	5.38	0.00	0.00	idle	walking	0	0	1713	3	1
127.658	0	689	159	763	168	5.38	0.00	0.00	idle	walking	0	0	1713	3	1
127.688	0	689	159	763	168	5.38	0.00	0.00	idle	walking	0	0	1713	3	1
127.720	0	689	159	763	168	5.38	0.00	0.00	idle	walking	0	0	1713	3	1
127.757	0	689	159	763	168	5.38	0.00	0.00	idle	walking	0	0	1713	3	1
127.792	0	689	159	763	168	5.38	0.00	0.00	idle	walking	0	0	1713	3	1
127.823	0	689	159	763	168	5.38	0.00	0.00	idle	walking	0	0	1713	3	1
127.857	0	689	159	763	168	5.38	0.00	0.00	idle	walking	0	0	1713	3	1
127.876	0	689	159	763	168	5.38	0.00	0.00	idle	walking	0	0	1713	3	1
127.908	0	689	159	763	168	5.38	0.00	0.00	idle	walking	0	0	1713	3	1
127.941	0	689	159	763	168	5.38	0.00	0.00	idle	walking	0	0	1713	3	1
127.974	0	689	159	763	168	5.38	0.00	0.00	idle	walking	0	0	1713	3	1
128.007	0	689	159	763	168	5.38	0.00	0.00	idle	walking	0	0	1713	3	1
128.041	0	689	159	763	168	5.38	0.00	0.00	idle	walking	0	0	1713	3	1
128.073	0	689	159	763	168	5.38	0.00	0.00	idle	walking	0	0	1713	3	1
128.095	0	689	159	763	168	5.38	0.00	0.00	idle	walking	0	0	1713	3	1
128.139	0	689	159	763	168	5.38	0.00	0.00	idle	walking	0	0	1713	3	1
128.169	0	689	159	763	168	5.38	0.00	0.00	idle	walking	0	0	1713	3	1
128.189	0	689	159	763	168	5.38	0.00	0.00	idle	walking	0	0	1713	3	1
128.225	0	689	159	763	168	5.38	0.00	0.00	idle	walking	0	0	1713	3	1
128.256	0	689	159	763	168	5.38	0.00	0.00	idle	walking	0	0	1713	3	1
128.289	0	689	159	763	168	5.38	0.00	0.00	idle	walking	0	0	1713	3	1
128.314	0	689	159	763	168	5.38	0.00	0.00	idle	walking	0	0	1713	3	1
128.354	0	689	159	763	168	5.38	0.00	0.00	idle	walking	0	0	1713	3	1
128.384	0	689	159	763	168	5.38	0.00	0.00	idle	walking	0	0	1713	3	1
128.418	0	689	159	763	168	5.38	0.00	0.00	idle	walking	0	0	1713	3	1
128.442	0	689	159	763	168	5.38	0.00	0.00	idle	walking	0	0	1713	3	1
128.473	0	689	159	763	168	5.38	0.00	0.00	idle	walking	0	0	1713	3	1
128.507	0	689	159	763	168	5.38	0.00	0.00	idle	walking	0	0	1713	3	1
128.539	0	689	159	763	168	5.38	0.00	0.00	idle	walking	0	0	1713	3	1
128.570	0	689	159	763	168	5.38	0.00	0.00	idle	walking	0	0	1713	3	1
128.601	0	689	159	763	168	5.38	0.00	0.00	idle	walking	0	0	1713	3	1
128.633	0	689	159	763	168	5.38	0.00	0.00	idle	walking	0	0	1713	3	1
128.657	0	689	159	763	168	5.38	0.00	0.00	idle	walking	0	0	1713	3	1
128.689	0	689	159	763	168	5.38	0.00	0.00	idle	walking	0	0	1713	3	1
128.724	0	689	159	763	168	5.38	0.00	0.00	idle	walking	0	0	1713	3	1
128.758	0	689	159	763	168	5.38	0.00	0.00	idle	walking	0	0	1713	3	1
128.789	0	689	159	763	168	5.38	0.00	0.00	idle	walking	0	0	1713	3	1
128.819	0	689	159	763	168	5.38	0.00	0.00	idle	walking	0	0	1713	3	1
128.850	0	689	159	763	168	5.38	0.00	0.00	idle	walking	0	0	1713	3	1
128.881	0	689	159	763	168	5.38	0.00	0.00	idle	walking	0	0	1713	3	1
128.911	0	689	159	763	168	5.38	0.00	0.00	idle	walking	0	0	1713	3	1
128.940	0	689	159	763	168	5.38	0.00	0.00	idle	walking	0	0	1713	3	1
128.974	0	689	159	763	168	5.38	0.00	0.00	idle	walking	0	0	1713	3	1
129.159	0	689	159	763	168	5.38	0.00	0.00	idle	walking	0	0	1713	3	1
129.189	0	689	159	763	168	5.38	0.00	0.00	idle	walking	0	0	1713	3	1
129.221	0	689	159	763	168	5.38	0.00	0.00	idle	walking	0	0	1713	3	1
129.251	0	689	159	763	168	5.38	0.00	0.00	idle	walking	0	0	1713	3	1
129.282	0	689	159	763	168	5.38	0.00	0.00	idle	walking	0	0	1713	3	1
129.323	0	689	159	763	168	5.38	0.00	0.00	idle	walking	0	0	1713	3	1
129.357	0	689	159	763	168	5.38	0.00	0.00	idle	walking	0	0	1713	3	1
129.392	0	689	159	763	168	5.38	0.00	0.00	idle	walking	0	0	1713	3	1
129.407	0	689	159	763	168	5.38	0.00	0.00	idle	walking	0	0	1713	3	1
129.440	0	689	159	763	168	5.38	0.00	0.00	idle	walking	0	0	1713	3	1
129.473	0	689	159	763	168	5.38	0.00	0.00	idle	walking	0	0	1713	3	1
129.508	0	689	159	763	168	5.38	0.00	0.00	idle	walking	0	0	1713	3	1
129.543	0	689	159	763	168	5.38	0.00	0.00	idle	walking	0	0	1713	3	1
129.573	0	689	159	763	168	5.38	0.00	0.00	idle	walking	0	0	1713	3	1
129.595	0	689	159	763	168	5.38	0.00	0.00	idle	walking	0	0	1713	3	1
129.626	0	689	159	763	168	5.38	0.00	0.00	idle	walking	0	0	1713	3	1
129.658	0	689	159	763	168	5.38	0.00	0.00	idle	walking	0	0	1713	3	1
129.689	0	689	159	763	168	5.38	0.00	0.00	idle	walking	0	0	1713	3	1
129.725	0	689	159	763	168	5.38	0.00	0.00	idle	walking	0	0	1713	3	1
129.757	0	689	159	763	168	5.38	0.00	0.00	idle	walking	0	0	1713	3	1
129.790	0	689	159	763	168	5.38	0.00	0.00	idle	walking	0	0	1713	3	1
129.822	0	689	159	763	168	5.38	0.00	0.00	idle	walking	0	0	1713	3	1
129.853	0	689	159	763	168	5.38	0.00	0.00	idle	walking	0	0	1713	3	1
129.882	0	689	159	763	168	5.38	0.00	0.00	idle	walking	0	0	1713	3	1
129.916	0	689	159	763	168	5.38	0.00	0.00	idle	walking	0	0	1713	3	1
129.939	0	689	159	763	168	5.38	0.00	0.00	idle	walking	0	0	1713	3	1
129.975	0	689	159	763	168	5.38	0.00	0.00	idle	walking	0	0	1713	3	1
130.008	1	686	158	175	5	5.38	-2.81	-0.94	walk_left	walking	0	0	1714	-53	-8
130.040	1	682	157	175	5	5.38	-4.31	-1.08	walk_left	walking	0	0	1715	-4	-1
130.071	1	677	155	175	5	5.38	-4.81	-1.92	walk_left	walking	0	0	1716	-5	-2
130.103	1	672	154	175	5	5.38	-5.44	-1.09	walk_left	walking	0	0	1717	-5	-1
130.133	1	667	152	175	5	5.38	-5.33	-2.13	walk_left	walking	0	0	1718	-5	-2
130.159	1	711	158	175	5	5.38	-5.75	-0.96	walk_left	walking	0	0	1719	44	6
130.192	1	706	156	175	5	5.38	-5.45	-2.18	walk_left	walking	0	0	1720	-5	-2
130.227	1	701	155	175	5	5.38	-5.78	-1.16	walk_left	walking	0	0	1721	-5	-1
130.259	1	696	153	175	5	5.38	-5.49	-2.19	walk_left	walking	0	0	1722	-5	-2
130.290	1	691	152	175	5	5.38	-5.80	-1.16	walk_left	walking	0	0	1723	-5	-1
130.322	1	686	150	175	5	5.38	-5.49	-2.20	walk_left	walking	0	0	1724	-5	-2
130.351	1	680	149	175	5	5.38	-5.84	-0.97	walk_left	walking	0	0	1725	-6	-1
130.384	1	675	148	175	5	5.38	-5.80	-1.16	walk_left	walking	0	0	1726	-5	-1
130.409	1	670	146	175	5	5.38	-5.50	-2.20	walk_left	walking	0	0	1727	-5	-2
130.441	1	665	145	175	5	5.38	-5.81	-1.16	walk_left	walking	0	0	1728	-5	-1
130.475	1	660	143	175	5	5.38	-5.50	-2.20	walk_left	walking	0	0	1729	-5	-2
130.507	1	655	142	175	5	5.38	-5.81	-1.16	walk_left	walking	0	0	1730	-5	-1
130.540	1	649	140	175	5	5.38	-5.62	-1.87	walk_left	walking	0	0	1731	-6	-2
130.571	1	644	139	175	5	5.38	-5.81	-1.16	walk_left	walking	0	0	1732	-5	-1
130.600	1	639	137	175	5	5.38	-5.50	-2.20	walk_left	walking	0	0	1733	-5	-2
130.631	1	634	136	175	5	5.38	-5.81	-1.16	walk_left	walking	0	0	1734	-5	-1
130.658	1	629	134	175	5	5.38	-5.50	-2.20	walk_left	walking	0	0	1735	-5	-2
130.691	1	623	133	175	5	5.38	-5.84	-0.97	walk_left	walking	0	0	1736	-6	-1
130.724	1	618	131	175	5	5.38	-5.50	-2.20	walk_left	walking	0	0	1737	-5	-2
130.755	1	613	130	175	5	5.38	-5.81	-1.16	walk_left	walking	0	0	1738	-5	-1
130.786	1	608	128	175	5	5.38	-5.50	-2.20	walk_left	walking	0	0	1739	-5	-2
130.817	1	603	127	175	5	5.38	-5.81	-1.16	walk_left	walking	0	0	1740	-5	-1
130.848	1	598	125	175	5	5.38	-5.50	-2.20	walk_left	walking	0	0	1741	-5	-2
130.879	1	592	124	175	5	5.38	-5.84	-0.97	walk_left	walking	0	0	1742	-6	-1
130.908	1	587	122	175	5	5.38	-5.50	-2.20	walk_left	walking	0	0	1743	-5	-2
130.941	1	582	121	175	5	5.38	-5.81	-1.16	walk_left	walking	0	0	1744	-5	-1
130.973	1	577	119	175	5	5.38	-5.50	-2.20	walk_left	walking	0	0	1745	-5	-2
131.005	1	572	118	175	5	5.38	-5.81	-1.16	walk_left	walking	0	0	1746	-5	-1
131.036	1	567	117	175	5	5.38	-5.81	-1.16	walk_left	walking	0	0	1747	-5	-1
131.065	1	561	115	175	5	5.38	-5.62	-1.87	walk_left	walking	0	0	1748	-6	-2
131.097	1	556	114	175	5	5.38	-5.81	-1.16	walk_left	walking	0	0	1749	-5	-1
131.129	1	551	112	175	5	5.38	-5.50	-2.20	walk_left	walking	0	0	1750	-5	-2
131.159	1	546	111	175	5	5.38	-5.81	-1.16	walk_left	walking	0	0	1751	-5	-1
131.191	1	541	109	175	5	5.38	-5.50	-2.20	walk_left	walking	0	0	1752	-5	-2
131.223	1	535	108	175	5	5.38	-5.84	-0.97	walk_left	walking	0	0	1753	-6	-1
131.252	1	530	106	175	5	5.38	-5.50	-2.20	walk_left	walking	0	0	1754	-5	-2
131.293	1	525	105	175	5	5.38	-5.81	-1.16	walk_left	walking	0	0	1755	-5	-1
131.315	1	520	103	175	5	5.38	-5.50	-2.20	walk_left	walking	0	0	1756	-5	-2
131.346	1	515	102	175	5	5.38	-5.81	-1.16	walk_left	walking	0	0	1757	-5	-1
131.376	1	510	100	175	5	5.38	-5.50	-2.20	walk_left	walking	0	0	1758	-5	-2
131.408	1	504	99	175	5	5.38	-5.84	-0.97	walk_left	walking	0	0	1759	-6	-1
131.442	1	499	97	175	5	5.38	-5.50	-2.20	walk_left	walking	0	0	1760	-5	-2
131.475	1	494	96	175	5	5.38	-5.81	-1.16	walk_left	walking	0	0	1761	-5	-1
131.508	1	489	94	175	5	5.38	-5.50	-2.20	walk_left	walking	0	0	1762	-5	-2
131.542	1	484	93	175	5	5.38	-5.81	-1.16	walk_left	walking	0	0	1763	-5	-1
131.574	1	479	91	175	5	5.38	-5.50	-2.20	walk_left	walking	0	0	1764	-5	-2
131.597	1	473	90	175	5	5.38	-5.84	-0.97	walk_left	walking	0	0	1765	-6	-1
131.638	1	468	89	175	5	5.38	-5.81	-1.16	walk_left	walking	0	0	1766	-5	-1
131.670	1	463	87	175	5	5.38	-5.50	-2.20	walk_left	walking	0	0	1767	-5	-2
131.691	1	458	86	175	5	5.38	-5.81	-1.16	walk_left	walking	0	0	1768	-5	-1
131.725	1	453	84	175	5	5.38	-5.50	-2.20	walk_left	walking	0	0	1769	-5	-2
131.758	1	447	83	175	5	5.38	-5.84	-0.97	walk_left	walking	0	0	1770	-6	-1
131.792	1	442	81	175	5	5.38	-5.50	-2.20	walk_left	walking	0	0	1771	-5	-2
131.814	1	437	80	175	5	5.38	-5.81	-1.16	walk_left	walking	0	0	1772	-5	-1
131.855	1	432	78	175	5	5.38	-5.50	-2.20	walk_left	walking	0	0	1773	-5	-2
131.885	1	427	77	175	5	5.38	-5.81	-1.16	walk_left	walking	0	0	1774	-5	-1
131.919	1	422	75	175	5	5.38	-5.50	-2.20	walk_left	walking	0	0	1775	-5	-2
131.941	1	416	74	175	5	5.38	-5.84	-0.97	walk_left	walking	0	0	1776	-6	-1
131.975	1	411	72	175	5	5.38	-5.50	-2.20	walk_left	walking	0	0	1777	-5	-2
132.174	1	406	71	175	5	5.38	-5.81	-1.16	walk_left	walking	0	0	1778	-5	-1
132.191	1	401	69	175	5	5.38	-5.50	-2.20	walk_left	walking	0	0	1779	-5	-2
132.225	1	396	68	175	5	5.38	-5.81	-1.16	walk_left	walking	0	0	1780	-5	-1
132.252	1	391	66	175	5	5.38	-5.50	-2.20	walk_left	walking	0	0	1781	-5	-2
132.284	1	385	65	175	5	5.38	-5.84	-0.97	walk_left	walking	0	0	1782	-6	-1
132.321	1	380	63	175	5	5.38	-5.50	-2.20	walk_left	walking	0	0	1783	-5	-2
132.348	1	375	62	175	5	5.38	-5.81	-1.16	walk_left	walking	0	0	1784	-5	-1
132.380	1	370	61	175	5	5.38	-5.81	-1.16	walk_left	walking	0	0	1785	-5	-1
132.409	1	365	59	175	5	5.38	-5.50	-2.20	walk_left	walking	0	0	1786	-5	-2
132.441	1	359	58	175	5	5.38	-5.84	-0.97	walk_left	walking	0	0	1787	-6	-1
132.474	1	354	56	175	5	5.38	-5.50	-2.20	walk_left	walking	0	0	1788	-5	-2
132.509	1	349	55	175	5	5.38	-5.81	-1.16	walk_left	walking	0	0	1789	-5	-1
132.536	1	344	53	175	5	5.38	-5.50	-2.20	walk_left	walking	0	0	1790	-5	-2
132.567	1	339	52	175	5	5.38	-5.81	-1.16	walk_left	walking	0	0	1791	-5	-1
132.603	1	334	50	175	5	5.38	-5.50	-2.20	walk_left	walking	0	0	1792	-5	-2
132.630	1	328	49	175	5	5.38	-5.84	-0.97	walk_left	walking	0	0	1793	-6	-1
132.658	1	323	47	175	5	5.38	-5.50	-2.20	walk_left	walking	0	0	1794	-5	-2
132.696	1	318	46	175	5	5.38	-5.81	-1.16	walk_left	walking	0	0	1795	-5	-1
132.723	1	313	44	175	5	5.38	-5.50	-2.20	walk_left	walking	0	0	1796	-5	-2
132.754	1	308	43	175	5	5.38	-5.81	-1.16	walk_left	walking	0	0	1797	-5	-1
132.789	1	303	41	175	5	5.38	-5.50	-2.20	walk_left	walking	0	0	1798	-5	-2
132.814	1	297	40	175	5	5.38	-5.84	-0.97	walk_left	walking	0	0	1799	-6	-1
132.846	1	292	38	175	5	5.38	-5.50	-2.20	walk_left	walking	0	0	1800	-5	-2
132.881	1	287	37	175	5	5.38	-5.81	-1.16	walk_left	walking	0	0	1801	-5	-1
132.909	1	282	35	175	5	5.38	-5.50	-2.20	walk_left	walking	0	0	1802	-5	-2
132.939	1	277	34	175	5	5.38	-5.81	-1.16	walk_left	walking	0	0	1803	-5	-1
132.982	1	271	33	175	5	5.38	-5.84	-0.97	walk_left	walking	0	0	1804	-6	-1
133.001	1	266	31	175	5	5.38	-4.95	-1.98	walk_left	walking	0	0	1805	-5	-2
133.033	1	262	30	175	5	5.38	-4.88	-1.22	walk_left	walking	0	0	1806	-4	-1
133.070	1	257	28	175	5	5.38	-4.53	-1.81	walk_left	walking	0	0	1807	-5	-2
133.096	1	252	27	175	5	5.38	-4.72	-0.94	walk_left	walking	0	0	1808	-5	-1
133.141	1	248	26	175	5	5.38	-4.63	-1.16	walk_left	walking	0	0	1809	-4	-1
133.173	1	243	24	175	5	5.38	-4.41	-1.77	walk_left	walking	0	0	1810	-5	-2
133.192	1	238	23	175	5	5.38	-4.65	-0.93	walk_left	walking	0	0	1811	-5	-1
133.225	1	234	22	175	5	5.38	-4.60	-1.15	walk_left	walking	0	0	1812	-4	-1
133.259	1	229	20	175	5	5.38	-4.40	-1.76	walk_left	walking	0	0	1813	-5	-2
133.291	1	225	19	175	5	5.38	-4.60	-1.15	walk_left	walking	0	0	1814	-4	-1
133.324	1	220	18	175	5	5.38	-4.64	-0.93	walk_left	walking	0	0	1815	-5	-1
133.347	1	215	16	175	5	5.38	-4.77	-1.91	walk_left	walking	0	0	1816	-5	-2
133.390	1	210	15	175	5	5.38	-4.93	-0.99	walk_left	walking	0	0	1817	-5	-1
133.409	1	206	14	175	5	5.38	-4.53	-1.13	walk_left	walking	0	0	1818	-4	-1
133.440	1	202	13	175	5	5.38	-4.12	-1.03	walk_left	walking	0	0	1819	-4	-1
133.476	0	198	12	175	5	5.38	0.00	0.00	look_up	walking	1	0	1820	-4	-1
133.509	0	198	12	175	5	5.38	0.00	0.00	look_up	performing	1	0	1820	-4	-1
133.540	0	197	12	175	5	5.38	0.00	0.00	look_up	performing	1	0	1820	-4	-1
133.565	0	197	12	175	5	5.38	0.00	0.00	look_up	performing	1	0	1820	-4	-1
133.606	0	197	12	175	5	5.38	0.00	0.00	look_up	performing	1	0	1820	-4	-1
133.638	0	197	12	175	5	5.38	0.00	0.00	look_up	performing	1	0	1820	-4	-1
133.658	0	197	12	175	5	5.38	0.00	0.00	look_up	performing	1	0	1820	-4	-1
133.691	0	197	12	175	5	5.38	0.00	0.00	look_up	performing	1	0	1820	-4	-1
133.723	0	197	12	175	5	5.38	0.00	0.00	look_up	performing	1	0	1820	-4	-1
133.757	0	197	12	175	5	5.38	0.00	0.00	look_up	performing	1	0	1820	-4	-1
133.790	0	197	12	175	5	5.38	0.00	0.00	look_up	performing	1	0	1820	-4	-1
133.823	0	197	12	175	5	5.38	0.00	0.00	look_up	performing	1	0	1820	-4	-1
133.858	0	197	12	175	5	5.38	0.00	0.00	look_up	performing	1	0	1820	-4	-1
133.887	0	197	12	175	5	5.38	0.00	0.00	look_up	performing	1	0	1820	-4	-1
133.908	0	197	12	175	5	5.38	0.00	0.00	look_up	performing	1	0	1820	-4	-1
133.942	0	197	12	175	5	5.38	0.00	0.00	look_up	performing	1	0	1820	-4	-1
133.973	0	197	12	175	5	5.38	0.00	0.00	look_up	performing	1	0	1820	-4	-1
134.008	0	197	12	175	5	5.38	0.00	0.00	look_up	performing	1	0	1820	-4	-1
134.041	0	197	12	175	5	5.38	0.00	0.00	look_up	performing	1	0	1820	-4	-1
134.074	0	197	12	175	5	5.38	0.00	0.00	look_up	performing	1	0	1820	-4	-1
134.104	0	197	12	175	5	5.38	0.00	0.00	idle	performing	0	0	1820	-4	-1
134.135	0	197	12	175	5	5.38	0.00	0.00	idle	performing	0	0	1820	-4	-1
134.167	0	197	12	175	5	5.38	0.00	0.00	idle	performing	0	0	1820	-4	-1
134.190	0	197	12	175	5	5.38	0.00	0.00	idle	performing	0	0	1820	-4	-1
134.225	0	197	12	175	5	5.38	0.00	0.00	idle	performing	0	0	1820	-4	-1
134.256	0	197	12	175	5	5.38	0.00	0.00	idle	performing	0	0	1820	-4	-1
134.290	0	148	5	175	5	5.38	0.00	0.00	idle	performing	0	0	1820	-4	-1
134.323	0	148	5	175	5	5.38	0.00	0.00	idle	performing	0	0	1820	-4	-1
134.353	0	148	5	175	5	5.38	0.00	0.00	idle	performing	0	0	1820	-4	-1
134.383	0	148	5	175	5	5.38	0.00	0.00	idle	performing	0	0	1820	-4	-1
134.416	0	148	5	175	5	5.38	0.00	0.00	idle	performing	0	0	1820	-4	-1
134.440	0	148	5	175	5	5.38	0.00	0.00	idle	performing	0	0	1820	-4	-1
134.473	0	148	5	175	5	5.38	0.00	0.00	idle	performing	0	0	1820	-4	-1
134.507	0	148	5	175	5	5.38	0.00	0.00	idle	performing	0	0	1820	-4	-1
134.542	0	148	5	175	5	5.38	0.00	0.00	idle	performing	0	0	1820	-4	-1
134.570	0	148	5	175	5	5.38	0.00	0.00	idle	performing	0	0	1820	-4	-1
134.602	0	148	5	175	5	5.38	0.00	0.00	idle	performing	0	0	1820	-4	-1
134.632	0	148	5	175	5	5.38	0.00	0.00	idle	performing	0	0	1820	-4	-1
134.662	0	148	5	175	5	5.38	0.00	0.00	idle	performing	0	0	1820	-4	-1
134.692	0	148	5	175	5	5.38	0.00	0.00	idle	performing	0	0	1820	-4	-1
134.724	0	148	5	175	5	5.38	0.00	0.00	idle	performing	0	0	1820	-4	-1
134.757	0	148	5	175	5	5.38	0.00	0.00	idle	performing	0	0	1820	-4	-1
134.789	0	148	5	175	5	5.38	0.00	0.00	idle	performing	0	0	1820	-4	-1
134.821	0	148	5	175	5	5.38	0.00	0.00	idle	performing	0	0	1820	-4	-1
134.853	0	148	5	175	5	5.38	0.00	0.00	idle	performing	0	0	1820	-4	-1
134.883	0	148	5	175	5	5.38	0.00	0.00	idle	performing	0	0	1820	-4	-1
134.907	0	148	5	175	5	5.38	0.00	0.00	idle	performing	0	0	1820	-4	-1
134.939	0	148	5	175	5	5.38	0.00	0.00	idle	performing	0	0	1820	-4	-1
134.974	0	148	5	175	5	5.38	0.00	0.00	idle	performing	0	0	1820	-4	-1
135.118	0	148	5	578	761	6.22	0.00	0.00	idle	performing	0	0	1820	-4	-1
135.158	0	148	5	578	761	6.22	0.00	0.00	idle	performing	0	0	1820	-4	-1
135.247	1	150	7	252	108	6.22	2.42	2.42	idle	walking	0	0	1821	-48	-5
135.370	1	154	11	252	108	6.22	3.63	3.63	idle	walking	0	0	1822	4	4
135.384	1	158	15	252	108	6.22	4.23	4.23	idle	walking	0	0	1823	4	4
135.410	1	163	20	252	108	6.22	4.54	4.54	idle	walking	0	0	1824	5	5
135.444	1	167	24	252	108	6.22	4.69	4.69	idle	walking	0	0	1825	4	4
135.480	1	167	24	252	108	6.22	0.00	0.00	look_up	performing	1	0	1825	4	4
135.505	1	167	24	252	108	6.22	0.00	0.00	look_up	performing	1	0	1825	4	4
135.538	1	167	24	252	108	6.22	0.00	0.00	look_up	performing	1	0	1825	4	4
135.572	1	167	24	252	108	6.22	0.00	0.00	look_up	performing	1	0	1825	4	4
135.597	1	216	31	252	108	6.22	0.00	0.00	look_up	performing	1	0	1825	4	4
135.628	1	216	31	252	108	6.22	0.00	0.00	look_up	performing	1	0	1825	4	4
135.667	1	216	31	252	108	6.22	0.00	0.00	look_up	performing	1	0	1825	4	4
135.691	1	216	31	252	108	6.22	0.00	0.00	look_up	performing	1	0	1825	4	4
135.722	1	216	31	252	108	6.22	0.00	0.00	look_up	performing	1	0	1825	4	4
135.758	1	216	31	252	108	6.22	0.00	0.00	look_up	performing	1	0	1825	4	4
135.783	1	216	31	252	108	6.22	0.00	0.00	look_up	performing	1	0	1825	4	4
135.814	1	216	31	252	108	6.22	0.00	0.00	look_up	performing	1	0	1825	4	4
135.850	1	216	31	252	108	6.22	0.00	0.00	look_up	performing	1	0	1825	4	4
135.888	1	216	31	252	108	6.22	0.00	0.00	look_up	performing	1	0	1825	4	4
135.909	1	216	31	252	108	6.22	0.00	0.00	look_up	performing	1	0	1825	4	4
135.947	1	216	31	252	108	6.22	0.00	0.00	look_up	performing	1	0	1825	4	4
135.974	1	216	31	252	108	6.22	0.00	0.00	look_up	performing	1	0	1825	4	4
136.000	1	216	31	252	108	6.22	0.00	0.00	look_up	performing	1	0	1825	4	4
136.046	1	216	31	252	108	6.22	0.00	0.00	look_up	performing	1	0	1825	4	4
136.073	1	216	31	252	108	6.22	0.00	0.00	look_up	performing	1	0	1825	4	4
136.115	1	216	31	252	108	6.22	0.00	0.00	look_up	performing	1	0	1825	4	4
136.138	1	216	31	252	108	6.22	0.00	0.00	look_up	performing	1	0	1825	4	4
136.163	1	217	33	252	108	6.22	1.22	2.45	walk_down	walking	0	0	1826	50	9
136.192	1	219	37	252	108	6.22	1.84	3.67	walk_down	walking	0	0	1827	2	4
136.225	1	221	42	252	108	6.22	1.78	4.45	walk_down	walking	0	0	1828	2	5
136.264	1	223	46	252	108	6.22	2.29	4.59	walk_down	walking	0	0	1829	2	4
136.283	1	226	51	252	108	6.22	2.73	4.55	walk_left	walking	0	0	1830	3	5
136.314	1	228	56	252	108	6.22	2.00	5.00	walk_down	walking	0	0	1831	2	5
136.351	1	229	60	252	108	6.22	2.02	5.04	walk_down	walking	0	0	1832	1	4
136.378	1	231	65	252	108	6.22	2.02	5.06	walk_down	walking	0	0	1833	2	5
136.409	1	234	70	252	108	6.22	3.09	5.14	walk_left	walking	0	0	1834	3	5
136.446	1	237	75	252	108	6.22	3.02	5.04	walk_left	walking	0	0	1835	3	5
136.475	1	239	80	252	108	6.22	2.01	5.03	walk_down	walking	0	0	1836	2	5
136.509	1	241	85	252	108	6.22	1.79	4.48	walk_down	walking	0	0	1837	2	5
136.548	0	243	88	252	108	6.22	0.00	0.00	idle	walking	0	0	1838	2	3
136.574	0	243	88	252	108	6.22	0.00	0.00	idle	walking	0	0	1838	2	3
136.594	0	243	88	252	108	6.22	0.00	0.00	idle	walking	0	0	1838	2	3
136.631	0	243	88	252	108	6.22	0.00	0.00	idle	walking	0	0	1838	2	3
136.659	0	243	88	252	108	6.22	0.00	0.00	idle	walking	0	0	1838	2	3
136.691	0	243	88	252	108	6.22	0.00	0.00	idle	walking	0	0	1838	2	3
136.732	0	195	82	252	108	6.22	0.00	0.00	idle	walking	0	0	1838	2	3
136.759	0	195	82	252	108	6.22	0.00	0.00	idle	walking	0	0	1838	2	3
136.789	0	195	82	252	108	6.22	0.00	0.00	idle	walking	0	0	1838	2	3
136.821	0	195	82	252	108	6.22	0.00	0.00	idle	walking	0	0	1838	2	3
136.851	0	195	82	252	108	6.22	0.00	0.00	idle	walking	0	0	1838	2	3
136.882	0	195	82	252	108	6.22	0.00	0.00	idle	walking	0	0	1838	2	3
136.914	0	195	82	252	108	6.22	0.00	0.00	idle	walking	0	0	1838	2	3
136.941	0	195	82	252	108	6.22	0.00	0.00	idle	walking	0	0	1838	2	3
136.974	0	195	82	252	108	6.22	0.00	0.00	idle	walking	0	0	1838	2	3
137.007	0	195	82	252	108	6.22	0.00	0.00	idle	walking	0	0	1838	2	3
137.038	0	195	82	252	108	6.22	0.00	0.00	idle	walking	0	0	1838	2	3
137.069	0	195	82	252	108	6.22	0.00	0.00	idle	walking	0	0	1838	2	3
137.100	0	195	82	252	108	6.22	0.00	0.00	idle	walking	0	0	1838	2	3
137.131	0	195	82	252	108	6.22	0.00	0.00	idle	walking	0	0	1838	2	3
137.163	0	195	82	252	108	6.22	0.00	0.00	idle	walking	0	0	1838	2	3
137.223	0	195	82	252	108	6.22	0.00	0.00	idle	walking	0	0	1838	2	3
137.256	0	195	82	252	108	6.22	0.00	0.00	idle	walking	0	0	1838	2	3
137.299	0	195	82	252	108	6.22	0.00	0.00	idle	walking	0	0	1838	2	3
137.320	0	195	82	252	108	6.22	0.00	0.00	idle	walking	0	0	1838	2	3
137.349	0	195	82	252	108	6.22	0.00	0.00	idle	walking	0	0	1838	2	3
137.381	0	195	82	252	108	6.22	0.00	0.00	idle	walking	0	0	1838	2	3
137.407	0	195	82	252	108	6.22	0.00	0.00	idle	walking	0	0	1838	2	3
137.440	0	195	82	252	108	6.22	0.00	0.00	idle	walking	0	0	1838	2	3
137.472	0	195	82	252	108	6.22	0.00	0.00	idle	walking	0	0	1838	2	3
137.504	0	195	82	252	108	6.22	0.00	0.00	idle	walking	0	0	1838	2	3
137.535	0	195	82	252	108	6.22	0.00	0.00	idle	walking	0	0	1838	2	3
137.567	0	195	82	252	108	6.22	0.00	0.00	idle	walking	0	0	1838	2	3
137.597	0	195	82	252	108	6.22	0.00	0.00	idle	walking	0	0	1838	2	3
137.679	0	195	82	252	108	6.22	0.00	0.00	idle	walking	0	0	1838	2	3
137.689	0	195	82	252	108	6.22	0.00	0.00	idle	walking	0	0	1838	2	3
137.726	0	195	82	252	108	6.22	0.00	0.00	idle	walking	0	0	1838	2	3
137.752	0	195	82	252	108	6.22	0.00	0.00	idle	walking	0	0	1838	2	3
137.784	0	195	82	252	108	6.22	0.00	0.00	idle	walking	0	0	1838	2	3
137.817	0	195	82	252	108	6.22	0.00	0.00	idle	walking	0	0	1838	2	3
137.847	0	195	82	252	108	6.22	0.00	0.00	idle	walking	0	0	1838	2	3
137.879	0	195	82	252	108	6.22	0.00	0.00	idle	walking	0	0	1838	2	3
137.913	0	195	82	252	108	6.22	0.00	0.00	idle	walking	0	0	1838	2	3
137.941	0	195	82	252	108	6.22	0.00	0.00	idle	walking	0	0	1838	2	3
137.975	0	195	82	252	108	6.22	0.00	0.00	idle	walking	0	0	1838	2	3
138.185	0	195	82	252	108	6.22	0.00	0.00	idle	walking	0	0	1838	2	3
138.223	0	195	82	252	108	6.22	0.00	0.00	idle	walking	0	0	1838	2	3
138.257	0	195	82	252	108	6.22	0.00	0.00	idle	walking	0	0	1838	2	3
138.289	0	195	82	252	108	6.22	0.00	0.00	idle	walking	0	0	1838	2	3
138.315	0	195	82	252	108	6.22	0.00	0.00	idle	walking	0	0	1838	2	3
138.346	0	195	82	252	108	6.22	0.00	0.00	idle	walking	0	0	1838	2	3
138.382	0	195	82	252	108	6.22	0.00	0.00	idle	walking	0	0	1838	2	3
138.409	0	195	82	252	108	6.22	0.00	0.00	idle	walking	0	0	1838	2	3
138.440	0	195	82	252	108	6.22	0.00	0.00	idle	walking	0	0	1838	2	3
138.476	0	195	82	252	108	6.22	0.00	0.00	idle	walking	0	0	1838	2	3
138.501	0	195	82	252	108	6.22	0.00	0.00	idle	walking	0	0	1838	2	3
138.542	0	195	82	252	108	6.22	0.00	0.00	idle	walking	0	0	1838	2	3
138.580	0	195	82	252	108	6.22	0.00	0.00	idle	walking	0	0	1838	2	3
138.608	0	195	82	252	108	6.22	0.00	0.00	idle	walking	0	0	1838	2	3
138.629	0	195	82	252	108	6.22	0.00	0.00	idle	walking	0	0	1838	2	3
138.662	0	195	82	252	108	6.22	0.00	0.00	idle	walking	0	0	1838	2	3
138.690	0	195	82	252	108	6.22	0.00	0.00	idle	walking	0	0	1838	2	3
138.724	0	195	82	252	108	6.22	0.00	0.00	idle	walking	0	0	1838	2	3
138.762	0	195	82	252	108	6.22	0.00	0.00	idle	walking	0	0	1838	2	3
138.791	0	195	82	252	108	6.22	0.00	0.00	idle	walking	0	0	1838	2	3
138.814	0	195	82	252	108	6.22	0.00	0.00	idle	walking	0	0	1838	2	3
138.862	0	195	82	252	108	6.22	0.00	0.00	idle	walking	0	0	1838	2	3
138.889	0	195	82	252	108	6.22	0.00	0.00	idle	walking	0	0	1838	2	3
138.911	0	195	82	252	108	6.22	0.00	0.00	idle	walking	0	0	1838	2	3
138.946	1	195	82	52	80	6.38	0.00	0.00	idle	walking	0	0	1838	2	3
138.975	1	241	89	52	80	6.38	-3.51	0.00	walk_left	walking	0	0	1839	-2	1
139.003	1	236	89	52	80	6.38	-5.26	0.00	walk_left	walking	0	0	1840	-5	0
139.039	1	230	88	52	80	6.38	-6.05	-1.01	walk_left	walking	0	0	1841	-6	-1
139.076	1	224	88	52	80	6.38	-6.58	0.00	walk_left	walking	0	0	1842	-6	0
139.109	1	217	88	52	80	6.38	-6.80	0.00	walk_left	walking	0	0	1843	-7	0
139.145	1	211	87	52	80	6.38	-6.81	-1.14	walk_left	walking	0	0	1844	-6	-1
139.159	1	205	87	52	80	6.38	-6.96	0.00	walk_left	walking	0	0	1845	-6	0
139.192	1	198	87	52	80	6.38	-6.99	0.00	walk_left	walking	0	0	1846	-7	0
139.230	1	192	87	52	80	6.38	-7.00	0.00	walk_left	walking	0	0	1847	-6	0
139.258	1	186	86	52	80	6.38	-6.91	-1.15	walk_left	walking	0	0	1848	-6	-1
139.294	1	179	86	52	80	6.38	-7.01	0.00	walk_left	walking	0	0	1849	-7	0
139.331	1	173	86	52	80	6.38	-7.01	0.00	walk_left	walking	0	0	1850	-6	0
139.358	1	166	85	52	80	6.38	-6.94	-0.99	walk_left	walking	0	0	1851	-7	-1
139.391	1	160	85	52	80	6.38	-7.01	0.00	walk_left	walking	0	0	1852	-6	0
139.413	1	154	85	52	80	6.38	-7.01	0.00	walk_left	walking	0	0	1853	-6	0
139.440	1	147	84	52	80	6.38	-6.94	-0.99	walk_left	walking	0	0	1854	-7	-1
139.476	1	141	84	52	80	6.38	-6.31	0.00	walk_left	walking	0	0	1855	-6	0
139.514	1	135	84	52	80	6.38	-5.96	0.00	walk_left	walking	0	0	1856	-6	0
139.542	1	129	84	52	80	6.38	-5.79	0.00	walk_left	walking	0	0	1857	-6	0
139.564	1	124	83	52	80	6.38	-5.59	-1.12	walk_left	walking	0	0	1858	-5	-1
139.608	1	118	83	52	80	6.38	-5.66	0.00	walk_left	walking	0	0	1859	-6	0
139.640	1	112	83	52	80	6.38	-5.63	0.00	walk_left	walking	0	0	1860	-6	0
139.659	1	107	83	52	80	6.38	-5.62	0.00	walk_left	walking	0	0	1861	-5	0
139.696	1	101	82	52	80	6.38	-5.54	-0.92	walk_left	walking	0	0	1862	-6	-1
139.724	1	95	82	52	80	6.38	-6.25	0.00	walk_left	walking	0	0	1863	-6	0
139.754	1	89	82	52	80	6.38	-6.14	0.00	walk_left	walking	0	0	1864	-6	0
139.798	1	83	81	52	80	6.38	-5.59	-0.93	walk_left	walking	0	0	1865	-6	-1
139.825	1	78	81	52	80	6.38	-5.01	0.00	walk_left	walking	0	0	1866	-5	0
139.848	0	74	81	52	80	6.38	0.00	0.00	idle	walking	0	0	1867	-4	0
139.896	0	74	81	52	80	6.38	0.00	0.00	idle	walking	0	0	1867	-4	0
139.907	0	24	74	52	80	6.38	0.00	0.00	idle	walking	0	0	1867	-4	0
139.940	0	24	74	52	80	6.38	0.00	0.00	idle	walking	0	0	1867	-4	0
139.972	0	24	74	52	80	6.38	0.00	0.00	idle	walking	0	0	1867	-4	0
140.010	0	24	74	52	80	6.38	0.00	0.00	idle	walking	0	0	1867	-4	0
140.041	0	24	74	52	80	6.38	0.00	0.00	idle	walking	0	0	1867	-4	0
140.074	0	24	74	52	80	6.38	0.00	0.00	idle	walking	0	0	1867	-4	0
140.095	0	24	74	52	80	6.38	0.00	0.00	idle	walking	0	0	1867	-4	0
140.126	0	24	74	52	80	6.38	0.00	0.00	idle	walking	0	0	1867	-4	0
140.158	0	24	74	52	80	6.38	0.00	0.00	idle	walking	0	0	1867	-4	0
140.191	0	24	74	52	80	6.38	0.00	0.00	idle	walking	0	0	1867	-4	0
140.224	0	24	74	52	80	6.38	0.00	0.00	idle	walking	0	0	1867	-4	0
140.258	0	24	74	52	80	6.38	0.00	0.00	idle	walking	0	0	1867	-4	0
140.291	0	24	74	52	80	6.38	0.00	0.00	idle	walking	0	0	1867	-4	0
140.323	0	24	74	52	80	6.38	0.00	0.00	idle	walking	0	0	1867	-4	0
140.345	0	24	74	52	80	6.38	0.00	0.00	idle	walking	0	0	1867	-4	0
140.383	0	24	74	52	80	6.38	0.00	0.00	idle	walking	0	0	1867	-4	0
140.407	0	24	74	52	80	6.38	0.00	0.00	idle	walking	0	0	1867	-4	0
140.440	0	24	74	52	80	6.38	0.00	0.00	idle	walking	0	0	1867	-4	0
140.473	0	24	74	52	80	6.38	0.00	0.00	idle	walking	0	0	1867	-4	0
140.508	0	24	74	52	80	6.38	0.00	0.00	idle	walking	0	0	1867	-4	0
140.540	0	24	74	52	80	6.38	0.00	0.00	idle	walking	0	0	1867	-4	0
140.564	0	24	74	52	80	6.38	0.00	0.00	idle	walking	0	0	1867	-4	0
140.601	0	24	74	52	80	6.38	0.00	0.00	idle	walking	0	0	1867	-4	0
140.632	0	24	74	52	80	6.38	0.00	0.00	idle	walking	0	0	1867	-4	0
140.657	0	24	74	52	80	6.38	0.00	0.00	idle	walking	0	0	1867	-4	0
140.743	0	24	74	52	80	6.38	0.00	0.00	idle	walking	0	0	1867	-4	0
140.755	0	24	74	52	80	6.38	0.00	0.00	idle	walking	0	0	1867	-4	0
140.792	0	24	74	52	80	6.38	0.00	0.00	idle	walking	0	0	1867	-4	0
140.818	0	24	74	52	80	6.38	0.00	0.00	idle	walking	0	0	1867	-4	0
140.844	0	24	74	52	80	6.38	0.00	0.00	idle	walking	0	0	1867	-4	0
140.881	0	24	74	52	80	6.38	0.00	0.00	idle	walking	0	0	1867	-4	0
140.908	0	24	74	52	80	6.38	0.00	0.00	idle	walking	0	0	1867	-4	0
140.941	0	24	74	52	80	6.38	0.00	0.00	idle	walking	0	0	1867	-4	0
140.977	0	24	74	52	80	6.38	0.00	0.00	idle	walking	0	0	1867	-4	0
141.126	0	24	74	52	80	6.38	0.00	0.00	idle	walking	0	0	1867	-4	0
141.162	0	24	74	52	80	6.38	0.00	0.00	idle	walking	0	0	1867	-4	0
141.189	0	24	74	52	80	6.38	0.00	0.00	idle	walking	0	0	1867	-4	0
141.221	0	24	74	52	80	6.38	0.00	0.00	idle	walking	0	0	1867	-4	0
141.256	0	24	74	52	80	6.38	0.00	0.00	idle	walking	0	0	1867	-4	0
141.283	0	24	74	52	80	6.38	0.00	0.00	idle	walking	0	0	1867	-4	0
141.315	0	24	74	52	80	6.38	0.00	0.00	idle	walking	0	0	1867	-4	0
141.345	0	24	74	52	80	6.38	0.00	0.00	idle	walking	0	0	1867	-4	0
141.376	0	24	74	52	80	6.38	0.00	0.00	idle	walking	0	0	1867	-4	0
141.407	0	24	74	52	80	6.38	0.00	0.00	idle	walking	0	0	1867	-4	0
141.446	0	24	74	52	80	6.38	0.00	0.00	idle	walking	0	0	1867	-4	0
141.474	0	24	74	52	80	6.38	0.00	0.00	idle	walking	0	0	1867	-4	0
141.508	0	24	74	52	80	6.38	0.00	0.00	idle	walking	0	0	1867	-4	0
141.548	0	24	74	52	80	6.38	0.00	0.00	idle	walking	0	0	1867	-4	0
141.574	0	24	74	52	80	6.38	0.00	0.00	idle	walking	0	0	1867	-4	0
141.606	0	24	74	52	80	6.38	0.00	0.00	idle	walking	0	0	1867	-4	0
141.630	0	24	74	52	80	6.38	0.00	0.00	idle	walking	0	0	1867	-4	0
141.659	0	24	74	52	80	6.38	0.00	0.00	idle	walking	0	0	1867	-4	0
141.692	0	24	74	52	80	6.38	0.00	0.00	idle	walking	0	0	1867	-4	0
141.732	0	24	74	52	80	6.38	0.00	0.00	idle	walking	0	0	1867	-4	0
141.758	0	24	74	52	80	6.38	0.00	0.00	idle	walking	0	0	1867	-4	0
141.791	0	24	74	52	80	6.38	0.00	0.00	idle	walking	0	0	1867	-4	0
141.830	0	24	74	52	80	6.38	0.00	0.00	idle	walking	0	0	1867	-4	0
141.856	0	24	74	52	80	6.38	0.00	0.00	idle	walking	0	0	1867	-4	0
141.884	0	24	74	52	80	6.38	0.00	0.00	idle	walking	0	0	1867	-4	0
141.909	0	24	74	52	80	6.38	0.00	0.00	idle	walking	0	0	1867	-4	0
141.940	0	24	74	52	80	6.38	0.00	0.00	idle	walking	0	0	1867	-4	0
141.976	0	24	74	52	80	6.38	0.00	0.00	idle	walking	0	0	1867	-4	0
142.008	0	24	74	52	80	6.38	0.00	0.00	idle	walking	0	0	1867	-4	0
142.041	0	24	74	52	80	6.38	0.00	0.00	idle	walking	0	0	1867	-4	0
142.074	0	24	74	52	80	6.38	0.00	0.00	idle	walking	0	0	1867	-4	0
142.096	0	24	74	52	80	6.38	0.00	0.00	idle	walking	0	0	1867	-4	0
142.138	0	24	74	52	80	6.38	0.00	0.00	idle	walking	0	0	1867	-4	0
142.157	0	24	74	52	80	6.38	0.00	0.00	idle	walking	0	0	1867	-4	0
142.190	0	24	74	52	80	6.38	0.00	0.00	idle	walking	0	0	1867	-4	0
142.224	0	24	74	52	80	6.38	0.00	0.00	idle	walking	0	0	1867	-4	0
142.257	0	24	74	52	80	6.38	0.00	0.00	idle	walking	0	0	1867	-4	0
142.302	0	24	74	52	80	6.38	0.00	0.00	idle	walking	0	0	1867	-4	0
142.326	0	24	74	52	80	6.38	0.00	0.00	idle	walking	0	0	1867	-4	0
142.356	0	24	74	52	80	6.38	0.00	0.00	idle	walking	0	0	1867	-4	0
142.387	0	24	74	52	80	6.38	0.00	0.00	idle	walking	0	0	1867	-4	0
142.419	1	24	74	50	81	5.92	0.00	0.00	idle	walking	0	0	1867	-4	0
142.442	0	71	80	50	81	5.92	0.00	0.00	idle	walking	0	0	1868	-3	-1
142.474	0	71	80	50	81	5.92	0.00	0.00	idle	walking	0	0	1868	-3	-1
142.507	0	71	80	50	81	5.92	0.00	0.00	idle	walking	0	0	1868	-3	-1
142.540	0	71	80	50	81	5.92	0.00	0.00	idle	walking	0	0	1868	-3	-1
142.574	0	71	80	50	81	5.92	0.00	0.00	idle	walking	0	0	1868	-3	-1
142.605	0	71	80	50	81	5.92	0.00	0.00	idle	walking	0	0	1868	-3	-1
142.635	0	23	74	50	81	5.92	0.00	0.00	idle	walking	0	0	1868	-3	-1
142.658	0	23	74	50	81	5.92	0.00	0.00	idle	walking	0	0	1868	-3	-1
142.690	0	23	74	50	81	5.92	0.00	0.00	idle	walking	0	0	1868	-3	-1
142.724	0	23	74	50	81	5.92	0.00	0.00	idle	walking	0	0	1868	-3	-1
142.758	0	23	74	50	81	5.92	0.00	0.00	idle	walking	0	0	1868	-3	-1
142.789	0	23	74	50	81	5.92	0.00	0.00	idle	walking	0	0	1868	-3	-1
142.820	0	23	74	50	81	5.92	0.00	0.00	idle	walking	0	0	1868	-3	-1
142.851	0	23	74	50	81	5.92	0.00	0.00	idle	walking	0	0	1868	-3	-1
142.883	0	23	74	50	81	5.92	0.00	0.00	idle	walking	0	0	1868	-3	-1
142.914	0	23	74	50	81	5.92	0.00	0.00	idle	walking	0	0	1868	-3	-1
142.942	0	23	74	50	81	5.92	0.00	0.00	idle	walking	0	0	1868	-3	-1
142.974	0	23	74	50	81	5.92	0.00	0.00	idle	walking	0	0	1868	-3	-1
143.006	0	23	74	50	81	5.92	0.00	0.00	idle	walking	0	0	1868	-3	-1
143.041	0	23	74	50	81	5.92	0.00	0.00	idle	walking	0	0	1868	-3	-1
143.071	0	23	74	50	81	5.92	0.00	0.00	idle	walking	0	0	1868	-3	-1
143.102	0	23	74	50	81	5.92	0.00	0.00	idle	walking	0	0	1868	-3	-1
143.133	0	23	74	50	81	5.92	0.00	0.00	idle	walking	0	0	1868	-3	-1
143.156	0	23	74	50	81	5.92	0.00	0.00	idle	walking	0	0	1868	-3	-1
143.191	0	23	74	50	81	5.92	0.00	0.00	idle	walking	0	0	1868	-3	-1
143.225	0	23	74	50	81	5.92	0.00	0.00	idle	walking	0	0	1868	-3	-1
143.258	0	23	74	50	81	5.92	0.00	0.00	idle	walking	0	0	1868	-3	-1
143.289	0	23	74	50	81	5.92	0.00	0.00	idle	walking	0	0	1868	-3	-1
143.321	0	23	74	50	81	5.92	0.00	0.00	idle	walking	0	0	1868	-3	-1
143.352	0	23	74	50	81	5.92	0.00	0.00	idle	walking	0	0	1868	-3	-1
143.382	0	23	74	50	81	5.92	0.00	0.00	idle	walking	0	0	1868	-3	-1
143.409	0	23	74	50	81	5.92	0.00	0.00	idle	walking	0	0	1868	-3	-1
143.440	0	23	74	50	81	5.92	0.00	0.00	idle	walking	0	0	1868	-3	-1
143.474	0	23	74	50	81	5.92	0.00	0.00	idle	walking	0	0	1868	-3	-1
143.507	0	23	74	50	81	5.92	0.00	0.00	idle	walking	0	0	1868	-3	-1
143.539	0	23	74	50	81	5.92	0.00	0.00	idle	walking	0	0	1868	-3	-1
143.571	0	23	74	50	81	5.92	0.00	0.00	idle	walking	0	0	1868	-3	-1
143.603	0	23	74	50	81	5.92	0.00	0.00	idle	walking	0	0	1868	-3	-1
143.632	0	23	74	50	81	5.92	0.00	0.00	idle	walking	0	0	1868	-3	-1
143.658	0	23	74	50	81	5.92	0.00	0.00	idle	walking	0	0	1868	-3	-1
143.691	0	23	74	50	81	5.92	0.00	0.00	idle	walking	0	0	1868	-3	-1
143.724	0	23	74	50	81	5.92	0.00	0.00	idle	walking	0	0	1868	-3	-1
143.758	0	23	74	50	81	5.92	0.00	0.00	idle	walking	0	0	1868	-3	-1
143.789	0	23	74	50	81	5.92	0.00	0.00	idle	walking	0	0	1868	-3	-1
143.820	0	23	74	50	81	5.92	0.00	0.00	idle	walking	0	0	1868	-3	-1
143.851	0	23	74	50	81	5.92	0.00	0.00	idle	walking	0	0	1868	-3	-1
143.882	0	23	74	50	81	5.92	0.00	0.00	idle	walking	0	0	1868	-3	-1
143.908	0	23	74	50	81	5.92	0.00	0.00	idle	walking	0	0	1868	-3	-1
143.939	0	23	74	50	81	5.92	0.00	0.00	idle	walking	0	0	1868	-3	-1
143.976	0	23	74	50	81	5.92	0.00	0.00	idle	walking	0	0	1868	-3	-1
144.136	0	23	74	50	81	5.92	0.00	0.00	idle	walking	0	0	1868	-3	-1
144.164	0	23	74	50	81	5.92	0.00	0.00	idle	walking	0	0	1868	-3	-1
144.191	0	23	74	50	81	5.92	0.00	0.00	idle	walking	0	0	1868	-3	-1
144.223	0	23	74	50	81	5.92	0.00	0.00	idle	walking	0	0	1868	-3	-1
144.258	0	23	74	50	81	5.92	0.00	0.00	idle	walking	0	0	1868	-3	-1
144.289	0	23	74	50	81	5.92	0.00	0.00	idle	walking	0	0	1868	-3	-1
144.320	0	23	74	50	81	5.92	0.00	0.00	idle	walking	0	0	1868	-3	-1
144.350	0	23	74	50	81	5.92	0.00	0.00	idle	walking	0	0	1868	-3	-1
144.382	0	23	74	50	81	5.92	0.00	0.00	idle	walking	0	0	1868	-3	-1
144.407	0	23	74	50	81	5.92	0.00	0.00	idle	walking	0	0	1868	-3	-1
144.440	0	23	74	50	81	5.92	0.00	0.00	idle	walking	0	0	1868	-3	-1
144.472	0	23	74	50	81	5.92	0.00	0.00	idle	walking	0	0	1868	-3	-1
144.506	0	23	74	50	81	5.92	0.00	0.00	idle	walking	0	0	1868	-3	-1
144.539	0	23	74	50	81	5.92	0.00	0.00	idle	walking	0	0	1868	-3	-1
144.570	0	23	74	50	81	5.92	0.00	0.00	idle	walking	0	0	1868	-3	-1
144.602	0	23	74	50	81	5.92	0.00	0.00	idle	walking	0	0	1868	-3	-1
144.632	0	23	74	50	81	5.92	0.00	0.00	idle	walking	0	0	1868	-3	-1
144.656	0	23	74	50	81	5.92	0.00	0.00	idle	walking	0	0	1868	-3	-1
144.691	0	23	74	50	81	5.92	0.00	0.00	idle	walking	0	0	1868	-3	-1
144.726	0	23	74	50	81	5.92	0.00	0.00	idle	walking	0	0	1868	-3	-1
144.757	0	23	74	50	81	5.92	0.00	0.00	idle	walking	0	0	1868	-3	-1
144.788	0	23	74	50	81	5.92	0.00	0.00	idle	walking	0	0	1868	-3	-1
144.819	0	23	74	50	81	5.92	0.00	0.00	idle	walking	0	0	1868	-3	-1
144.850	0	23	74	50	81	5.92	0.00	0.00	idle	walking	0	0	1868	-3	-1
144.882	0	23	74	50	81	5.92	0.00	0.00	idle	walking	0	0	1868	-3	-1
144.913	0	23	74	50	81	5.92	0.00	0.00	idle	walking	0	0	1868	-3	-1
144.942	0	23	74	50	81	5.92	0.00	0.00	idle	walking	0	0	1868	-3	-1
144.974	0	23	74	50	81	5.92	0.00	0.00	idle	walking	0	0	1868	-3	-1
145.009	0	23	74	50	81	5.92	0.00	0.00	idle	walking	0	0	1868	-3	-1
145.041	0	23	74	50	81	5.92	0.00	0.00	idle	walking	0	0	1868	-3	-1
145.070	0	23	74	50	81	5.92	0.00	0.00	idle	walking	0	0	1868	-3	-1
145.102	0	23	74	50	81	5.92	0.00	0.00	idle	walking	0	0	1868	-3	-1
145.134	0	23	74	50	81	5.92	0.00	0.00	idle	walking	0	0	1868	-3	-1
145.157	0	23	74	50	81	5.92	0.00	0.00	idle	walking	0	0	1868	-3	-1
145.191	0	23	74	50	81	5.92	0.00	0.00	idle	walking	0	0	1868	-3	-1
145.223	0	23	74	50	81	5.92	0.00	0.00	idle	walking	0	0	1868	-3	-1
145.258	0	23	74	50	81	5.92	0.00	0.00	idle	walking	0	0	1868	-3	-1
145.292	0	23	74	50	81	5.92	0.00	0.00	idle	walking	0	0	1868	-3	-1
145.322	0	23	74	50	81	5.92	0.00	0.00	idle	walking	0	0	1868	-3	-1
145.354	0	23	74	50	81	5.92	0.00	0.00	idle	walking	0	0	1868	-3	-1
145.377	0	23	74	50	81	5.92	0.00	0.00	idle	walking	0	0	1868	-3	-1
145.407	0	23	74	50	81	5.92	0.00	0.00	idle	walking	0	0	1868	-3	-1
145.442	0	23	74	50	81	5.92	0.00	0.00	idle	walking	0	0	1868	-3	-1
145.475	0	23	74	50	81	5.92	0.00	0.00	idle	walking	0	0	1868	-3	-1
145.506	0	23	74	50	81	5.92	0.00	0.00	idle	walking	0	0	1868	-3	-1
145.538	0	23	74	50	81	5.92	0.00	0.00	idle	walking	0	0	1868	-3	-1
145.570	0	23	74	50	81	5.92	0.00	0.00	idle	walking	0	0	1868	-3	-1
145.600	0	23	74	50	81	5.92	0.00	0.00	idle	walking	0	0	1868	-3	-1
145.633	0	23	74	50	81	5.92	0.00	0.00	idle	walking	0	0	1868	-3	-1
145.658	0	23	74	50	81	5.92	0.00	0.00	idle	walking	0	0	1868	-3	-1
145.691	0	23	74	50	81	5.92	0.00	0.00	idle	walking	0	0	1868	-3	-1
145.725	0	23	74	50	81	5.92	0.00	0.00	idle	walking	0	0	1868	-3	-1
145.756	0	23	74	50	81	5.92	0.00	0.00	idle	walking	0	0	1868	-3	-1
145.788	0	23	74	50	81	5.92	0.00	0.00	idle	walking	0	0	1868	-3	-1
145.817	0	23	74	50	81	5.92	0.00	0.00	idle	walking	0	0	1868	-3	-1
145.848	0	23	74	50	81	5.92	0.00	0.00	idle	walking	0	0	1868	-3	-1
145.880	0	23	74	50	81	5.92	0.00	0.00	idle	walking	0	0	1868	-3	-1
145.907	0	23	74	50	81	5.92	0.00	0.00	idle	walking	0	0	1868	-3	-1
145.940	0	23	74	50	81	5.92	0.00	0.00	idle	walking	0	0	1868	-3	-1
145.972	0	23	74	50	81	5.92	0.00	0.00	idle	walking	0	0	1868	-3	-1
146.002	0	23	74	50	81	5.92	0.00	0.00	idle	walking	0	0	1868	-3	-1
146.032	0	23	74	50	81	5.92	0.00	0.00	idle	walking	0	0	1868	-3	-1
146.063	0	23	74	50	81	5.92	0.00	0.00	idle	walking	0	0	1868	-3	-1
146.095	0	23	74	50	81	5.92	0.00	0.00	idle	walking	0	0	1868	-3	-1
146.126	0	23	74	50	81	5.92	0.00	0.00	idle	walking	0	0	1868	-3	-1
146.159	0	23	74	50	81	5.92	0.00	0.00	idle	walking	0	0	1868	-3	-1
146.189	0	23	74	50	81	5.92	0.00	0.00	idle	walking	0	0	1868	-3	-1
146.221	0	23	74	50	81	5.92	0.00	0.00	idle	walking	0	0	1868	-3	-1
146.250	0	23	74	50	81	5.92	0.00	0.00	idle	walking	0	0	1868	-3	-1
146.352	0	23	74	50	81	5.92	0.00	0.00	idle	walking	0	0	1868	-3	-1
146.358	0	23	74	50	81	5.92	0.00	0.00	idle	walking	0	0	1868	-3	-1
146.376	0	23	74	50	81	5.92	0.00	0.00	idle	walking	0	0	1868	-3	-1
146.406	0	23	74	50	81	5.92	0.00	0.00	idle	walking	0	0	1868	-3	-1
146.440	0	23	74	50	81	5.92	0.00	0.00	idle	walking	0	0	1868	-3	-1
146.469	0	23	74	50	81	5.92	0.00	0.00	idle	walking	0	0	1868	-3	-1
146.507	0	23	74	50	81	5.92	0.00	0.00	idle	walking	0	0	1868	-3	-1
146.540	0	23	74	50	81	5.92	0.00	0.00	idle	walking	0	0	1868	-3	-1
146.574	0	23	74	50	81	5.92	0.00	0.00	idle	walking	0	0	1868	-3	-1
146.608	0	23	74	50	81	5.92	0.00	0.00	idle	walking	0	0	1868	-3	-1
146.637	0	23	74	50	81	5.92	0.00	0.00	idle	walking	0	0	1868	-3	-1
146.658	0	23	74	50	81	5.92	0.00	0.00	idle	walking	0	0	1868	-3	-1
146.691	0	23	74	50	81	5.92	0.00	0.00	idle	walking	0	0	1868	-3	-1
146.723	0	23	74	50	81	5.92	0.00	0.00	idle	walking	0	0	1868	-3	-1
146.757	0	23	74	50	81	5.92	0.00	0.00	idle	walking	0	0	1868	-3	-1
146.791	0	23	74	50	81	5.92	0.00	0.00	idle	walking	0	0	1868	-3	-1
146.823	0	23	74	50	81	5.92	0.00	0.00	idle	walking	0	0	1868	-3	-1
146.853	0	23	74	50	81	5.92	0.00	0.00	idle	walking	0	0	1868	-3	-1
146.884	0	23	74	50	81	5.92	0.00	0.00	idle	walking	0	0	1868	-3	-1
146.916	0	23	74	50	81	5.92	0.00	0.00	idle	walking	0	0	1868	-3	-1
146.940	0	23	74	50	81	5.92	0.00	0.00	idle	walking	0	0	1868	-3	-1
146.974	0	23	74	50	81	5.92	0.00	0.00	idle	walking	0	0	1868	-3	-1
147.120	1	23	74	50	50	5.62	0.00	0.00	walk_down	walking	0	0	1868	-3	-1
147.127	1	70	78	50	50	5.62	-1.01	-2.03	walk_up	walking	0	0	1869	-1	-2
147.160	1	68	75	50	50	5.62	-1.81	-2.71	walk_left	walking	0	0	1870	-2	-3
147.193	1	66	73	50	50	5.62	-2.50	-2.50	walk_left	walking	0	0	1871	-2	-2
147.226	0	64	70	50	50	5.62	0.00	0.00	idle	walking	0	0	1872	-2	-3
147.259	0	64	70	50	50	5.62	0.00	0.00	idle	walking	0	0	1872	-2	-3
147.289	0	64	70	50	50	5.62	0.00	0.00	idle	walking	0	0	1872	-2	-3
147.321	0	16	64	50	50	5.62	0.00	0.00	idle	walking	0	0	1872	-2	-3
147.352	0	16	64	50	50	5.62	0.00	0.00	idle	walking	0	0	1872	-2	-3
147.382	0	16	64	50	50	5.62	0.00	0.00	idle	walking	0	0	1872	-2	-3
147.415	0	16	64	50	50	5.62	0.00	0.00	idle	walking	0	0	1872	-2	-3
147.440	0	16	64	50	50	5.62	0.00	0.00	idle	walking	0	0	1872	-2	-3
147.474	0	16	64	50	50	5.62	0.00	0.00	idle	walking	0	0	1872	-2	-3
147.507	0	16	64	50	50	5.62	0.00	0.00	idle	walking	0	0	1872	-2	-3
147.540	0	16	64	50	50	5.62	0.00	0.00	idle	walking	0	0	1872	-2	-3
147.564	0	16	64	50	50	5.62	0.00	0.00	idle	walking	0	0	1872	-2	-3
147.601	0	16	64	50	50	5.62	0.00	0.00	idle	walking	0	0	1872	-2	-3
147.634	0	16	64	50	50	5.62	0.00	0.00	idle	walking	0	0	1872	-2	-3
147.664	0	16	64	50	50	5.62	0.00	0.00	idle	walking	0	0	1872	-2	-3
147.691	0	16	64	50	50	5.62	0.00	0.00	idle	walking	0	0	1872	-2	-3
147.724	0	16	64	50	50	5.62	0.00	0.00	idle	walking	0	0	1872	-2	-3
147.759	0	16	64	50	50	5.62	0.00	0.00	idle	walking	0	0	1872	-2	-3
147.787	0	16	64	50	50	5.62	0.00	0.00	idle	walking	0	0	1872	-2	-3
147.819	0	16	64	50	50	5.62	0.00	0.00	idle	walking	0	0	1872	-2	-3
147.850	0	16	64	50	50	5.62	0.00	0.00	idle	walking	0	0	1872	-2	-3
147.881	0	16	64	50	50	5.62	0.00	0.00	idle	walking	0	0	1872	-2	-3
147.907	0	16	64	50	50	5.62	0.00	0.00	idle	walking	0	0	1872	-2	-3
147.941	0	16	64	50	50	5.62	0.00	0.00	idle	walking	0	0	1872	-2	-3
147.973	0	16	64	50	50	5.62	0.00	0.00	idle	walking	0	0	1872	-2	-3
148.006	0	16	64	50	50	5.62	0.00	0.00	idle	walking	0	0	1872	-2	-3
148.035	0	16	64	50	50	5.62	0.00	0.00	idle	walking	0	0	1872	-2	-3
148.068	0	16	64	50	50	5.62	0.00	0.00	idle	walking	0	0	1872	-2	-3
148.129	0	16	64	50	50	5.62	0.00	0.00	idle	walking	0	0	1872	-2	-3
148.157	0	16	64	50	50	5.62	0.00	0.00	idle	walking	0	0	1872	-2	-3
148.192	0	16	64	50	50	5.62	0.00	0.00	idle	walking	0	0	1872	-2	-3
148.224	0	16	64	50	50	5.62	0.00	0.00	idle	walking	0	0	1872	-2	-3
148.256	0	16	64	50	50	5.62	0.00	0.00	idle	walking	0	0	1872	-2	-3
148.297	0	16	64	50	50	5.62	0.00	0.00	idle	walking	0	0	1872	-2	-3
148.318	0	16	64	50	50	5.62	0.00	0.00	idle	walking	0	0	1872	-2	-3
148.350	0	16	64	50	50	5.62	0.00	0.00	idle	walking	0	0	1872	-2	-3
148.380	0	16	64	50	50	5.62	0.00	0.00	idle	walking	0	0	1872	-2	-3
148.408	0	16	64	50	50	5.62	0.00	0.00	idle	walking	0	0	1872	-2	-3
148.440	0	16	64	50	50	5.62	0.00	0.00	idle	walking	0	0	1872	-2	-3
148.473	0	16	64	50	50	5.62	0.00	0.00	idle	walking	0	0	1872	-2	-3
148.504	0	16	64	50	50	5.62	0.00	0.00	idle	walking	0	0	1872	-2	-3
148.534	0	16	64	50	50	5.62	0.00	0.00	idle	walking	0	0	1872	-2	-3
148.566	0	16	64	50	50	5.62	0.00	0.00	idle	walking	0	0	1872	-2	-3
148.597	0	16	64	50	50	5.62	0.00	0.00	idle	walking	0	0	1872	-2	-3
148.629	0	16	64	50	50	5.62	0.00	0.00	idle	walking	0	0	1872	-2	-3
148.658	0	16	64	50	50	5.62	0.00	0.00	idle	walking	0	0	1872	-2	-3
148.689	0	16	64	50	50	5.62	0.00	0.00	idle	walking	0	0	1872	-2	-3
148.720	0	16	64	50	50	5.62	0.00	0.00	idle	walking	0	0	1872	-2	-3
148.757	0	16	64	50	50	5.62	0.00	0.00	idle	walking	0	0	1872	-2	-3
148.797	0	16	64	50	50	5.62	0.00	0.00	idle	walking	0	0	1872	-2	-3
148.822	0	16	64	50	50	5.62	0.00	0.00	idle	walking	0	0	1872	-2	-3
148.866	0	16	64	50	50	5.62	0.00	0.00	idle	walking	0	0	1872	-2	-3
148.893	0	16	64	50	50	5.62	0.00	0.00	idle	walking	0	0	1872	-2	-3
148.909	0	16	64	50	50	5.62	0.00	0.00	idle	walking	0	0	1872	-2	-3
148.942	0	16	64	50	50	5.62	0.00	0.00	idle	walking	0	0	1872	-2	-3
148.973	0	16	64	50	50	5.62	0.00	0.00	idle	walking	0	0	1872	-2	-3
149.006	0	16	64	50	50	5.62	0.00	0.00	idle	walking	0	0	1872	-2	-3
149.038	0	16	64	50	50	5.62	0.00	0.00	idle	walking	0	0	1872	-2	-3
149.069	0	16	64	50	50	5.62	0.00	0.00	idle	walking	0	0	1872	-2	-3
149.097	0	16	64	50	50	5.62	0.00	0.00	idle	walking	0	0	1872	-2	-3
149.130	0	16	64	50	50	5.62	0.00	0.00	idle	walking	0	0	1872	-2	-3
149.161	0	16	64	50	50	5.62	0.00	0.00	idle	walking	0	0	1872	-2	-3
149.191	0	16	64	50	50	5.62	0.00	0.00	idle	walking	0	0	1872	-2	-3
149.222	0	16	64	50	50	5.62	0.00	0.00	idle	walking	0	0	1872	-2	-3
149.255	0	16	64	50	50	5.62	0.00	0.00	idle	walking	0	0	1872	-2	-3
149.293	0	16	64	50	50	5.62	0.00	0.00	idle	walking	0	0	1872	-2	-3
149.328	0	16	64	50	50	5.62	0.00	0.00	idle	walking	0	0	1872	-2	-3
149.358	0	16	64	50	50	5.62	0.00	0.00	idle	walking	0	0	1872	-2	-3
149.392	0	16	64	50	50	5.62	0.00	0.00	idle	walking	0	0	1872	-2	-3
149.411	0	16	64	50	50	5.62	0.00	0.00	idle	walking	0	0	1872	-2	-3
149.443	0	16	64	50	50	5.62	0.00	0.00	idle	walking	0	0	1872	-2	-3
149.478	0	16	64	50	50	5.62	0.00	0.00	idle	walking	0	0	1872	-2	-3
149.516	0	16	64	50	50	5.62	0.00	0.00	idle	walking	0	0	1872	-2	-3
149.544	0	16	64	50	50	5.62	0.00	0.00	idle	walking	0	0	1872	-2	-3
149.572	0	16	64	50	50	5.62	0.00	0.00	idle	walking	0	0	1872	-2	-3
149.600	0	16	64	50	50	5.62	0.00	0.00	idle	walking	0	0	1872	-2	-3
149.631	0	16	64	50	50	5.62	0.00	0.00	idle	walking	0	0	1872	-2	-3
149.660	0	16	64	50	50	5.62	0.00	0.00	idle	walking	0	0	1872	-2	-3
149.693	0	16	64	50	50	5.62	0.00	0.00	idle	walking	0	0	1872	-2	-3
149.726	0	16	64	50	50	5.62	0.00	0.00	idle	walking	0	0	1872	-2	-3
149.753	0	16	64	50	50	5.62	0.00	0.00	idle	walking	0	0	1872	-2	-3
149.786	0	16	64	50	50	5.62	0.00	0.00	idle	walking	0	0	1872	-2	-3
149.815	0	16	64	50	50	5.62	0.00	0.00	idle	walking	0	0	1872	-2	-3
149.846	0	16	64	50	50	5.62	0.00	0.00	idle	walking	0	0	1872	-2	-3
149.878	0	16	64	50	50	5.62	0.00	0.00	idle	walking	0	0	1872	-2	-3
149.905	0	16	64	50	50	5.62	0.00	0.00	idle	walking	0	0	1872	-2	-3
149.941	0	16	64	50	50	5.62	0.00	0.00	idle	walking	0	0	1872	-2	-3
149.974	0	16	64	50	50	5.62	0.00	0.00	idle	walking	0	0	1872	-2	-3
# END	150.166	move_calls=1872 zero=4 nonzero=1867 mode=fix
