t	is_moving	pos_x	pos_y	tgt_x	tgt_y	speed	vx	vy	anim	activity	locked	sleeping	move_calls	dx	dy
0.030	1	2410	1380	2427	1492	5.96	0.00	2.09	idle	walking	0	0	1	0	0
0.046	1	2410	1383	2427	1492	5.96	0.00	3.13	idle	walking	0	0	2	0	3
0.086	1	2392	1389	2427	1492	5.96	1.16	3.47	idle	walking	0	0	3	-18	6
1.544	1	2393	1393	2427	1492	5.96	0.95	3.80	idle	walking	0	0	4	1	4
1.569	1	2440	1403	2427	1492	5.96	-0.88	3.52	walk_down	walking	0	0	5	47	10
1.660	1	2439	1406	2427	1492	5.96	-1.10	3.30	walk_down	walking	0	0	6	-1	3
1.675	1	2439	1409	2427	1492	5.96	0.00	3.41	walk_down	walking	0	0	7	0	3
1.734	1	2439	1412	2427	1492	5.96	0.00	3.38	walk_down	walking	0	0	8	0	3
1.786	1	2439	1415	2427	1492	5.96	0.00	3.36	walk_down	walking	0	0	9	0	3
1.802	1	2438	1418	2427	1492	5.96	-1.06	3.18	walk_down	walking	0	0	10	-1	3
1.840	1	2438	1421	2427	1492	5.96	0.00	3.34	walk_down	walking	0	0	11	0	3
1.886	1	2437	1424	2427	1492	5.96	-1.06	3.17	walk_down	walking	0	0	12	-1	3
1.898	1	2437	1427	2427	1492	5.96	0.00	3.34	walk_down	walking	0	0	13	0	3
1.928	1	2436	1430	2427	1492	5.96	-1.06	3.17	walk_down	walking	0	0	14	-1	3
1.963	1	2436	1433	2427	1492	5.96	0.00	3.34	walk_down	walking	0	0	15	0	3
1.990	1	2435	1436	2427	1492	5.96	-1.06	3.17	walk_down	walking	0	0	16	-1	3
2.035	1	2435	1439	2427	1492	5.96	0.00	3.34	jump_ball	walking	0	0	17	0	3
2.085	1	2435	1428	2427	1492	5.96	0.00	3.34	jump_ball	jumping	0	0	18	0	-11
2.131	1	2436	1422	2427	1492	5.96	0.00	3.34	jump_ball	jumping	0	0	19	1	-6
2.184	1	2437	1416	2427	1492	5.96	0.00	3.34	jump_ball	jumping	0	0	20	1	-6
2.218	1	2438	1413	2427	1492	5.96	0.00	3.34	jump_ball	jumping	0	0	21	1	-3
2.256	1	2439	1411	2427	1492	5.96	0.00	3.34	jump_ball	jumping	0	0	22	1	-2
2.272	1	2439	1410	2427	1492	5.96	0.00	3.34	jump_ball	jumping	0	0	23	0	-1
2.303	1	2440	1409	2427	1492	5.96	0.00	3.34	jump_ball	jumping	0	0	24	1	-1
2.341	1	2441	1408	2427	1492	5.96	0.00	3.34	jump_ball	jumping	0	0	25	1	-1
2.363	1	2441	1407	2427	1492	5.96	0.00	3.34	jump_ball	jumping	0	0	26	0	-1
2.396	1	2442	1407	2427	1492	5.96	0.00	3.34	jump_ball	jumping	0	0	27	1	0
2.428	1	2442	1408	2427	1492	5.96	0.00	3.34	jump_ball	jumping	0	0	28	0	1
2.461	1	2443	1409	2427	1492	5.96	0.00	3.34	jump_ball	jumping	0	0	29	1	1
2.489	1	2444	1411	2427	1492	5.96	0.00	3.34	jump_ball	jumping	0	0	30	1	2
2.526	1	2444	1413	2427	1492	5.96	0.00	3.34	jump_ball	jumping	0	0	31	0	2
2.590	1	2446	1419	2427	1492	5.96	0.00	3.34	jump_ball	jumping	0	0	32	2	6
2.623	1	2446	1422	2427	1492	5.96	0.00	3.34	jump_ball	jumping	0	0	33	0	3
2.648	1	2447	1426	2427	1492	5.96	0.00	3.34	jump_ball	jumping	0	0	34	1	4
2.681	1	2447	1431	2427	1492	5.96	0.00	3.34	jump_ball	jumping	0	0	35	0	5
2.710	1	2448	1436	2427	1492	5.96	0.00	3.34	jump_ball	jumping	0	0	36	1	5
2.742	1	2449	1441	2427	1492	5.96	0.00	3.34	jump_ball	jumping	0	0	37	1	5
2.772	1	2449	1447	2427	1492	5.96	0.00	3.34	jump_ball	jumping	0	0	38	0	6
2.803	1	2450	1453	2427	1492	5.96	0.00	3.34	jump_ball	jumping	0	0	39	1	6
2.834	1	2450	1460	2427	1492	5.96	0.00	3.34	jump_ball	jumping	0	0	40	0	7
2.868	1	2451	1468	2427	1492	5.96	0.00	3.34	jump_ball	jumping	0	0	41	1	8
2.896	1	2452	1476	2427	1492	5.96	0.00	3.34	jump_ball	jumping	0	0	42	1	8
2.927	1	2452	1484	2427	1492	5.96	0.00	3.34	jump_ball	jumping	0	0	43	0	8
2.957	1	2453	1493	2427	1492	5.96	0.00	3.34	jump_ball	jumping	0	0	44	1	9
3.346	1	2455	1518	2427	1492	5.96	0.00	3.34	land	jumping	0	0	46	0	0
3.364	1	2453	1516	2427	1492	5.96	-2.31	-2.31	walk_left	walking	0	0	47	-2	-2
3.394	1	2451	1514	2427	1492	5.96	-2.20	-2.20	walk_left	walking	0	0	48	-2	-2
3.427	1	2449	1512	2427	1492	5.96	-2.06	-2.06	walk_left	walking	0	0	49	-2	-2
3.462	0	2448	1492	2427	1492	5.96	0.00	0.00	idle	walking	0	0	50	-1	-20
3.497	0	2448	1492	2427	1492	5.96	0.00	0.00	idle	walking	0	0	50	-1	-20
3.516	0	2448	1492	2427	1492	5.96	0.00	0.00	idle	walking	0	0	50	-1	-20
3.548	0	2448	1492	2427	1492	5.96	0.00	0.00	idle	walking	0	0	50	-1	-20
3.579	0	2448	1492	2427	1492	5.96	0.00	0.00	idle	walking	0	0	50	-1	-20
3.610	0	2448	1492	2427	1492	5.96	0.00	0.00	idle	walking	0	0	50	-1	-20
3.650	0	2398	1485	2427	1492	5.96	0.00	0.00	idle	walking	0	0	50	-1	-20
3.673	0	2398	1485	2427	1492	5.96	0.00	0.00	idle	walking	0	0	50	-1	-20
3.703	0	2398	1485	2427	1492	5.96	0.00	0.00	idle	walking	0	0	50	-1	-20
3.737	0	2398	1485	2427	1492	5.96	0.00	0.00	idle	walking	0	0	50	-1	-20
3.767	0	2398	1485	2427	1492	5.96	0.00	0.00	idle	walking	0	0	50	-1	-20
3.807	0	2398	1485	2427	1492	5.96	0.00	0.00	idle	walking	0	0	50	-1	-20
3.836	0	2398	1485	2427	1492	5.96	0.00	0.00	idle	walking	0	0	50	-1	-20
3.873	0	2398	1485	2427	1492	5.96	0.00	0.00	idle	walking	0	0	50	-1	-20
3.891	0	2398	1485	2427	1492	5.96	0.00	0.00	idle	walking	0	0	50	-1	-20
3.930	0	2398	1485	2427	1492	5.96	0.00	0.00	idle	walking	0	0	50	-1	-20
3.959	0	2398	1485	2427	1492	5.96	0.00	0.00	idle	walking	0	0	50	-1	-20
3.992	0	2398	1485	2427	1492	5.96	0.00	0.00	idle	walking	0	0	50	-1	-20
4.039	0	2398	1485	2427	1492	5.96	0.00	0.00	idle	walking	0	0	50	-1	-20
4.060	0	2398	1485	2427	1492	5.96	0.00	0.00	idle	walking	0	0	50	-1	-20
4.090	0	2398	1485	2427	1492	5.96	0.00	0.00	idle	walking	0	0	50	-1	-20
4.109	0	2398	1485	2427	1492	5.96	0.00	0.00	idle	walking	0	0	50	-1	-20
4.141	0	2398	1485	2427	1492	5.96	0.00	0.00	idle	walking	0	0	50	-1	-20
4.176	0	2398	1485	2427	1492	5.96	0.00	0.00	idle	walking	0	0	50	-1	-20
4.214	0	2398	1485	2427	1492	5.96	0.00	0.00	idle	walking	0	0	50	-1	-20
4.241	0	2398	1485	2427	1492	5.96	0.00	0.00	idle	walking	0	0	50	-1	-20
4.267	0	2398	1485	2427	1492	5.96	0.00	0.00	idle	walking	0	0	50	-1	-20
4.308	0	2398	1485	2427	1492	5.96	0.00	0.00	idle	walking	0	0	50	-1	-20
4.340	0	2398	1485	2427	1492	5.96	0.00	0.00	idle	walking	0	0	50	-1	-20
4.373	0	2398	1485	2427	1492	5.96	0.00	0.00	idle	walking	0	0	50	-1	-20
4.398	0	2398	1485	2427	1492	5.96	0.00	0.00	idle	walking	0	0	50	-1	-20
4.423	0	2398	1485	2427	1492	5.96	0.00	0.00	idle	walking	0	0	50	-1	-20
4.455	0	2398	1485	2427	1492	5.96	0.00	0.00	idle	walking	0	0	50	-1	-20
4.489	0	2398	1485	2427	1492	5.96	0.00	0.00	idle	walking	0	0	50	-1	-20
4.523	0	2398	1485	2427	1492	5.96	0.00	0.00	idle	walking	0	0	50	-1	-20
4.556	0	2398	1485	2427	1492	5.96	0.00	0.00	idle	walking	0	0	50	-1	-20
4.593	0	2398	1485	2427	1492	5.96	0.00	0.00	idle	walking	0	0	50	-1	-20
4.610	0	2398	1485	2427	1492	5.96	0.00	0.00	idle	walking	0	0	50	-1	-20
4.657	0	2398	1485	2427	1492	5.96	0.00	0.00	idle	walking	0	0	50	-1	-20
4.673	0	2398	1485	2427	1492	5.96	0.00	0.00	idle	walking	0	0	50	-1	-20
4.709	0	2398	1485	2427	1492	5.96	0.00	0.00	idle	walking	0	0	50	-1	-20
4.740	0	2398	1485	2427	1492	5.96	0.00	0.00	idle	walking	0	0	50	-1	-20
4.780	0	2398	1485	2427	1492	5.96	0.00	0.00	idle	walking	0	0	50	-1	-20
4.804	0	2398	1485	2427	1492	5.96	0.00	0.00	idle	walking	0	0	50	-1	-20
4.833	0	2398	1485	2427	1492	5.96	0.00	0.00	idle	walking	0	0	50	-1	-20
4.867	0	2398	1485	2427	1492	5.96	0.00	0.00	idle	walking	0	0	50	-1	-20
4.896	0	2398	1485	2427	1492	5.96	0.00	0.00	idle	walking	0	0	50	-1	-20
4.922	0	2398	1485	2427	1492	5.96	0.00	0.00	idle	walking	0	0	50	-1	-20
4.960	0	2398	1485	2427	1492	5.96	0.00	0.00	idle	walking	0	0	50	-1	-20
4.989	0	2398	1485	2427	1492	5.96	0.00	0.00	idle	walking	0	0	50	-1	-20
5.026	0	2398	1485	2427	1492	5.96	0.00	0.00	idle	walking	0	0	50	-1	-20
5.057	0	2398	1485	2427	1492	5.96	0.00	0.00	idle	walking	0	0	50	-1	-20
5.085	0	2398	1485	2427	1492	5.96	0.00	0.00	idle	walking	0	0	50	-1	-20
5.129	0	2398	1485	2427	1492	5.96	0.00	0.00	idle	walking	0	0	50	-1	-20
5.143	0	2398	1485	2427	1492	5.96	0.00	0.00	idle	walking	0	0	50	-1	-20
5.173	0	2398	1485	2427	1492	5.96	0.00	0.00	idle	walking	0	0	50	-1	-20
5.205	0	2398	1485	2427	1492	5.96	0.00	0.00	idle	walking	0	0	50	-1	-20
5.240	0	2398	1485	2427	1492	5.96	0.00	0.00	idle	walking	0	0	50	-1	-20
5.305	0	2398	1485	2427	1492	5.96	0.00	0.00	idle	walking	0	0	50	-1	-20
5.344	0	2398	1485	2427	1492	5.96	0.00	0.00	idle	walking	0	0	50	-1	-20
5.358	0	2398	1485	2427	1492	5.96	0.00	0.00	idle	walking	0	0	50	-1	-20
5.399	0	2398	1485	2427	1492	5.96	0.00	0.00	idle	walking	0	0	50	-1	-20
5.421	0	2398	1485	2427	1492	5.96	0.00	0.00	idle	walking	0	0	50	-1	-20
5.455	0	2398	1485	2427	1492	5.96	0.00	0.00	idle	walking	0	0	50	-1	-20
5.489	0	2398	1485	2427	1492	5.96	0.00	0.00	idle	walking	0	0	50	-1	-20
5.528	0	2398	1485	2427	1492	5.96	0.00	0.00	idle	walking	0	0	50	-1	-20
5.553	0	2398	1485	2427	1492	5.96	0.00	0.00	idle	walking	0	0	50	-1	-20
5.579	0	2398	1485	2427	1492	5.96	0.00	0.00	idle	walking	0	0	50	-1	-20
5.615	0	2398	1485	2427	1492	5.96	0.00	0.00	idle	walking	0	0	50	-1	-20
5.646	0	2398	1485	2427	1492	5.96	0.00	0.00	idle	walking	0	0	50	-1	-20
5.672	0	2398	1485	2427	1492	5.96	0.00	0.00	idle	walking	0	0	50	-1	-20
5.710	0	2398	1485	2427	1492	5.96	0.00	0.00	idle	walking	0	0	50	-1	-20
5.738	0	2398	1485	2427	1492	5.96	0.00	0.00	idle	walking	0	0	50	-1	-20
5.770	0	2398	1485	2427	1492	5.96	0.00	0.00	idle	walking	0	0	50	-1	-20
5.803	0	2398	1485	2427	1492	5.96	0.00	0.00	idle	walking	0	0	50	-1	-20
5.833	0	2398	1485	2427	1492	5.96	0.00	0.00	idle	walking	0	0	50	-1	-20
5.864	0	2398	1485	2427	1492	5.96	0.00	0.00	idle	walking	0	0	50	-1	-20
5.899	0	2398	1485	2427	1492	5.96	0.00	0.00	idle	walking	0	0	50	-1	-20
5.922	0	2398	1485	2427	1492	5.96	0.00	0.00	idle	walking	0	0	50	-1	-20
5.955	0	2398	1485	2427	1492	5.96	0.00	0.00	idle	walking	0	0	50	-1	-20
6.135	0	2398	1485	2427	1492	5.96	0.00	0.00	idle	walking	0	0	50	-1	-20
6.140	0	2398	1485	2427	1492	5.96	0.00	0.00	idle	walking	0	0	50	-1	-20
6.173	0	2398	1485	2427	1492	5.96	0.00	0.00	idle	walking	0	0	50	-1	-20
6.205	0	2398	1485	2427	1492	5.96	0.00	0.00	idle	walking	0	0	50	-1	-20
6.238	0	2398	1485	2427	1492	5.96	0.00	0.00	idle	walking	0	0	50	-1	-20
6.268	0	2398	1485	2427	1492	5.96	0.00	0.00	idle	walking	0	0	50	-1	-20
6.299	0	2398	1485	2427	1492	5.96	0.00	0.00	idle	walking	0	0	50	-1	-20
6.330	0	2398	1485	2427	1492	5.96	0.00	0.00	idle	walking	0	0	50	-1	-20
6.364	0	2398	1485	2427	1492	5.96	0.00	0.00	idle	walking	0	0	50	-1	-20
6.392	0	2398	1485	2427	1492	5.96	0.00	0.00	idle	walking	0	0	50	-1	-20
6.423	0	2398	1485	2427	1492	5.96	0.00	0.00	idle	walking	0	0	50	-1	-20
6.455	0	2398	1485	2427	1492	5.96	0.00	0.00	idle	walking	0	0	50	-1	-20
6.486	0	2398	1485	2427	1492	5.96	0.00	0.00	idle	walking	0	0	50	-1	-20
6.517	0	2398	1485	2427	1492	5.96	0.00	0.00	idle	walking	0	0	50	-1	-20
6.552	0	2398	1485	2427	1492	5.96	0.00	0.00	idle	walking	0	0	50	-1	-20
6.579	0	2398	1485	2427	1492	5.96	0.00	0.00	idle	walking	0	0	50	-1	-20
6.610	0	2398	1485	2427	1492	5.96	0.00	0.00	idle	walking	0	0	50	-1	-20
6.670	0	2398	1485	2427	1492	5.96	0.00	0.00	idle	walking	0	0	50	-1	-20
6.706	0	2398	1485	2427	1492	5.96	0.00	0.00	idle	walking	0	0	50	-1	-20
6.742	0	2398	1485	2427	1492	5.96	0.00	0.00	idle	walking	0	0	50	-1	-20
6.764	0	2398	1485	2427	1492	5.96	0.00	0.00	idle	walking	0	0	50	-1	-20
6.795	0	2398	1485	2427	1492	5.96	0.00	0.00	idle	walking	0	0	50	-1	-20
6.840	0	2398	1485	2427	1492	5.96	0.00	0.00	idle	walking	0	0	50	-1	-20
6.873	0	2398	1485	2427	1492	5.96	0.00	0.00	idle	walking	0	0	50	-1	-20
6.890	0	2398	1485	2427	1492	5.96	0.00	0.00	idle	walking	0	0	50	-1	-20
6.926	0	2398	1485	2427	1492	5.96	0.00	0.00	idle	walking	0	0	50	-1	-20
6.955	0	2398	1485	2427	1492	5.96	0.00	0.00	idle	walking	0	0	50	-1	-20
6.989	0	2398	1485	2427	1492	5.96	0.00	0.00	idle	walking	0	0	50	-1	-20
7.014	0	2398	1485	2427	1492	5.96	0.00	0.00	idle	walking	0	0	50	-1	-20
7.055	0	2398	1485	2427	1492	5.96	0.00	0.00	idle	walking	0	0	50	-1	-20
7.090	0	2398	1485	2427	1492	5.96	0.00	0.00	idle	walking	0	0	50	-1	-20
7.127	0	2398	1485	2427	1492	5.96	0.00	0.00	idle	walking	0	0	50	-1	-20
7.142	0	2398	1485	2427	1492	5.96	0.00	0.00	idle	walking	0	0	50	-1	-20
7.171	0	2398	1485	2427	1492	5.96	0.00	0.00	idle	walking	0	0	50	-1	-20
7.205	0	2398	1485	2427	1492	5.96	0.00	0.00	idle	walking	0	0	50	-1	-20
7.239	0	2398	1485	2427	1492	5.96	0.00	0.00	idle	walking	0	0	50	-1	-20
7.273	0	2398	1485	2427	1492	5.96	0.00	0.00	idle	walking	0	0	50	-1	-20
7.309	0	2398	1485	2427	1492	5.96	0.00	0.00	idle	walking	0	0	50	-1	-20
7.339	0	2398	1485	2427	1492	5.96	0.00	0.00	idle	walking	0	0	50	-1	-20
7.357	0	2398	1485	2427	1492	5.96	0.00	0.00	idle	walking	0	0	50	-1	-20
7.389	0	2398	1485	2427	1492	5.96	0.00	0.00	idle	walking	0	0	50	-1	-20
7.422	0	2398	1485	2427	1492	5.96	0.00	0.00	idle	walking	0	0	50	-1	-20
7.455	0	2398	1485	2427	1492	5.96	0.00	0.00	idle	walking	0	0	50	-1	-20
7.493	0	2398	1485	2427	1492	5.96	0.00	0.00	idle	walking	0	0	50	-1	-20
7.522	0	2398	1485	2427	1492	5.96	0.00	0.00	idle	walking	0	0	50	-1	-20
7.557	0	2398	1485	2427	1492	5.96	0.00	0.00	idle	walking	0	0	50	-1	-20
7.578	0	2398	1485	2427	1492	5.96	0.00	0.00	idle	walking	0	0	50	-1	-20
7.621	0	2398	1485	2427	1492	5.96	0.00	0.00	idle	walking	0	0	50	-1	-20
7.651	0	2398	1485	2427	1492	5.96	0.00	0.00	idle	walking	0	0	50	-1	-20
7.676	0	2398	1485	2427	1492	5.96	0.00	0.00	idle	walking	0	0	50	-1	-20
7.705	0	2398	1485	2427	1492	5.96	0.00	0.00	idle	walking	0	0	50	-1	-20
7.738	0	2398	1485	2427	1492	5.96	0.00	0.00	idle	walking	0	0	50	-1	-20
7.772	0	2398	1485	2427	1492	5.96	0.00	0.00	idle	walking	0	0	50	-1	-20
7.798	0	2398	1485	2427	1492	5.96	0.00	0.00	idle	walking	0	0	50	-1	-20
7.839	0	2398	1485	2427	1492	5.96	0.00	0.00	idle	walking	0	0	50	-1	-20
7.874	0	2398	1485	2427	1492	5.96	0.00	0.00	idle	walking	0	0	50	-1	-20
7.890	0	2398	1485	2427	1492	5.96	0.00	0.00	idle	walking	0	0	50	-1	-20
7.923	0	2398	1485	2427	1492	5.96	0.00	0.00	idle	walking	0	0	50	-1	-20
7.955	0	2398	1485	2427	1492	5.96	0.00	0.00	idle	walking	0	0	50	-1	-20
7.988	0	2398	1485	2427	1492	5.96	0.00	0.00	idle	walking	0	0	50	-1	-20
8.014	0	2398	1485	2427	1492	5.96	0.00	0.00	idle	walking	0	0	50	-1	-20
8.060	0	2398	1485	2427	1492	5.96	0.00	0.00	idle	walking	0	0	50	-1	-20
8.089	0	2398	1485	2427	1492	5.96	0.00	0.00	idle	walking	0	0	50	-1	-20
8.120	0	2398	1485	2427	1492	5.96	0.00	0.00	idle	walking	0	0	50	-1	-20
8.142	0	2398	1485	2427	1492	5.96	0.00	0.00	idle	walking	0	0	50	-1	-20
8.173	0	2398	1485	2427	1492	5.96	0.00	0.00	idle	walking	0	0	50	-1	-20
8.207	0	2398	1485	2427	1492	5.96	0.00	0.00	idle	walking	0	0	50	-1	-20
8.244	0	2398	1485	2427	1492	5.96	0.00	0.00	idle	walking	0	0	50	-1	-20
8.272	0	2398	1485	2427	1492	5.96	0.00	0.00	idle	walking	0	0	50	-1	-20
8.306	0	2398	1485	2427	1492	5.96	0.00	0.00	idle	walking	0	0	50	-1	-20
8.339	0	2398	1485	2427	1492	5.96	0.00	0.00	idle	walking	0	0	50	-1	-20
8.369	0	2398	1485	2427	1492	5.96	0.00	0.00	idle	walking	0	0	50	-1	-20
8.390	0	2398	1485	2427	1492	5.96	0.00	0.00	idle	walking	0	0	50	-1	-20
8.428	0	2398	1485	2427	1492	5.96	0.00	0.00	idle	walking	0	0	50	-1	-20
8.458	0	2398	1485	2427	1492	5.96	0.00	0.00	idle	walking	0	0	50	-1	-20
8.489	0	2398	1485	2427	1492	5.96	0.00	0.00	idle	walking	0	0	50	-1	-20
8.522	0	2398	1485	2427	1492	5.96	0.00	0.00	idle	walking	0	0	50	-1	-20
8.554	0	2398	1485	2427	1492	5.96	0.00	0.00	idle	walking	0	0	50	-1	-20
8.586	0	2398	1485	2427	1492	5.96	0.00	0.00	idle	walking	0	0	50	-1	-20
8.620	0	2398	1485	2427	1492	5.96	0.00	0.00	idle	walking	0	0	50	-1	-20
8.640	0	2398	1485	2427	1492	5.96	0.00	0.00	idle	walking	0	0	50	-1	-20
8.673	0	2398	1485	2427	1492	5.96	0.00	0.00	idle	walking	0	0	50	-1	-20
8.706	0	2398	1485	2427	1492	5.96	0.00	0.00	idle	walking	0	0	50	-1	-20
8.740	0	2398	1485	2427	1492	5.96	0.00	0.00	idle	walking	0	0	50	-1	-20
8.773	0	2398	1485	2427	1492	5.96	0.00	0.00	idle	walking	0	0	50	-1	-20
8.808	0	2398	1485	2427	1492	5.96	0.00	0.00	idle	walking	0	0	50	-1	-20
8.834	0	2398	1485	2427	1492	5.96	0.00	0.00	idle	walking	0	0	50	-1	-20
8.865	0	2398	1485	2427	1492	5.96	0.00	0.00	idle	walking	0	0	50	-1	-20
8.889	0	2398	1485	2427	1492	5.96	0.00	0.00	idle	walking	0	0	50	-1	-20
8.922	0	2398	1485	2427	1492	5.96	0.00	0.00	idle	walking	0	0	50	-1	-20
8.957	0	2398	1485	2427	1492	5.96	0.00	0.00	idle	walking	0	0	50	-1	-20
9.194	0	2398	1485	2427	1492	5.96	0.00	0.00	idle	walking	0	0	50	-1	-20
9.203	0	2398	1485	2427	1492	5.96	0.00	0.00	idle	walking	0	0	50	-1	-20
9.235	0	2398	1485	2427	1492	5.96	0.00	0.00	idle	walking	0	0	50	-1	-20
9.272	0	2398	1485	2427	1492	5.96	0.00	0.00	idle	walking	0	0	50	-1	-20
9.300	0	2398	1485	2427	1492	5.96	0.00	0.00	idle	walking	0	0	50	-1	-20
9.330	0	2398	1485	2427	1492	5.96	0.00	0.00	idle	walking	0	0	50	-1	-20
9.392	0	2398	1485	2427	1492	5.96	0.00	0.00	idle	walking	0	0	50	-1	-20
9.422	0	2398	1485	2427	1492	5.96	0.00	0.00	idle	walking	0	0	50	-1	-20
9.459	0	2398	1485	2427	1492	5.96	0.00	0.00	idle	walking	0	0	50	-1	-20
9.485	0	2398	1485	2427	1492	5.96	0.00	0.00	idle	walking	0	0	50	-1	-20
9.516	0	2398	1485	2427	1492	5.96	0.00	0.00	idle	walking	0	0	50	-1	-20
9.558	0	2398	1485	2427	1492	5.96	0.00	0.00	idle	walking	0	0	50	-1	-20
9.579	0	2398	1485	2427	1492	5.96	0.00	0.00	idle	walking	0	0	50	-1	-20
9.610	0	2398	1485	2427	1492	5.96	0.00	0.00	idle	walking	0	0	50	-1	-20
9.646	0	2398	1485	2427	1492	5.96	0.00	0.00	idle	walking	0	0	50	-1	-20
9.670	0	2398	1485	2427	1492	5.96	0.00	0.00	idle	walking	0	0	50	-1	-20
9.702	0	2398	1485	2427	1492	5.96	0.00	0.00	idle	walking	0	0	50	-1	-20
9.751	0	2398	1485	2427	1492	5.96	0.00	0.00	idle	walking	0	0	50	-1	-20
9.775	0	2398	1485	2427	1492	5.96	0.00	0.00	idle	walking	0	0	50	-1	-20
9.796	0	2398	1485	2427	1492	5.96	0.00	0.00	idle	walking	0	0	50	-1	-20
9.845	0	2398	1485	2427	1492	5.96	0.00	0.00	idle	walking	0	0	50	-1	-20
9.870	0	2398	1485	2427	1492	5.96	0.00	0.00	idle	walking	0	0	50	-1	-20
9.890	0	2398	1485	2427	1492	5.96	0.00	0.00	idle	walking	0	0	50	-1	-20
9.931	0	2398	1485	2427	1492	5.96	0.00	0.00	idle	walking	0	0	50	-1	-20
9.956	0	2398	1485	2427	1492	5.96	0.00	0.00	idle	walking	0	0	50	-1	-20
9.984	0	2398	1485	2427	1492	5.96	0.00	0.00	idle	walking	0	0	50	-1	-20
10.028	0	2398	1485	2427	1492	5.96	0.00	0.00	idle	walking	0	0	50	-1	-20
10.057	0	2398	1485	2427	1492	5.96	0.00	0.00	idle	walking	0	0	50	-1	-20
10.089	0	2398	1485	2427	1492	5.96	0.00	0.00	idle	walking	0	0	50	-1	-20
10.243	0	2398	1485	2427	1492	5.96	0.00	0.00	idle	walking	0	0	50	-1	-20
10.272	0	2398	1485	2427	1492	5.96	0.00	0.00	idle	walking	0	0	50	-1	-20
10.307	0	2398	1485	2427	1492	5.96	0.00	0.00	idle	walking	0	0	50	-1	-20
10.339	0	2398	1485	2427	1492	5.96	0.00	0.00	idle	walking	0	0	50	-1	-20
10.369	0	2398	1485	2427	1492	5.96	0.00	0.00	idle	walking	0	0	50	-1	-20
10.401	0	2398	1485	2427	1492	5.96	0.00	0.00	idle	walking	0	0	50	-1	-20
10.423	0	2398	1485	2427	1492	5.96	0.00	0.00	idle	walking	0	0	50	-1	-20
10.457	0	2398	1485	2427	1492	5.96	0.00	0.00	idle	walking	0	0	50	-1	-20
10.493	0	2398	1485	2427	1492	5.96	0.00	0.00	idle	walking	0	0	50	-1	-20
10.522	0	2398	1485	2427	1492	5.96	0.00	0.00	idle	walking	0	0	50	-1	-20
10.555	0	2398	1485	2427	1492	5.96	0.00	0.00	idle	walking	0	0	50	-1	-20
10.587	0	2398	1485	2427	1492	5.96	0.00	0.00	idle	walking	0	0	50	-1	-20
10.616	0	2398	1485	2427	1492	5.96	0.00	0.00	idle	walking	0	0	50	-1	-20
10.640	0	2398	1485	2427	1492	5.96	0.00	0.00	idle	walking	0	0	50	-1	-20
10.676	0	2398	1485	2427	1492	5.96	0.00	0.00	idle	walking	0	0	50	-1	-20
10.706	0	2398	1485	2427	1492	5.96	0.00	0.00	idle	walking	0	0	50	-1	-20
10.739	0	2398	1485	2427	1492	5.96	0.00	0.00	idle	walking	0	0	50	-1	-20
10.769	0	2398	1485	2427	1492	5.96	0.00	0.00	idle	walking	0	0	50	-1	-20
10.799	0	2398	1485	2427	1492	5.96	0.00	0.00	idle	walking	0	0	50	-1	-20
10.829	0	2398	1485	2427	1492	5.96	0.00	0.00	idle	walking	0	0	50	-1	-20
10.864	0	2398	1485	2427	1492	5.96	0.00	0.00	idle	walking	0	0	50	-1	-20
10.892	0	2398	1485	2427	1492	5.96	0.00	0.00	idle	walking	0	0	50	-1	-20
10.923	0	2398	1485	2427	1492	5.96	0.00	0.00	idle	walking	0	0	50	-1	-20
10.955	0	2398	1485	2427	1492	5.96	0.00	0.00	idle	walking	0	0	50	-1	-20
10.986	0	2398	1485	2427	1492	5.96	0.00	0.00	idle	walking	0	0	50	-1	-20
11.017	0	2398	1485	2427	1492	5.96	0.00	0.00	idle	walking	0	0	50	-1	-20
11.053	0	2398	1485	2427	1492	5.96	0.00	0.00	idle	walking	0	0	50	-1	-20
11.081	0	2398	1485	2427	1492	5.96	0.00	0.00	idle	walking	0	0	50	-1	-20
11.111	0	2398	1485	2427	1492	5.96	0.00	0.00	idle	walking	0	0	50	-1	-20
11.140	0	2398	1485	2427	1492	5.96	0.00	0.00	idle	walking	0	0	50	-1	-20
11.172	0	2398	1485	2427	1492	5.96	0.00	0.00	idle	walking	0	0	50	-1	-20
11.205	0	2398	1485	2427	1492	5.96	0.00	0.00	idle	walking	0	0	50	-1	-20
11.242	0	2398	1485	2427	1492	5.96	0.00	0.00	idle	walking	0	0	50	-1	-20
11.268	0	2398	1485	2427	1492	5.96	0.00	0.00	idle	walking	0	0	50	-1	-20
11.300	0	2398	1485	2427	1492	5.96	0.00	0.00	idle	walking	0	0	50	-1	-20
11.332	0	2398	1485	2427	1492	5.96	0.00	0.00	idle	walking	0	0	50	-1	-20
11.364	0	2398	1485	2427	1492	5.96	0.00	0.00	idle	walking	0	0	50	-1	-20
11.396	0	2398	1485	2427	1492	5.96	0.00	0.00	idle	walking	0	0	50	-1	-20
11.427	0	2398	1485	2427	1492	5.96	0.00	0.00	idle	walking	0	0	50	-1	-20
11.455	0	2398	1485	2427	1492	5.96	0.00	0.00	idle	walking	0	0	50	-1	-20
11.489	0	2398	1485	2427	1492	5.96	0.00	0.00	idle	walking	0	0	50	-1	-20
11.518	0	2398	1485	2427	1492	5.96	0.00	0.00	idle	walking	0	0	50	-1	-20
11.549	0	2398	1485	2427	1492	5.96	0.00	0.00	idle	walking	0	0	50	-1	-20
11.580	0	2398	1485	2427	1492	5.96	0.00	0.00	idle	walking	0	0	50	-1	-20
11.616	0	2398	1485	2427	1492	5.96	0.00	0.00	idle	walking	0	0	50	-1	-20
11.640	0	2398	1485	2427	1492	5.96	0.00	0.00	idle	walking	0	0	50	-1	-20
11.672	0	2398	1485	2427	1492	5.96	0.00	0.00	idle	walking	0	0	50	-1	-20
11.705	0	2398	1485	2427	1492	5.96	0.00	0.00	idle	walking	0	0	50	-1	-20
11.739	0	2398	1485	2427	1492	5.96	0.00	0.00	idle	walking	0	0	50	-1	-20
11.769	0	2398	1485	2427	1492	5.96	0.00	0.00	idle	walking	0	0	50	-1	-20
11.804	0	2398	1485	2427	1492	5.96	0.00	0.00	idle	walking	0	0	50	-1	-20
11.831	0	2398	1485	2427	1492	5.96	0.00	0.00	idle	walking	0	0	50	-1	-20
11.862	0	2398	1485	2427	1492	5.96	0.00	0.00	idle	walking	0	0	50	-1	-20
11.889	0	2398	1485	2427	1492	5.96	0.00	0.00	idle	walking	0	0	50	-1	-20
11.923	0	2398	1485	2427	1492	5.96	0.00	0.00	idle	walking	0	0	50	-1	-20
11.956	0	2398	1485	2427	1492	5.96	0.00	0.00	idle	walking	0	0	50	-1	-20
12.174	0	2398	1485	2427	1492	5.96	0.00	0.00	idle	walking	0	0	50	-1	-20
12.202	0	2398	1485	2427	1492	5.96	0.00	0.00	idle	walking	0	0	50	-1	-20
12.234	0	2398	1485	2427	1492	5.96	0.00	0.00	idle	walking	0	0	50	-1	-20
12.271	0	2398	1485	2427	1492	5.96	0.00	0.00	idle	walking	0	0	50	-1	-20
12.299	0	2398	1485	2427	1492	5.96	0.00	0.00	idle	walking	0	0	50	-1	-20
12.331	0	2398	1485	2427	1492	5.96	0.00	0.00	idle	walking	0	0	50	-1	-20
12.370	0	2398	1485	2427	1492	5.96	0.00	0.00	idle	walking	0	0	50	-1	-20
12.390	0	2398	1485	2427	1492	5.96	0.00	0.00	idle	walking	0	0	50	-1	-20
12.423	0	2398	1485	2427	1492	5.96	0.00	0.00	idle	walking	0	0	50	-1	-20
12.456	0	2398	1485	2427	1492	5.96	0.00	0.00	idle	walking	0	0	50	-1	-20
12.491	0	2398	1485	2427	1492	5.96	0.00	0.00	idle	walking	0	0	50	-1	-20
12.522	0	2398	1485	2427	1492	5.96	0.00	0.00	idle	walking	0	0	50	-1	-20
12.556	0	2398	1485	2427	1492	5.96	0.00	0.00	idle	walking	0	0	50	-1	-20
12.584	0	2398	1485	2427	1492	5.96	0.00	0.00	idle	walking	0	0	50	-1	-20
12.615	0	2398	1485	2427	1492	5.96	0.00	0.00	idle	walking	0	0	50	-1	-20
12.655	0	2398	1485	2427	1492	5.96	0.00	0.00	idle	walking	0	0	50	-1	-20
12.673	0	2398	1485	2427	1492	5.96	0.00	0.00	idle	walking	0	0	50	-1	-20
12.707	0	2398	1485	2427	1492	5.96	0.00	0.00	idle	walking	0	0	50	-1	-20
12.748	0	2398	1485	2427	1492	5.96	0.00	0.00	idle	walking	0	0	50	-1	-20
12.768	0	2398	1485	2427	1492	5.96	0.00	0.00	idle	walking	0	0	50	-1	-20
12.799	0	2398	1485	2427	1492	5.96	0.00	0.00	idle	walking	0	0	50	-1	-20
12.831	0	2398	1485	2427	1492	5.96	0.00	0.00	idle	walking	0	0	50	-1	-20
12.863	0	2398	1485	2427	1492	5.96	0.00	0.00	idle	walking	0	0	50	-1	-20
12.890	0	2398	1485	2427	1492	5.96	0.00	0.00	idle	walking	0	0	50	-1	-20
12.932	0	2398	1485	2427	1492	5.96	0.00	0.00	idle	walking	0	0	50	-1	-20
12.954	0	2398	1485	2427	1492	5.96	0.00	0.00	idle	walking	0	0	50	-1	-20
12.985	0	2398	1485	2427	1492	5.96	0.00	0.00	idle	walking	0	0	50	-1	-20
13.021	0	2398	1485	2427	1492	5.96	0.00	0.00	idle	walking	0	0	50	-1	-20
13.047	0	2398	1485	2427	1492	5.96	0.00	0.00	idle	walking	0	0	50	-1	-20
13.078	0	2398	1485	2427	1492	5.96	0.00	0.00	idle	walking	0	0	50	-1	-20
13.119	0	2398	1485	2427	1492	5.96	0.00	0.00	idle	walking	0	0	50	-1	-20
13.140	0	2398	1485	2427	1492	5.96	0.00	0.00	idle	walking	0	0	50	-1	-20
13.172	0	2398	1485	2427	1492	5.96	0.00	0.00	idle	walking	0	0	50	-1	-20
13.211	0	2398	1485	2427	1492	5.96	0.00	0.00	idle	walking	0	0	50	-1	-20
13.236	0	2398	1485	2427	1492	5.96	0.00	0.00	idle	walking	0	0	50	-1	-20
13.266	0	2398	1485	2427	1492	5.96	0.00	0.00	idle	walking	0	0	50	-1	-20
13.308	0	2398	1485	2427	1492	5.96	0.00	0.00	idle	walking	0	0	50	-1	-20
13.328	0	2398	1485	2427	1492	5.96	0.00	0.00	idle	walking	0	0	50	-1	-20
13.361	0	2398	1485	2427	1492	5.96	0.00	0.00	idle	walking	0	0	50	-1	-20
13.392	0	2398	1485	2427	1492	5.96	0.00	0.00	idle	walking	0	0	50	-1	-20
13.423	0	2398	1485	2427	1492	5.96	0.00	0.00	idle	walking	0	0	50	-1	-20
13.455	0	2398	1485	2427	1492	5.96	0.00	0.00	idle	walking	0	0	50	-1	-20
13.489	0	2398	1485	2427	1492	5.96	0.00	0.00	idle	walking	0	0	50	-1	-20
13.518	0	2398	1485	2427	1492	5.96	0.00	0.00	idle	walking	0	0	50	-1	-20
13.549	0	2398	1485	2427	1492	5.96	0.00	0.00	idle	walking	0	0	50	-1	-20
13.581	0	2398	1485	2427	1492	5.96	0.00	0.00	idle	walking	0	0	50	-1	-20
13.611	0	2398	1485	2427	1492	5.96	0.00	0.00	idle	walking	0	0	50	-1	-20
13.640	0	2398	1485	2427	1492	5.96	0.00	0.00	idle	walking	0	0	50	-1	-20
13.678	0	2398	1485	2427	1492	5.96	0.00	0.00	idle	walking	0	0	50	-1	-20
13.703	0	2398	1485	2427	1492	5.96	0.00	0.00	idle	walking	0	0	50	-1	-20
13.734	0	2398	1485	2427	1492	5.96	0.00	0.00	idle	walking	0	0	50	-1	-20
13.766	0	2398	1485	2427	1492	5.96	0.00	0.00	idle	walking	0	0	50	-1	-20
13.797	0	2398	1485	2427	1492	5.96	0.00	0.00	idle	walking	0	0	50	-1	-20
13.827	0	2398	1485	2427	1492	5.96	0.00	0.00	idle	walking	0	0	50	-1	-20
13.865	0	2398	1485	2427	1492	5.96	0.00	0.00	idle	walking	0	0	50	-1	-20
13.891	0	2398	1485	2427	1492	5.96	0.00	0.00	idle	walking	0	0	50	-1	-20
13.923	0	2398	1485	2427	1492	5.96	0.00	0.00	idle	walking	0	0	50	-1	-20
13.955	0	2398	1485	2427	1492	5.96	0.00	0.00	idle	walking	0	0	50	-1	-20
13.986	0	2398	1485	2427	1492	5.96	0.00	0.00	idle	walking	0	0	50	-1	-20
14.015	0	2398	1485	2427	1492	5.96	0.00	0.00	idle	walking	0	0	50	-1	-20
14.052	0	2398	1485	2427	1492	5.96	0.00	0.00	idle	walking	0	0	50	-1	-20
14.076	0	2398	1485	2427	1492	5.96	0.00	0.00	idle	walking	0	0	50	-1	-20
14.108	0	2398	1485	2427	1492	5.96	0.00	0.00	idle	walking	0	0	50	-1	-20
14.140	0	2398	1485	2427	1492	5.96	0.00	0.00	idle	walking	0	0	50	-1	-20
14.172	0	2398	1485	2427	1492	5.96	0.00	0.00	idle	walking	0	0	50	-1	-20
14.202	0	2398	1485	2427	1492	5.96	0.00	0.00	idle	walking	0	0	50	-1	-20
14.239	0	2398	1485	2427	1492	5.96	0.00	0.00	idle	walking	0	0	50	-1	-20
14.265	0	2398	1485	2427	1492	5.96	0.00	0.00	idle	walking	0	0	50	-1	-20
14.300	0	2398	1485	2427	1492	5.96	0.00	0.00	idle	walking	0	0	50	-1	-20
14.328	0	2398	1485	2427	1492	5.96	0.00	0.00	idle	walking	0	0	50	-1	-20
14.359	0	2398	1485	2427	1492	5.96	0.00	0.00	idle	walking	0	0	50	-1	-20
14.390	0	2398	1485	2427	1492	5.96	0.00	0.00	idle	walking	0	0	50	-1	-20
14.426	0	2398	1485	2427	1492	5.96	0.00	0.00	idle	walking	0	0	50	-1	-20
14.452	0	2398	1485	2427	1492	5.96	0.00	0.00	idle	walking	0	0	50	-1	-20
14.484	0	2398	1485	2427	1492	5.96	0.00	0.00	idle	walking	0	0	50	-1	-20
14.517	0	2398	1485	2427	1492	5.96	0.00	0.00	idle	walking	0	0	50	-1	-20
14.546	0	2398	1485	2427	1492	5.96	0.00	0.00	idle	walking	0	0	50	-1	-20
14.577	0	2398	1485	2427	1492	5.96	0.00	0.00	idle	walking	0	0	50	-1	-20
14.627	0	2398	1485	2427	1492	5.96	0.00	0.00	idle	walking	0	0	50	-1	-20
14.640	0	2398	1485	2427	1492	5.96	0.00	0.00	idle	walking	0	0	50	-1	-20
14.672	0	2398	1485	2427	1492	5.96	0.00	0.00	idle	walking	0	0	50	-1	-20
14.705	0	2398	1485	2427	1492	5.96	0.00	0.00	idle	walking	0	0	50	-1	-20
14.740	0	2398	1485	2427	1492	5.96	0.00	0.00	idle	walking	0	0	50	-1	-20
14.772	0	2398	1485	2427	1492	5.96	0.00	0.00	idle	walking	0	0	50	-1	-20
14.809	0	2398	1485	2427	1492	5.96	0.00	0.00	idle	walking	0	0	50	-1	-20
14.839	0	2398	1485	2427	1492	5.96	0.00	0.00	idle	walking	0	0	50	-1	-20
14.872	0	2398	1485	2427	1492	5.96	0.00	0.00	idle	walking	0	0	50	-1	-20
14.889	0	2398	1485	2427	1492	5.96	0.00	0.00	idle	walking	0	0	50	-1	-20
14.923	0	2398	1485	2427	1492	5.96	0.00	0.00	idle	walking	0	0	50	-1	-20
14.956	0	2398	1485	2427	1492	5.96	0.00	0.00	idle	walking	0	0	50	-1	-20
15.045	0	1211	717	2427	1492	5.96	0.00	0.00	idle	walking	0	0	51	-1237	-775
15.078	0	1211	717	2427	1492	5.96	0.00	0.00	idle	walking	0	0	51	-1237	-775
15.131	0	1211	717	2427	1492	5.96	0.00	0.00	idle	walking	0	0	51	-1237	-775
15.179	0	1211	717	2427	1492	5.96	0.00	0.00	idle	walking	0	0	51	-1237	-775
15.214	0	1211	717	2427	1492	5.96	0.00	0.00	idle	walking	0	0	51	-1237	-775
15.255	0	1211	717	2427	1492	5.96	0.00	0.00	idle	walking	0	0	51	-1237	-775
15.301	0	1211	717	2427	1492	5.96	0.00	0.00	idle	walking	0	0	51	-1237	-775
15.343	0	1211	717	2427	1492	5.96	0.00	0.00	idle	walking	0	0	51	-1237	-775
15.378	0	1211	717	2427	1492	5.96	0.00	0.00	idle	walking	0	0	51	-1237	-775
15.413	0	1211	717	2427	1492	5.96	0.00	0.00	idle	walking	0	0	51	-1237	-775
15.455	0	1211	717	2427	1492	5.96	0.00	0.00	idle	walking	0	0	51	-1237	-775
15.493	0	1211	717	2427	1492	5.96	0.00	0.00	idle	walking	0	0	51	-1237	-775
15.533	0	1211	717	2427	1492	5.96	0.00	0.00	idle	walking	0	0	51	-1237	-775
15.574	0	1211	717	2427	1492	5.96	0.00	0.00	idle	walking	0	0	51	-1237	-775
15.610	0	1211	717	2427	1492	5.96	0.00	0.00	idle	walking	0	0	51	-1237	-775
15.681	0	1211	717	2427	1492	5.96	0.00	0.00	idle	walking	0	0	51	-1237	-775
15.724	0	1211	717	2427	1492	5.96	0.00	0.00	idle	walking	0	0	51	-1237	-775
15.757	0	1211	717	2427	1492	5.96	0.00	0.00	idle	walking	0	0	51	-1237	-775
15.792	0	1211	717	2427	1492	5.96	0.00	0.00	idle	walking	0	0	51	-1237	-775
15.832	0	1211	717	2427	1492	5.96	0.00	0.00	idle	walking	0	0	51	-1237	-775
15.874	0	1211	717	2427	1492	5.96	0.00	0.00	idle	walking	0	0	51	-1237	-775
15.914	0	1211	717	2427	1492	5.96	0.00	0.00	idle	walking	0	0	51	-1237	-775
15.958	0	1211	717	2427	1492	5.96	0.00	0.00	idle	walking	0	0	51	-1237	-775
16.000	0	1211	717	2427	1492	5.96	0.00	0.00	idle	walking	0	0	51	-1237	-775
16.041	0	1211	717	2427	1492	5.96	0.00	0.00	idle	walking	0	0	51	-1237	-775
16.077	0	1211	717	2427	1492	5.96	0.00	0.00	idle	walking	0	0	51	-1237	-775
16.161	0	1211	717	2427	1492	5.96	0.00	0.00	idle	walking	0	0	51	-1237	-775
16.229	0	1211	717	2427	1492	5.96	0.00	0.00	idle	walking	0	0	51	-1237	-775
16.268	0	1211	717	2427	1492	5.96	0.00	0.00	idle	walking	0	0	51	-1237	-775
16.325	0	1211	717	2427	1492	5.96	0.00	0.00	idle	walking	0	0	51	-1237	-775
16.361	0	1211	717	2427	1492	5.96	0.00	0.00	idle	walking	0	0	51	-1237	-775
16.408	0	1211	717	2427	1492	5.96	0.00	0.00	idle	walking	0	0	51	-1237	-775
16.443	0	1211	717	2427	1492	5.96	0.00	0.00	idle	walking	0	0	51	-1237	-775
16.486	0	1211	717	2427	1492	5.96	0.00	0.00	idle	walking	0	0	51	-1237	-775
16.531	0	1211	717	2427	1492	5.96	0.00	0.00	idle	walking	0	0	51	-1237	-775
16.574	0	1211	717	2427	1492	5.96	0.00	0.00	idle	walking	0	0	51	-1237	-775
16.617	0	1211	717	2427	1492	5.96	0.00	0.00	idle	walking	0	0	51	-1237	-775
16.658	0	1211	717	2427	1492	5.96	0.00	0.00	idle	walking	0	0	51	-1237	-775
16.704	0	1211	717	2427	1492	5.96	0.00	0.00	idle	walking	0	0	51	-1237	-775
16.748	0	1211	717	2427	1492	5.96	0.00	0.00	idle	walking	0	0	51	-1237	-775
16.790	0	1211	717	2427	1492	5.96	0.00	0.00	idle	walking	0	0	51	-1237	-775
16.825	0	1211	717	2427	1492	5.96	0.00	0.00	idle	walking	0	0	51	-1237	-775
16.866	0	1211	717	2427	1492	5.96	0.00	0.00	idle	walking	0	0	51	-1237	-775
16.907	0	1211	717	2427	1492	5.96	0.00	0.00	idle	walking	0	0	51	-1237	-775
16.944	0	1211	717	2427	1492	5.96	0.00	0.00	idle	walking	0	0	51	-1237	-775
16.985	0	1211	717	2427	1492	5.96	0.00	0.00	idle	walking	0	0	51	-1237	-775
17.032	0	1211	717	2427	1492	5.96	0.00	0.00	idle	walking	0	0	51	-1237	-775
17.081	0	1211	717	2427	1492	5.96	0.00	0.00	idle	walking	0	0	51	-1237	-775
17.124	0	1211	717	2427	1492	5.96	0.00	0.00	idle	walking	0	0	51	-1237	-775
17.168	0	1211	717	2427	1492	5.96	0.00	0.00	idle	walking	0	0	51	-1237	-775
17.204	0	1211	717	2427	1492	5.96	0.00	0.00	idle	walking	0	0	51	-1237	-775
17.248	0	1211	717	2427	1492	5.96	0.00	0.00	idle	walking	0	0	51	-1237	-775
17.288	0	1211	717	2427	1492	5.96	0.00	0.00	idle	walking	0	0	51	-1237	-775
17.325	0	1211	717	2427	1492	5.96	0.00	0.00	idle	walking	0	0	51	-1237	-775
17.361	0	1211	717	2427	1492	5.96	0.00	0.00	idle	walking	0	0	51	-1237	-775
17.395	0	1211	717	2427	1492	5.96	0.00	0.00	idle	walking	0	0	51	-1237	-775
17.430	0	1211	717	2427	1492	5.96	0.00	0.00	idle	walking	0	0	51	-1237	-775
17.470	0	1211	717	2427	1492	5.96	0.00	0.00	idle	walking	0	0	51	-1237	-775
17.504	0	1211	717	2427	1492	5.96	0.00	0.00	idle	walking	0	0	51	-1237	-775
17.537	0	1211	717	2427	1492	5.96	0.00	0.00	idle	walking	0	0	51	-1237	-775
17.572	0	1211	717	2427	1492	5.96	0.00	0.00	idle	walking	0	0	51	-1237	-775
17.607	0	1211	717	2427	1492	5.96	0.00	0.00	idle	walking	0	0	51	-1237	-775
17.644	0	1211	717	2427	1492	5.96	0.00	0.00	idle	walking	0	0	51	-1237	-775
17.687	0	1211	717	2427	1492	5.96	0.00	0.00	idle	walking	0	0	51	-1237	-775
17.722	0	1211	717	2427	1492	5.96	0.00	0.00	idle	walking	0	0	51	-1237	-775
17.756	0	1211	717	2427	1492	5.96	0.00	0.00	idle	walking	0	0	51	-1237	-775
17.791	0	1211	717	2427	1492	5.96	0.00	0.00	idle	walking	0	0	51	-1237	-775
17.825	0	1211	717	2427	1492	5.96	0.00	0.00	idle	walking	0	0	51	-1237	-775
17.895	0	1211	717	2427	1492	5.96	0.00	0.00	idle	walking	0	0	51	-1237	-775
17.928	0	1211	717	2427	1492	5.96	0.00	0.00	idle	walking	0	0	51	-1237	-775
17.962	0	1211	717	2427	1492	5.96	0.00	0.00	idle	walking	0	0	51	-1237	-775
17.995	0	1211	717	2427	1492	5.96	0.00	0.00	idle	walking	0	0	51	-1237	-775
18.033	0	1211	717	2427	1492	5.96	0.00	0.00	idle	walking	0	0	51	-1237	-775
18.067	0	1211	717	2427	1492	5.96	0.00	0.00	idle	walking	0	0	51	-1237	-775
18.104	0	1211	717	2427	1492	5.96	0.00	0.00	idle	walking	0	0	51	-1237	-775
18.140	0	1211	717	2427	1492	5.96	0.00	0.00	idle	walking	0	0	51	-1237	-775
18.175	0	1211	717	2427	1492	5.96	0.00	0.00	idle	walking	0	0	51	-1237	-775
18.216	0	1211	717	2427	1492	5.96	0.00	0.00	idle	walking	0	0	51	-1237	-775
18.250	0	1211	717	2427	1492	5.96	0.00	0.00	idle	walking	0	0	51	-1237	-775
18.284	0	1211	717	2427	1492	5.96	0.00	0.00	idle	walking	0	0	51	-1237	-775
18.319	0	1211	717	2427	1492	5.96	0.00	0.00	idle	walking	0	0	51	-1237	-775
18.355	0	1211	717	2427	1492	5.96	0.00	0.00	idle	walking	0	0	51	-1237	-775
18.388	0	1211	717	2427	1492	5.96	0.00	0.00	idle	walking	0	0	51	-1237	-775
18.426	0	1211	717	2427	1492	5.96	0.00	0.00	idle	walking	0	0	51	-1237	-775
18.460	0	1211	717	2427	1492	5.96	0.00	0.00	idle	walking	0	0	51	-1237	-775
18.495	0	1211	717	2427	1492	5.96	0.00	0.00	idle	walking	0	0	51	-1237	-775
18.529	0	1211	717	2427	1492	5.96	0.00	0.00	idle	walking	0	0	51	-1237	-775
18.565	0	1211	717	2427	1492	5.96	0.00	0.00	idle	walking	0	0	51	-1237	-775
18.603	0	1211	717	2427	1492	5.96	0.00	0.00	idle	walking	0	0	51	-1237	-775
18.638	0	1211	717	2427	1492	5.96	0.00	0.00	idle	walking	0	0	51	-1237	-775
18.703	0	1211	717	2427	1492	5.96	0.00	0.00	idle	walking	0	0	51	-1237	-775
18.768	0	1211	717	2427	1492	5.96	0.00	0.00	idle	walking	0	0	51	-1237	-775
18.808	0	1211	717	2427	1492	5.96	0.00	0.00	idle	walking	0	0	51	-1237	-775
18.842	0	1211	717	2427	1492	5.96	0.00	0.00	idle	walking	0	0	51	-1237	-775
18.875	0	1211	717	2427	1492	5.96	0.00	0.00	idle	walking	0	0	51	-1237	-775
19.079	0	1211	717	2427	1492	5.96	0.00	0.00	idle	walking	0	0	51	-1237	-775
19.110	0	1211	717	2427	1492	5.96	0.00	0.00	idle	walking	0	0	51	-1237	-775
19.140	0	1211	717	2427	1492	5.96	0.00	0.00	idle	walking	0	0	51	-1237	-775
19.172	0	1211	717	2427	1492	5.96	0.00	0.00	idle	walking	0	0	51	-1237	-775
19.205	0	1211	717	2427	1492	5.96	0.00	0.00	idle	walking	0	0	51	-1237	-775
19.240	0	1211	717	2427	1492	5.96	0.00	0.00	idle	walking	0	0	51	-1237	-775
19.272	0	1211	717	2427	1492	5.96	0.00	0.00	idle	walking	0	0	51	-1237	-775
19.306	0	1211	717	2427	1492	5.96	0.00	0.00	idle	walking	0	0	51	-1237	-775
19.327	0	1211	717	2427	1492	5.96	0.00	0.00	idle	walking	0	0	51	-1237	-775
19.368	0	1211	717	2427	1492	5.96	0.00	0.00	idle	walking	0	0	51	-1237	-775
19.400	0	1211	717	2427	1492	5.96	0.00	0.00	idle	walking	0	0	51	-1237	-775
19.424	0	1211	717	2427	1492	5.96	0.00	0.00	idle	walking	0	0	51	-1237	-775
19.456	0	1211	717	2427	1492	5.96	0.00	0.00	idle	walking	0	0	51	-1237	-775
19.489	0	1211	717	2427	1492	5.96	0.00	0.00	idle	walking	0	0	51	-1237	-775
19.523	0	1211	717	2427	1492	5.96	0.00	0.00	idle	walking	0	0	51	-1237	-775
19.547	0	1211	717	2427	1492	5.96	0.00	0.00	idle	walking	0	0	51	-1237	-775
19.588	0	1211	717	2427	1492	5.96	0.00	0.00	idle	walking	0	0	51	-1237	-775
19.621	0	1211	717	2427	1492	5.96	0.00	0.00	idle	walking	0	0	51	-1237	-775
19.652	0	1211	717	2427	1492	5.96	0.00	0.00	idle	walking	0	0	51	-1237	-775
19.673	0	1211	717	2427	1492	5.96	0.00	0.00	idle	walking	0	0	51	-1237	-775
19.706	0	1211	717	2427	1492	5.96	0.00	0.00	idle	walking	0	0	51	-1237	-775
19.740	0	1211	717	2427	1492	5.96	0.00	0.00	idle	walking	0	0	51	-1237	-775
19.772	0	1211	717	2427	1492	5.96	0.00	0.00	idle	walking	0	0	51	-1237	-775
19.805	0	1211	717	2427	1492	5.96	0.00	0.00	idle	walking	0	0	51	-1237	-775
19.839	0	1211	717	2427	1492	5.96	0.00	0.00	idle	walking	0	0	51	-1237	-775
19.871	0	1211	717	2427	1492	5.96	0.00	0.00	idle	walking	0	0	51	-1237	-775
19.889	0	1211	717	2427	1492	5.96	0.00	0.00	idle	walking	0	0	51	-1237	-775
19.922	0	1211	717	2427	1492	5.96	0.00	0.00	idle	walking	0	0	51	-1237	-775
19.955	0	1211	717	2427	1492	5.96	0.00	0.00	idle	walking	0	0	51	-1237	-775
19.990	0	1211	717	2427	1492	5.96	0.00	0.00	idle	walking	0	0	51	-1237	-775
20.022	0	1211	717	2427	1492	5.96	0.00	0.00	idle	walking	0	0	51	-1237	-775
20.055	0	1211	717	2427	1492	5.96	0.00	0.00	idle	walking	0	0	51	-1237	-775
20.091	0	1211	717	2427	1492	5.96	0.00	0.00	idle	walking	0	0	51	-1237	-775
20.222	0	1211	717	2427	1492	5.96	0.00	0.00	idle	walking	0	0	51	-1237	-775
20.239	0	1211	717	2427	1492	5.96	0.00	0.00	idle	walking	0	0	51	-1237	-775
20.306	0	1211	717	2427	1492	5.96	0.00	0.00	idle	walking	0	0	51	-1237	-775
20.340	0	1211	717	2427	1492	5.96	0.00	0.00	idle	walking	0	0	51	-1237	-775
20.373	0	1211	717	2427	1492	5.96	0.00	0.00	idle	walking	0	0	51	-1237	-775
20.389	0	1211	717	2427	1492	5.96	0.00	0.00	idle	walking	0	0	51	-1237	-775
20.424	0	1211	717	2427	1492	5.96	0.00	0.00	idle	walking	0	0	51	-1237	-775
20.456	0	1211	717	2427	1492	5.96	0.00	0.00	idle	walking	0	0	51	-1237	-775
20.489	0	1211	717	2427	1492	5.96	0.00	0.00	idle	walking	0	0	51	-1237	-775
20.523	0	1211	717	2427	1492	5.96	0.00	0.00	idle	walking	0	0	51	-1237	-775
20.556	0	1211	717	2427	1492	5.96	0.00	0.00	idle	walking	0	0	51	-1237	-775
20.588	0	1211	717	2427	1492	5.96	0.00	0.00	idle	walking	0	0	51	-1237	-775
20.622	0	1211	717	2427	1492	5.96	0.00	0.00	idle	walking	0	0	51	-1237	-775
20.640	0	1211	717	2427	1492	5.96	0.00	0.00	idle	walking	0	0	51	-1237	-775
20.674	0	1211	717	2427	1492	5.96	0.00	0.00	idle	walking	0	0	51	-1237	-775
20.705	0	1211	717	2427	1492	5.96	0.00	0.00	idle	walking	0	0	51	-1237	-775
20.740	0	1211	717	2427	1492	5.96	0.00	0.00	idle	walking	0	0	51	-1237	-775
20.773	0	1211	717	2427	1492	5.96	0.00	0.00	idle	walking	0	0	51	-1237	-775
20.807	0	1211	717	2427	1492	5.96	0.00	0.00	idle	walking	0	0	51	-1237	-775
20.830	0	1211	717	2427	1492	5.96	0.00	0.00	idle	walking	0	0	51	-1237	-775
20.861	0	1211	717	2427	1492	5.96	0.00	0.00	idle	walking	0	0	51	-1237	-775
20.891	0	1211	717	2427	1492	5.96	0.00	0.00	idle	walking	0	0	51	-1237	-775
20.924	0	1211	717	2427	1492	5.96	0.00	0.00	idle	walking	0	0	51	-1237	-775
20.957	0	1211	717	2427	1492	5.96	0.00	0.00	idle	walking	0	0	51	-1237	-775
21.134	0	1211	717	2427	1492	5.96	0.00	0.00	idle	walking	0	0	51	-1237	-775
21.172	0	1211	717	2427	1492	5.96	0.00	0.00	idle	walking	0	0	51	-1237	-775
21.208	0	1211	717	2427	1492	5.96	0.00	0.00	idle	walking	0	0	51	-1237	-775
21.241	0	1211	717	2427	1492	5.96	0.00	0.00	idle	walking	0	0	51	-1237	-775
21.275	0	1211	717	2427	1492	5.96	0.00	0.00	idle	walking	0	0	51	-1237	-775
21.298	0	1211	717	2427	1492	5.96	0.00	0.00	idle	walking	0	0	51	-1237	-775
21.338	0	1211	717	2427	1492	5.96	0.00	0.00	idle	walking	0	0	51	-1237	-775
21.369	0	1211	717	2427	1492	5.96	0.00	0.00	idle	walking	0	0	51	-1237	-775
21.401	0	1211	717	2427	1492	5.96	0.00	0.00	idle	walking	0	0	51	-1237	-775
21.423	0	1211	717	2427	1492	5.96	0.00	0.00	idle	walking	0	0	51	-1237	-775
21.456	0	1211	717	2427	1492	5.96	0.00	0.00	idle	walking	0	0	51	-1237	-775
21.489	0	1211	717	2427	1492	5.96	0.00	0.00	idle	walking	0	0	51	-1237	-775
21.522	0	1211	717	2427	1492	5.96	0.00	0.00	idle	walking	0	0	51	-1237	-775
21.554	0	1211	717	2427	1492	5.96	0.00	0.00	idle	walking	0	0	51	-1237	-775
21.586	0	1211	717	2427	1492	5.96	0.00	0.00	idle	walking	0	0	51	-1237	-775
21.619	0	1211	717	2427	1492	5.96	0.00	0.00	idle	walking	0	0	51	-1237	-775
21.641	0	1211	717	2427	1492	5.96	0.00	0.00	idle	walking	0	0	51	-1237	-775
21.674	0	1211	717	2427	1492	5.96	0.00	0.00	idle	walking	0	0	51	-1237	-775
21.708	0	1211	717	2427	1492	5.96	0.00	0.00	idle	walking	0	0	51	-1237	-775
21.734	0	1211	717	2427	1492	5.96	0.00	0.00	idle	walking	0	0	51	-1237	-775
21.772	0	1211	717	2427	1492	5.96	0.00	0.00	idle	walking	0	0	51	-1237	-775
21.805	0	1211	717	2427	1492	5.96	0.00	0.00	idle	walking	0	0	51	-1237	-775
21.835	0	1211	717	2427	1492	5.96	0.00	0.00	idle	walking	0	0	51	-1237	-775
21.865	0	1211	717	2427	1492	5.96	0.00	0.00	idle	walking	0	0	51	-1237	-775
21.899	0	1211	717	2427	1492	5.96	0.00	0.00	idle	walking	0	0	51	-1237	-775
21.923	0	1211	717	2427	1492	5.96	0.00	0.00	idle	walking	0	0	51	-1237	-775
21.955	0	1211	717	2427	1492	5.96	0.00	0.00	idle	walking	0	0	51	-1237	-775
21.991	0	1211	717	2427	1492	5.96	0.00	0.00	idle	walking	0	0	51	-1237	-775
22.021	0	1211	717	2427	1492	5.96	0.00	0.00	idle	walking	0	0	51	-1237	-775
22.055	0	1211	717	2427	1492	5.96	0.00	0.00	idle	walking	0	0	51	-1237	-775
22.083	0	1211	717	2427	1492	5.96	0.00	0.00	idle	walking	0	0	51	-1237	-775
22.115	0	1211	717	2427	1492	5.96	0.00	0.00	idle	walking	0	0	51	-1237	-775
22.145	0	1211	717	2427	1492	5.96	0.00	0.00	idle	walking	0	0	51	-1237	-775
22.175	0	1211	717	2427	1492	5.96	0.00	0.00	idle	walking	0	0	51	-1237	-775
22.206	0	1211	717	2427	1492	5.96	0.00	0.00	idle	walking	0	0	51	-1237	-775
22.241	0	1211	717	2427	1492	5.96	0.00	0.00	idle	walking	0	0	51	-1237	-775
22.272	0	1211	717	2427	1492	5.96	0.00	0.00	idle	walking	0	0	51	-1237	-775
22.305	0	1211	717	2427	1492	5.96	0.00	0.00	idle	walking	0	0	51	-1237	-775
22.335	0	1211	717	2427	1492	5.96	0.00	0.00	idle	walking	0	0	51	-1237	-775
22.367	0	1211	717	2427	1492	5.96	0.00	0.00	idle	walking	0	0	51	-1237	-775
22.394	0	1211	717	2427	1492	5.96	0.00	0.00	idle	walking	0	0	51	-1237	-775
22.425	0	1211	717	2427	1492	5.96	0.00	0.00	idle	walking	0	0	51	-1237	-775
22.456	0	1211	717	2427	1492	5.96	0.00	0.00	idle	walking	0	0	51	-1237	-775
22.488	0	1211	717	2427	1492	5.96	0.00	0.00	idle	walking	0	0	51	-1237	-775
22.521	0	1211	717	2427	1492	5.96	0.00	0.00	idle	walking	0	0	51	-1237	-775
22.555	0	1211	717	2427	1492	5.96	0.00	0.00	idle	walking	0	0	51	-1237	-775
22.584	0	1211	717	2427	1492	5.96	0.00	0.00	idle	walking	0	0	51	-1237	-775
22.615	0	1211	717	2427	1492	5.96	0.00	0.00	idle	walking	0	0	51	-1237	-775
22.640	0	1211	717	2427	1492	5.96	0.00	0.00	idle	walking	0	0	51	-1237	-775
22.672	0	1211	717	2427	1492	5.96	0.00	0.00	idle	walking	0	0	51	-1237	-775
22.705	0	1211	717	2427	1492	5.96	0.00	0.00	idle	walking	0	0	51	-1237	-775
22.740	0	1211	717	2427	1492	5.96	0.00	0.00	idle	walking	0	0	51	-1237	-775
22.771	0	1211	717	2427	1492	5.96	0.00	0.00	idle	walking	0	0	51	-1237	-775
22.802	0	1211	717	2427	1492	5.96	0.00	0.00	idle	walking	0	0	51	-1237	-775
22.834	0	1211	717	2427	1492	5.96	0.00	0.00	idle	walking	0	0	51	-1237	-775
22.865	0	1211	717	2427	1492	5.96	0.00	0.00	idle	walking	0	0	51	-1237	-775
22.896	0	1211	717	2427	1492	5.96	0.00	0.00	idle	walking	0	0	51	-1237	-775
22.923	0	1211	717	2427	1492	5.96	0.00	0.00	idle	walking	0	0	51	-1237	-775
22.956	0	1211	717	2427	1492	5.96	0.00	0.00	idle	walking	0	0	51	-1237	-775
22.988	0	1211	717	2427	1492	5.96	0.00	0.00	idle	walking	0	0	51	-1237	-775
23.021	0	1211	717	2427	1492	5.96	0.00	0.00	idle	walking	0	0	51	-1237	-775
23.053	0	1211	717	2427	1492	5.96	0.00	0.00	idle	walking	0	0	51	-1237	-775
23.083	0	1211	717	2427	1492	5.96	0.00	0.00	idle	walking	0	0	51	-1237	-775
23.116	0	1211	717	2427	1492	5.96	0.00	0.00	idle	walking	0	0	51	-1237	-775
23.140	0	1211	717	2427	1492	5.96	0.00	0.00	idle	walking	0	0	51	-1237	-775
23.173	0	1211	717	2427	1492	5.96	0.00	0.00	idle	walking	0	0	51	-1237	-775
23.207	0	1211	717	2427	1492	5.96	0.00	0.00	idle	walking	0	0	51	-1237	-775
23.238	0	1211	717	2427	1492	5.96	0.00	0.00	idle	walking	0	0	51	-1237	-775
23.267	0	1211	717	2427	1492	5.96	0.00	0.00	idle	walking	0	0	51	-1237	-775
23.297	0	1211	717	2427	1492	5.96	0.00	0.00	idle	walking	0	0	51	-1237	-775
23.329	0	1211	717	2427	1492	5.96	0.00	0.00	idle	walking	0	0	51	-1237	-775
23.361	0	1211	717	2427	1492	5.96	0.00	0.00	idle	walking	0	0	51	-1237	-775
23.391	0	1211	717	2427	1492	5.96	0.00	0.00	idle	walking	0	0	51	-1237	-775
23.422	0	1211	717	2427	1492	5.96	0.00	0.00	idle	walking	0	0	51	-1237	-775
23.452	0	1211	717	2427	1492	5.96	0.00	0.00	idle	walking	0	0	51	-1237	-775
23.487	0	1211	717	2427	1492	5.96	0.00	0.00	idle	walking	0	0	51	-1237	-775
23.519	0	1211	717	2427	1492	5.96	0.00	0.00	idle	walking	0	0	51	-1237	-775
23.547	0	1211	717	2427	1492	5.96	0.00	0.00	idle	walking	0	0	51	-1237	-775
23.581	0	1211	717	2427	1492	5.96	0.00	0.00	idle	walking	0	0	51	-1237	-775
23.610	0	1211	717	2427	1492	5.96	0.00	0.00	idle	walking	0	0	51	-1237	-775
23.641	0	1211	717	2427	1492	5.96	0.00	0.00	idle	walking	0	0	51	-1237	-775
23.674	0	1211	717	2427	1492	5.96	0.00	0.00	idle	walking	0	0	51	-1237	-775
23.704	0	1211	717	2427	1492	5.96	0.00	0.00	idle	walking	0	0	51	-1237	-775
23.736	0	1211	717	2427	1492	5.96	0.00	0.00	idle	walking	0	0	51	-1237	-775
23.768	0	1211	717	2427	1492	5.96	0.00	0.00	idle	walking	0	0	51	-1237	-775
23.800	0	1211	717	2427	1492	5.96	0.00	0.00	idle	walking	0	0	51	-1237	-775
23.832	0	1211	717	2427	1492	5.96	0.00	0.00	idle	walking	0	0	51	-1237	-775
23.859	0	1211	717	2427	1492	5.96	0.00	0.00	idle	walking	0	0	51	-1237	-775
23.892	0	1211	717	2427	1492	5.96	0.00	0.00	idle	walking	0	0	51	-1237	-775
23.924	0	1211	717	2427	1492	5.96	0.00	0.00	idle	walking	0	0	51	-1237	-775
23.957	0	1211	717	2427	1492	5.96	0.00	0.00	idle	walking	0	0	51	-1237	-775
24.229	1	1209	716	175	5	5.96	-1.87	-0.93	walk_left	walking	0	0	52	-2	-1
24.269	1	1256	721	175	5	5.96	-2.61	-1.74	walk_left	walking	0	0	53	47	5
24.301	1	1253	719	175	5	5.96	-3.04	-2.03	walk_left	walking	0	0	54	-3	-2
24.329	1	1250	717	175	5	5.96	-3.26	-2.17	walk_left	walking	0	0	55	-3	-2
24.373	1	1247	715	175	5	5.96	-3.36	-2.24	walk_left	walking	0	0	56	-3	-2
24.392	1	1244	713	175	5	5.96	-3.42	-2.28	walk_left	walking	0	0	57	-3	-2
24.425	1	1241	711	175	5	5.96	-3.45	-2.30	walk_left	walking	0	0	58	-3	-2
24.466	1	1238	709	175	5	5.96	-3.46	-2.31	walk_left	walking	0	0	59	-3	-2
24.487	1	1235	707	175	5	5.96	-3.47	-2.31	walk_left	walking	0	0	60	-3	-2
24.522	1	1232	705	175	5	5.96	-3.47	-2.31	walk_left	walking	0	0	61	-3	-2
24.562	1	1229	703	175	5	5.96	-3.47	-2.31	walk_left	walking	0	0	62	-3	-2
24.583	1	1226	701	175	5	5.96	-3.47	-2.32	walk_left	walking	0	0	63	-3	-2
24.612	1	1223	699	175	5	5.96	-3.47	-2.32	walk_left	walking	0	0	64	-3	-2
24.646	1	1220	697	175	5	5.96	-3.47	-2.32	walk_left	walking	0	0	65	-3	-2
24.673	1	1217	695	175	5	5.96	-3.47	-2.32	walk_left	walking	0	0	66	-3	-2
24.709	1	1214	693	175	5	5.96	-3.47	-2.32	walk_left	walking	0	0	67	-3	-2
24.748	1	1211	691	175	5	5.96	-3.47	-2.32	walk_left	walking	0	0	68	-3	-2
24.774	1	1208	689	175	5	5.96	-3.47	-2.32	walk_left	walking	0	0	69	-3	-2
24.799	1	1205	687	175	5	5.96	-3.47	-2.32	walk_left	walking	0	0	70	-3	-2
24.846	1	1202	685	175	5	5.96	-3.47	-2.32	walk_left	walking	0	0	71	-3	-2
24.871	1	1199	683	175	5	5.96	-3.47	-2.32	walk_left	walking	0	0	72	-3	-2
24.893	1	1196	681	175	5	5.96	-3.47	-2.32	walk_left	walking	0	0	73	-3	-2
24.929	1	1193	679	175	5	5.96	-3.47	-2.32	walk_left	walking	0	0	74	-3	-2
24.957	1	1190	677	175	5	5.96	-3.47	-2.32	walk_left	walking	0	0	75	-3	-2
24.990	1	1187	675	175	5	5.96	-3.47	-2.32	walk_left	walking	0	0	76	-3	-2
25.024	1	1184	673	175	5	5.96	-3.47	-2.32	walk_left	walking	0	0	77	-3	-2
25.058	1	1181	671	175	5	5.96	-3.47	-2.32	walk_left	walking	0	0	78	-3	-2
25.089	1	1178	669	175	5	5.96	-3.47	-2.32	walk_left	walking	0	0	79	-3	-2
25.123	1	1175	667	175	5	5.96	-3.47	-2.32	walk_left	walking	0	0	80	-3	-2
25.141	1	1172	665	175	5	5.96	-3.47	-2.32	walk_left	walking	0	0	81	-3	-2
25.174	1	1169	663	175	5	5.96	-3.47	-2.32	walk_left	walking	0	0	82	-3	-2
25.210	1	1166	661	175	5	5.96	-3.47	-2.32	walk_left	walking	0	0	83	-3	-2
25.241	1	1163	659	175	5	5.96	-3.47	-2.32	walk_left	walking	0	0	84	-3	-2
25.278	1	1160	657	175	5	5.96	-3.47	-2.32	walk_left	walking	0	0	85	-3	-2
25.317	1	1157	655	175	5	5.96	-3.47	-2.32	walk_left	walking	0	0	86	-3	-2
25.341	1	1154	653	175	5	5.96	-3.47	-2.32	walk_left	walking	0	0	87	-3	-2
25.376	1	1151	651	175	5	5.96	-3.47	-2.32	walk_left	walking	0	0	88	-3	-2
25.402	1	1148	649	175	5	5.96	-3.47	-2.32	walk_left	walking	0	0	89	-3	-2
25.426	1	1145	647	175	5	5.96	-3.47	-2.32	walk_left	walking	0	0	90	-3	-2
25.457	1	1142	645	175	5	5.96	-3.47	-2.32	walk_left	walking	0	0	91	-3	-2
25.497	1	1139	643	175	5	5.96	-3.47	-2.32	walk_left	walking	0	0	92	-3	-2
25.523	1	1136	641	175	5	5.96	-3.47	-2.32	walk_left	walking	0	0	93	-3	-2
25.558	1	1133	639	175	5	5.96	-3.47	-2.32	walk_left	walking	0	0	94	-3	-2
25.593	1	1130	637	175	5	5.96	-3.47	-2.32	walk_left	walking	0	0	95	-3	-2
25.617	1	1127	635	175	5	5.96	-3.47	-2.32	walk_left	walking	0	0	96	-3	-2
25.640	1	1124	633	175	5	5.96	-3.47	-2.32	walk_left	walking	0	0	97	-3	-2
25.675	1	1121	631	175	5	5.96	-3.47	-2.32	walk_left	walking	0	0	98	-3	-2
25.707	1	1118	629	175	5	5.96	-3.47	-2.32	walk_left	walking	0	0	99	-3	-2
25.741	1	1115	627	175	5	5.96	-3.47	-2.32	walk_left	walking	0	0	100	-3	-2
25.773	1	1112	625	175	5	5.96	-3.47	-2.32	walk_left	walking	0	0	101	-3	-2
25.797	1	1109	623	175	5	5.96	-3.47	-2.32	walk_left	walking	0	0	102	-3	-2
25.836	1	1106	621	175	5	5.96	-3.47	-2.32	walk_left	walking	0	0	103	-3	-2
25.867	1	1103	619	175	5	5.96	-3.47	-2.32	walk_left	walking	0	0	104	-3	-2
25.898	1	1100	617	175	5	5.96	-3.47	-2.32	walk_left	walking	0	0	105	-3	-2
25.924	1	1097	615	175	5	5.96	-3.47	-2.32	walk_left	walking	0	0	106	-3	-2
25.956	1	1094	613	175	5	5.96	-3.47	-2.32	walk_left	walking	0	0	107	-3	-2
25.990	1	1091	611	175	5	5.96	-3.47	-2.32	walk_left	walking	0	0	108	-3	-2
26.024	1	1088	609	175	5	5.96	-3.47	-2.32	walk_left	walking	0	0	109	-3	-2
26.054	1	1085	607	175	5	5.96	-3.47	-2.32	walk_left	walking	0	0	110	-3	-2
26.086	1	1082	605	175	5	5.96	-3.47	-2.32	walk_left	walking	0	0	111	-3	-2
26.127	1	1079	603	175	5	5.96	-3.47	-2.32	walk_left	walking	0	0	112	-3	-2
26.141	1	1076	601	175	5	5.96	-3.47	-2.32	walk_left	walking	0	0	113	-3	-2
26.176	1	1073	599	175	5	5.96	-3.47	-2.32	walk_left	walking	0	0	114	-3	-2
26.206	1	1070	597	175	5	5.96	-3.47	-2.32	walk_left	walking	0	0	115	-3	-2
26.242	1	1067	595	175	5	5.96	-3.47	-2.32	walk_left	walking	0	0	116	-3	-2
26.272	1	1064	593	175	5	5.96	-3.47	-2.32	walk_left	walking	0	0	117	-3	-2
26.303	1	1061	591	175	5	5.96	-3.47	-2.32	walk_left	walking	0	0	118	-3	-2
26.336	1	1058	589	175	5	5.96	-3.47	-2.32	walk_left	walking	0	0	119	-3	-2
26.366	1	1055	587	175	5	5.96	-3.47	-2.32	walk_left	walking	0	0	120	-3	-2
26.396	1	1052	585	175	5	5.96	-3.47	-2.32	walk_left	walking	0	0	121	-3	-2
26.423	1	1049	583	175	5	5.96	-3.47	-2.32	walk_left	walking	0	0	122	-3	-2
26.458	1	1046	581	175	5	5.96	-3.47	-2.32	walk_left	walking	0	0	123	-3	-2
26.490	1	1043	579	175	5	5.96	-3.47	-2.32	walk_left	walking	0	0	124	-3	-2
26.521	1	1040	577	175	5	5.96	-3.47	-2.32	walk_left	walking	0	0	125	-3	-2
26.553	1	1037	575	175	5	5.96	-3.47	-2.32	walk_left	walking	0	0	126	-3	-2
26.584	1	1034	573	175	5	5.96	-3.47	-2.32	walk_left	walking	0	0	127	-3	-2
26.614	1	1031	571	175	5	5.96	-3.47	-2.32	walk_left	walking	0	0	128	-3	-2
26.641	1	1028	569	175	5	5.96	-3.47	-2.32	walk_left	walking	0	0	129	-3	-2
26.674	1	1025	567	175	5	5.96	-3.47	-2.32	walk_left	walking	0	0	130	-3	-2
26.706	1	1022	565	175	5	5.96	-3.47	-2.32	walk_left	walking	0	0	131	-3	-2
26.739	1	1019	563	175	5	5.96	-3.47	-2.32	walk_left	walking	0	0	132	-3	-2
26.770	1	1016	561	175	5	5.96	-3.47	-2.32	walk_left	walking	0	0	133	-3	-2
26.801	1	1013	559	175	5	5.96	-3.47	-2.32	walk_left	walking	0	0	134	-3	-2
26.831	1	1010	557	175	5	5.96	-3.47	-2.32	walk_left	walking	0	0	135	-3	-2
26.861	1	1007	555	175	5	5.96	-3.47	-2.32	walk_left	walking	0	0	136	-3	-2
26.891	1	1004	553	175	5	5.96	-3.47	-2.32	walk_left	walking	0	0	137	-3	-2
26.924	1	1001	551	175	5	5.96	-3.47	-2.32	walk_left	walking	0	0	138	-3	-2
26.957	1	998	549	175	5	5.96	-3.47	-2.32	walk_left	walking	0	0	139	-3	-2
27.121	1	995	547	175	5	5.96	-3.47	-2.32	walk_left	walking	0	0	140	-3	-2
27.141	1	992	545	175	5	5.96	-3.47	-2.32	walk_left	walking	0	0	141	-3	-2
27.173	1	989	543	175	5	5.96	-3.47	-2.32	walk_left	walking	0	0	142	-3	-2
27.205	1	986	541	175	5	5.96	-3.47	-2.32	walk_left	walking	0	0	143	-3	-2
27.237	1	983	539	175	5	5.96	-3.47	-2.32	walk_left	walking	0	0	144	-3	-2
27.267	1	980	537	175	5	5.96	-3.47	-2.32	walk_left	walking	0	0	145	-3	-2
27.299	1	977	535	175	5	5.96	-3.47	-2.32	walk_left	walking	0	0	146	-3	-2
27.330	1	974	533	175	5	5.96	-3.47	-2.32	walk_left	walking	0	0	147	-3	-2
27.362	1	971	531	175	5	5.96	-3.47	-2.32	walk_left	walking	0	0	148	-3	-2
27.392	1	968	529	175	5	5.96	-3.47	-2.32	walk_left	walking	0	0	149	-3	-2
27.423	1	965	527	175	5	5.96	-3.47	-2.32	walk_left	walking	0	0	150	-3	-2
27.453	1	962	525	175	5	5.96	-3.47	-2.32	walk_left	walking	0	0	151	-3	-2
27.485	1	959	523	175	5	5.96	-3.47	-2.32	walk_left	walking	0	0	152	-3	-2
27.516	1	956	521	175	5	5.96	-3.47	-2.32	walk_left	walking	0	0	153	-3	-2
27.548	1	953	519	175	5	5.96	-3.47	-2.32	walk_left	walking	0	0	154	-3	-2
27.578	1	950	517	175	5	5.96	-3.47	-2.32	walk_left	walking	0	0	155	-3	-2
27.609	1	947	515	175	5	5.96	-3.47	-2.32	walk_left	walking	0	0	156	-3	-2
27.641	1	944	513	175	5	5.96	-3.47	-2.32	walk_left	walking	0	0	157	-3	-2
27.672	1	941	511	175	5	5.96	-3.47	-2.32	walk_left	walking	0	0	158	-3	-2
27.703	1	938	509	175	5	5.96	-3.47	-2.32	walk_left	walking	0	0	159	-3	-2
27.736	1	935	507	175	5	5.96	-3.47	-2.32	walk_left	walking	0	0	160	-3	-2
27.765	1	932	505	175	5	5.96	-3.47	-2.32	walk_left	walking	0	0	161	-3	-2
27.797	1	929	503	175	5	5.96	-3.47	-2.32	walk_left	walking	0	0	162	-3	-2
27.828	1	926	501	175	5	5.96	-3.47	-2.32	walk_left	walking	0	0	163	-3	-2
27.860	1	923	499	175	5	5.96	-3.47	-2.32	walk_left	walking	0	0	164	-3	-2
27.891	1	920	497	175	5	5.96	-3.47	-2.32	walk_left	walking	0	0	165	-3	-2
27.923	1	917	495	175	5	5.96	-3.47	-2.32	walk_left	walking	0	0	166	-3	-2
27.955	1	914	493	175	5	5.96	-3.47	-2.32	walk_left	walking	0	0	167	-3	-2
27.987	1	911	491	175	5	5.96	-3.47	-2.32	walk_left	walking	0	0	168	-3	-2
28.016	1	908	489	175	5	5.96	-3.47	-2.32	walk_left	walking	0	0	169	-3	-2
28.048	1	905	487	175	5	5.96	-3.47	-2.32	walk_left	walking	0	0	170	-3	-2
28.079	1	902	485	175	5	5.96	-3.47	-2.32	walk_left	walking	0	0	171	-3	-2
28.109	1	899	483	175	5	5.96	-3.47	-2.32	walk_left	walking	0	0	172	-3	-2
28.143	1	896	481	175	5	5.96	-3.47	-2.32	walk_left	walking	0	0	173	-3	-2
28.173	1	893	479	175	5	5.96	-3.47	-2.32	walk_left	walking	0	0	174	-3	-2
28.207	1	890	477	175	5	5.96	-3.47	-2.32	walk_left	walking	0	0	175	-3	-2
28.241	1	887	475	175	5	5.96	-3.47	-2.32	walk_left	walking	0	0	176	-3	-2
28.275	1	884	473	175	5	5.96	-3.47	-2.32	walk_left	walking	0	0	177	-3	-2
28.308	1	881	471	175	5	5.96	-3.47	-2.32	walk_left	walking	0	0	178	-3	-2
28.341	1	878	469	175	5	5.96	-3.47	-2.32	walk_left	walking	0	0	179	-3	-2
28.375	1	875	467	175	5	5.96	-3.47	-2.32	walk_left	walking	0	0	180	-3	-2
28.392	1	872	465	175	5	5.96	-3.47	-2.32	walk_left	walking	0	0	181	-3	-2
28.427	1	872	465	175	5	5.96	-3.47	-2.32	fall	jumping	0	0	181	-3	-2
28.458	1	871	465	175	5	5.96	-3.47	-2.32	land	jumping	0	0	182	-1	0
28.491	1	868	463	175	5	5.96	-3.47	-2.32	land	walking	0	0	183	-3	-2
28.524	1	859	460	175	5	5.96	-3.47	-2.32	land	walking	0	0	184	-9	-3
28.558	1	856	458	175	5	5.96	-3.47	-2.32	land	walking	0	0	185	-3	-2
28.590	1	853	456	175	5	5.96	-3.47	-2.32	land	walking	0	0	186	-3	-2
28.623	1	850	454	175	5	5.96	-3.47	-2.32	land	walking	0	0	187	-3	-2
28.641	1	847	452	175	5	5.96	-3.47	-2.32	land	walking	0	0	188	-3	-2
28.673	1	844	450	175	5	5.96	-3.47	-2.32	land	walking	0	0	189	-3	-2
28.707	1	841	448	175	5	5.96	-3.47	-2.32	land	walking	0	0	190	-3	-2
28.740	1	838	446	175	5	5.96	-3.47	-2.32	land	walking	0	0	191	-3	-2
28.774	1	835	444	175	5	5.96	-3.47	-2.32	land	walking	0	0	192	-3	-2
28.807	1	832	442	175	5	5.96	-3.47	-2.32	land	walking	0	0	193	-3	-2
28.840	1	829	440	175	5	5.96	-3.47	-2.32	land	walking	0	0	194	-3	-2
28.872	1	826	438	175	5	5.96	-3.47	-2.32	land	walking	0	0	195	-3	-2
28.891	1	823	436	175	5	5.96	-3.47	-2.32	idle	walking	0	0	196	-3	-2
28.923	1	820	434	175	5	5.96	-3.47	-2.32	idle	walking	0	0	197	-3	-2
28.957	1	817	432	175	5	5.96	-3.47	-2.32	idle	walking	0	0	198	-3	-2
28.991	1	814	430	175	5	5.96	-3.47	-2.32	idle	walking	0	0	199	-3	-2
29.024	1	811	428	175	5	5.96	-3.47	-2.32	idle	walking	0	0	200	-3	-2
29.058	1	808	426	175	5	5.96	-3.47	-2.32	idle	walking	0	0	201	-3	-2
29.090	1	761	418	175	5	5.96	-3.47	-2.32	idle	walking	0	0	202	-47	-8
29.122	1	758	416	175	5	5.96	-3.47	-2.32	idle	walking	0	0	203	-3	-2
29.152	1	755	414	175	5	5.96	-3.47	-2.32	idle	walking	0	0	204	-3	-2
29.175	1	752	412	175	5	5.96	-3.47	-2.32	idle	walking	0	0	205	-3	-2
29.207	1	749	410	175	5	5.96	-3.47	-2.32	idle	walking	0	0	206	-3	-2
29.240	1	746	408	175	5	5.96	-3.47	-2.32	idle	walking	0	0	207	-3	-2
29.274	1	743	406	175	5	5.96	-3.47	-2.32	idle	walking	0	0	208	-3	-2
29.297	1	740	404	175	5	5.96	-3.47	-2.32	idle	walking	0	0	209	-3	-2
29.340	1	737	402	175	5	5.96	-3.47	-2.32	idle	walking	0	0	210	-3	-2
29.370	1	734	400	175	5	5.96	-3.47	-2.32	idle	walking	0	0	211	-3	-2
29.402	1	731	398	175	5	5.96	-3.47	-2.32	idle	walking	0	0	212	-3	-2
29.425	1	728	396	175	5	5.96	-3.47	-2.32	idle	walking	0	0	213	-3	-2
29.457	1	725	394	175	5	5.96	-3.47	-2.32	idle	walking	0	0	214	-3	-2
29.492	1	722	392	175	5	5.96	-3.47	-2.32	idle	walking	0	0	215	-3	-2
29.524	1	719	390	175	5	5.96	-3.47	-2.32	idle	walking	0	0	216	-3	-2
29.558	1	716	388	175	5	5.96	-3.47	-2.32	idle	walking	0	0	217	-3	-2
29.590	1	713	386	175	5	5.96	-3.47	-2.32	idle	walking	0	0	218	-3	-2
29.621	1	710	384	175	5	5.96	-3.47	-2.32	idle	walking	0	0	219	-3	-2
29.640	1	707	382	175	5	5.96	-3.47	-2.32	idle	walking	0	0	220	-3	-2
29.674	1	704	380	175	5	5.96	-3.47	-2.32	idle	walking	0	0	221	-3	-2
29.706	1	701	378	175	5	5.96	-3.47	-2.32	idle	walking	0	0	222	-3	-2
29.739	1	698	376	175	5	5.96	-3.47	-2.32	idle	walking	0	0	223	-3	-2
29.773	1	695	374	175	5	5.96	-3.47	-2.32	idle	walking	0	0	224	-3	-2
29.806	1	692	372	175	5	5.96	-3.47	-2.32	idle	walking	0	0	225	-3	-2
29.828	1	689	370	175	5	5.96	-3.47	-2.32	idle	walking	0	0	226	-3	-2
29.870	1	686	368	175	5	5.96	-3.47	-2.32	idle	walking	0	0	227	-3	-2
29.901	1	683	366	175	5	5.96	-3.47	-2.32	idle	walking	0	0	228	-3	-2
29.923	1	680	364	175	5	5.96	-3.47	-2.32	idle	walking	0	0	229	-3	-2
29.957	1	677	362	175	5	5.96	-3.47	-2.32	idle	walking	0	0	230	-3	-2
30.192	1	674	360	175	5	5.96	-3.47	-2.32	idle	walking	0	0	231	-3	-2
30.299	1	671	358	175	5	5.96	-3.47	-2.32	idle	walking	0	0	232	-3	-2
30.330	1	668	356	175	5	5.96	-3.47	-2.32	idle	walking	0	0	233	-3	-2
30.368	1	665	354	175	5	5.96	-3.47	-2.32	idle	walking	0	0	234	-3	-2
30.390	1	662	352	175	5	5.96	-3.47	-2.32	idle	walking	0	0	235	-3	-2
30.424	1	659	350	175	5	5.96	-3.47	-2.32	idle	walking	0	0	236	-3	-2
30.462	1	656	348	175	5	5.96	-3.47	-2.32	idle	walking	0	0	237	-3	-2
30.490	1	653	346	175	5	5.96	-3.47	-2.32	idle	walking	0	0	238	-3	-2
30.523	1	650	344	175	5	5.96	-3.47	-2.32	idle	walking	0	0	239	-3	-2
30.561	1	647	342	175	5	5.96	-3.47	-2.32	idle	walking	0	0	240	-3	-2
30.586	1	694	347	175	5	5.96	-3.47	-2.32	walk_left	walking	0	0	241	47	5
30.610	1	691	345	175	5	5.96	-3.47	-2.32	walk_left	walking	0	0	242	-3	-2
30.645	1	688	343	175	5	5.96	-3.47	-2.32	walk_left	walking	0	0	243	-3	-2
30.673	1	685	341	175	5	5.96	-3.47	-2.32	walk_left	walking	0	0	244	-3	-2
30.708	1	682	339	175	5	5.96	-3.47	-2.32	walk_left	walking	0	0	245	-3	-2
30.747	1	679	337	175	5	5.96	-3.47	-2.32	walk_left	walking	0	0	246	-3	-2
30.773	1	676	335	175	5	5.96	-3.47	-2.32	walk_left	walking	0	0	247	-3	-2
30.808	1	673	333	175	5	5.96	-3.47	-2.32	walk_left	walking	0	0	248	-3	-2
30.844	1	670	331	175	5	5.96	-3.47	-2.32	walk_left	walking	0	0	249	-3	-2
30.872	1	667	329	175	5	5.96	-3.47	-2.32	walk_left	walking	0	0	250	-3	-2
30.901	1	664	327	175	5	5.96	-3.47	-2.32	walk_left	walking	0	0	251	-3	-2
30.930	1	661	325	175	5	5.96	-3.47	-2.32	walk_left	walking	0	0	252	-3	-2
30.957	1	658	323	175	5	5.96	-3.47	-2.32	walk_left	walking	0	0	253	-3	-2
30.992	1	655	321	175	5	5.96	-3.47	-2.32	walk_left	walking	0	0	254	-3	-2
31.029	1	652	319	175	5	5.96	-3.47	-2.32	walk_left	walking	0	0	255	-3	-2
31.047	1	649	317	175	5	5.96	-3.47	-2.32	walk_left	walking	0	0	256	-3	-2
31.078	1	646	315	175	5	5.96	-3.47	-2.32	walk_left	walking	0	0	257	-3	-2
31.132	1	643	313	175	5	5.96	-3.47	-2.32	walk_left	walking	0	0	258	-3	-2
31.175	1	640	311	175	5	5.96	-3.47	-2.32	walk_left	walking	0	0	259	-3	-2
31.206	1	637	309	175	5	5.96	-3.47	-2.32	walk_left	walking	0	0	260	-3	-2
31.239	1	634	307	175	5	5.96	-3.47	-2.32	walk_left	walking	0	0	261	-3	-2
31.273	1	631	305	175	5	5.96	-3.47	-2.32	walk_left	walking	0	0	262	-3	-2
31.305	1	628	303	175	5	5.96	-3.47	-2.32	walk_left	walking	0	0	263	-3	-2
31.337	1	625	301	175	5	5.96	-3.47	-2.32	walk_left	walking	0	0	264	-3	-2
31.369	1	622	299	175	5	5.96	-3.47	-2.32	walk_left	walking	0	0	265	-3	-2
31.391	1	619	297	175	5	5.96	-3.47	-2.32	walk_left	walking	0	0	266	-3	-2
31.423	1	616	295	175	5	5.96	-3.47	-2.32	walk_left	walking	0	0	267	-3	-2
31.456	1	613	293	175	5	5.96	-3.47	-2.32	walk_left	walking	0	0	268	-3	-2
31.491	1	610	291	175	5	5.96	-3.47	-2.32	walk_left	walking	0	0	269	-3	-2
31.523	1	607	289	175	5	5.96	-3.47	-2.32	walk_left	walking	0	0	270	-3	-2
31.558	1	604	287	175	5	5.96	-3.47	-2.32	walk_left	walking	0	0	271	-3	-2
31.589	1	601	285	175	5	5.96	-3.47	-2.32	walk_left	walking	0	0	272	-3	-2
31.621	1	598	283	175	5	5.96	-3.47	-2.32	walk_left	walking	0	0	273	-3	-2
31.651	1	595	281	175	5	5.96	-3.47	-2.32	walk_left	walking	0	0	274	-3	-2
31.673	1	592	279	175	5	5.96	-3.47	-2.32	walk_left	walking	0	0	275	-3	-2
31.707	1	589	277	175	5	5.96	-3.47	-2.32	walk_left	walking	0	0	276	-3	-2
31.739	1	586	275	175	5	5.96	-3.47	-2.32	walk_left	walking	0	0	277	-3	-2
31.774	1	583	273	175	5	5.96	-3.47	-2.32	walk_left	walking	0	0	278	-3	-2
31.806	1	580	271	175	5	5.96	-3.47	-2.32	walk_left	walking	0	0	279	-3	-2
31.838	1	577	269	175	5	5.96	-3.47	-2.32	walk_left	walking	0	0	280	-3	-2
31.869	1	574	267	175	5	5.96	-3.47	-2.32	walk_left	walking	0	0	281	-3	-2
31.899	1	571	265	175	5	5.96	-3.47	-2.32	walk_left	walking	0	0	282	-3	-2
31.925	1	568	263	175	5	5.96	-3.47	-2.32	walk_left	walking	0	0	283	-3	-2
31.957	1	565	261	175	5	5.96	-3.47	-2.32	walk_left	walking	0	0	284	-3	-2
31.990	1	562	259	175	5	5.96	-3.47	-2.32	walk_left	walking	0	0	285	-3	-2
32.023	1	559	257	175	5	5.96	-3.47	-2.32	walk_left	walking	0	0	286	-3	-2
32.055	1	556	255	175	5	5.96	-3.47	-2.32	walk_left	walking	0	0	287	-3	-2
32.086	1	553	253	175	5	5.96	-3.47	-2.32	walk_left	walking	0	0	288	-3	-2
32.119	1	550	251	175	5	5.96	-3.47	-2.32	walk_left	walking	0	0	289	-3	-2
32.142	1	547	249	175	5	5.96	-3.47	-2.32	walk_left	walking	0	0	290	-3	-2
32.174	1	544	247	175	5	5.96	-3.47	-2.32	walk_left	walking	0	0	291	-3	-2
32.206	1	541	245	175	5	5.96	-3.47	-2.32	walk_left	walking	0	0	292	-3	-2
32.240	1	538	243	175	5	5.96	-3.47	-2.32	walk_left	walking	0	0	293	-3	-2
32.273	1	535	241	175	5	5.96	-3.47	-2.32	walk_left	walking	0	0	294	-3	-2
32.304	1	532	239	175	5	5.96	-3.47	-2.32	walk_left	walking	0	0	295	-3	-2
32.333	1	529	237	175	5	5.96	-3.47	-2.32	walk_left	walking	0	0	296	-3	-2
32.364	1	526	235	175	5	5.96	-3.47	-2.32	walk_left	walking	0	0	297	-3	-2
32.391	1	523	233	175	5	5.96	-3.47	-2.32	walk_left	walking	0	0	298	-3	-2
32.422	1	520	231	175	5	5.96	-3.47	-2.32	walk_left	walking	0	0	299	-3	-2
32.459	1	517	229	175	5	5.96	-3.47	-2.32	walk_left	walking	0	0	300	-3	-2
32.490	1	514	227	175	5	5.96	-3.47	-2.32	walk_left	walking	0	0	301	-3	-2
32.522	1	511	225	175	5	5.96	-3.47	-2.32	walk_left	walking	0	0	302	-3	-2
32.555	1	508	223	175	5	5.96	-3.47	-2.32	walk_left	walking	0	0	303	-3	-2
32.586	1	505	221	175	5	5.96	-3.47	-2.32	walk_left	walking	0	0	304	-3	-2
32.616	1	502	219	175	5	5.96	-3.47	-2.32	walk_left	walking	0	0	305	-3	-2
32.647	1	499	217	175	5	5.96	-3.47	-2.32	walk_left	walking	0	0	306	-3	-2
32.673	1	496	215	175	5	5.96	-3.47	-2.32	walk_left	walking	0	0	307	-3	-2
32.708	1	493	213	175	5	5.96	-3.47	-2.32	walk_left	walking	0	0	308	-3	-2
32.739	1	490	211	175	5	5.96	-3.47	-2.32	walk_left	walking	0	0	309	-3	-2
32.772	1	487	209	175	5	5.96	-3.47	-2.32	walk_left	walking	0	0	310	-3	-2
32.795	1	484	207	175	5	5.96	-3.47	-2.32	walk_left	walking	0	0	311	-3	-2
32.835	1	481	205	175	5	5.96	-3.47	-2.32	walk_left	walking	0	0	312	-3	-2
32.866	1	478	203	175	5	5.96	-3.47	-2.32	walk_left	walking	0	0	313	-3	-2
32.898	1	475	201	175	5	5.96	-3.47	-2.32	walk_left	walking	0	0	314	-3	-2
32.923	1	472	199	175	5	5.96	-3.47	-2.32	walk_left	walking	0	0	315	-3	-2
32.957	1	469	197	175	5	5.96	-3.47	-2.32	walk_left	walking	0	0	316	-3	-2
33.125	1	466	195	175	5	5.96	-3.47	-2.32	walk_left	walking	0	0	317	-3	-2
33.140	1	463	193	175	5	5.96	-3.47	-2.32	walk_left	walking	0	0	318	-3	-2
33.173	1	460	191	175	5	5.96	-3.47	-2.32	walk_left	walking	0	0	319	-3	-2
33.207	1	457	189	175	5	5.96	-3.47	-2.32	walk_left	walking	0	0	320	-3	-2
33.240	1	454	187	175	5	5.96	-3.47	-2.32	walk_left	walking	0	0	321	-3	-2
33.273	1	451	185	175	5	5.96	-3.47	-2.32	walk_left	walking	0	0	322	-3	-2
33.306	1	448	183	175	5	5.96	-3.47	-2.32	walk_left	walking	0	0	323	-3	-2
33.337	1	445	181	175	5	5.96	-3.47	-2.32	walk_left	walking	0	0	324	-3	-2
33.367	1	442	179	175	5	5.96	-3.47	-2.32	walk_left	walking	0	0	325	-3	-2
33.390	1	439	177	175	5	5.96	-3.47	-2.32	walk_left	walking	0	0	326	-3	-2
33.424	1	436	175	175	5	5.96	-3.47	-2.32	walk_left	walking	0	0	327	-3	-2
33.458	1	433	173	175	5	5.96	-3.47	-2.32	walk_left	walking	0	0	328	-3	-2
33.490	1	430	171	175	5	5.96	-3.47	-2.32	walk_left	walking	0	0	329	-3	-2
33.523	1	427	169	175	5	5.96	-3.47	-2.32	walk_left	walking	0	0	330	-3	-2
33.553	1	424	167	175	5	5.96	-3.47	-2.32	walk_left	walking	0	0	331	-3	-2
33.585	1	421	165	175	5	5.96	-3.47	-2.32	walk_left	walking	0	0	332	-3	-2
33.616	1	418	163	175	5	5.96	-3.47	-2.32	walk_left	walking	0	0	333	-3	-2
33.642	1	415	161	175	5	5.96	-3.47	-2.32	walk_left	walking	0	0	334	-3	-2
33.675	1	411	159	175	5	5.96	-3.73	-1.87	walk_left	walking	0	0	335	-4	-2
33.708	1	408	157	175	5	5.96	-3.47	-2.32	walk_left	walking	0	0	336	-3	-2
33.740	1	405	155	175	5	5.96	-3.47	-2.32	walk_left	walking	0	0	337	-3	-2
33.772	1	402	153	175	5	5.96	-3.47	-2.32	walk_left	walking	0	0	338	-3	-2
33.803	1	399	151	175	5	5.96	-3.47	-2.32	walk_left	walking	0	0	339	-3	-2
33.833	1	396	149	175	5	5.96	-3.47	-2.32	walk_left	walking	0	0	340	-3	-2
33.865	1	393	147	175	5	5.96	-3.47	-2.32	walk_left	walking	0	0	341	-3	-2
33.923	1	390	145	175	5	5.96	-3.47	-2.32	walk_left	walking	0	0	342	-3	-2
33.957	1	387	143	175	5	5.96	-3.47	-2.32	walk_left	walking	0	0	343	-3	-2
33.989	1	384	141	175	5	5.96	-3.47	-2.32	walk_left	walking	0	0	344	-3	-2
34.021	1	381	139	175	5	5.96	-3.47	-2.32	walk_left	walking	0	0	345	-3	-2
34.051	1	378	137	175	5	5.96	-3.47	-2.32	walk_left	walking	0	0	346	-3	-2
34.084	1	375	135	175	5	5.96	-3.47	-2.32	walk_left	walking	0	0	347	-3	-2
34.108	1	371	133	175	5	5.96	-3.73	-1.87	walk_left	walking	0	0	348	-4	-2
34.145	1	368	131	175	5	5.96	-3.47	-2.32	walk_left	walking	0	0	349	-3	-2
34.174	1	365	129	175	5	5.96	-3.47	-2.32	walk_left	walking	0	0	350	-3	-2
34.207	1	362	127	175	5	5.96	-3.47	-2.32	walk_left	walking	0	0	351	-3	-2
34.240	1	359	125	175	5	5.96	-3.47	-2.32	walk_left	walking	0	0	352	-3	-2
34.270	1	356	123	175	5	5.96	-3.47	-2.32	walk_left	walking	0	0	353	-3	-2
34.303	1	353	121	175	5	5.96	-3.47	-2.32	walk_left	walking	0	0	354	-3	-2
34.334	1	350	119	175	5	5.96	-3.47	-2.32	walk_left	walking	0	0	355	-3	-2
34.365	1	347	117	175	5	5.96	-3.47	-2.32	walk_left	walking	0	0	356	-3	-2
34.396	1	344	115	175	5	5.96	-3.47	-2.32	walk_left	walking	0	0	357	-3	-2
34.423	1	341	113	175	5	5.96	-3.47	-2.32	walk_left	walking	0	0	358	-3	-2
34.458	1	338	111	175	5	5.96	-3.47	-2.32	walk_left	walking	0	0	359	-3	-2
34.490	1	335	109	175	5	5.96	-3.47	-2.32	walk_left	walking	0	0	360	-3	-2
34.521	1	331	107	175	5	5.96	-3.73	-1.87	walk_left	walking	0	0	361	-4	-2
34.553	1	328	105	175	5	5.96	-3.47	-2.32	walk_left	walking	0	0	362	-3	-2
34.582	1	325	103	175	5	5.96	-3.47	-2.32	walk_left	walking	0	0	363	-3	-2
34.615	1	322	101	175	5	5.96	-3.47	-2.32	walk_left	walking	0	0	364	-3	-2
34.646	1	319	99	175	5	5.96	-3.47	-2.32	walk_left	walking	0	0	365	-3	-2
34.674	1	316	97	175	5	5.96	-3.47	-2.32	walk_left	walking	0	0	366	-3	-2
34.707	1	313	95	175	5	5.96	-3.47	-2.32	walk_left	walking	0	0	367	-3	-2
34.739	1	310	93	175	5	5.96	-3.47	-2.32	walk_left	walking	0	0	368	-3	-2
34.771	1	307	91	175	5	5.96	-3.47	-2.32	walk_left	walking	0	0	369	-3	-2
34.801	1	304	89	175	5	5.96	-3.47	-2.32	walk_left	walking	0	0	370	-3	-2
34.833	1	301	87	175	5	5.96	-3.47	-2.32	walk_left	walking	0	0	371	-3	-2
34.864	1	298	85	175	5	5.96	-3.47	-2.32	walk_left	walking	0	0	372	-3	-2
34.891	1	295	83	175	5	5.96	-3.47	-2.32	walk_left	walking	0	0	373	-3	-2
34.923	1	291	81	175	5	5.96	-3.73	-1.87	walk_left	walking	0	0	374	-4	-2
34.956	1	288	79	175	5	5.96	-3.47	-2.32	walk_left	walking	0	0	375	-3	-2
34.988	1	285	77	175	5	5.96	-3.47	-2.32	walk_left	walking	0	0	376	-3	-2
35.020	1	282	75	175	5	5.96	-3.47	-2.32	walk_left	walking	0	0	377	-3	-2
35.050	1	279	73	175	5	5.96	-3.47	-2.32	walk_left	walking	0	0	378	-3	-2
35.083	1	276	71	175	5	5.96	-3.47	-2.32	walk_left	walking	0	0	379	-3	-2
35.113	1	273	69	175	5	5.96	-3.47	-2.32	walk_left	walking	0	0	380	-3	-2
35.143	1	270	67	175	5	5.96	-3.47	-2.32	walk_left	walking	0	0	381	-3	-2
35.173	1	267	65	175	5	5.96	-3.47	-2.32	walk_left	walking	0	0	382	-3	-2
35.209	1	264	63	175	5	5.96	-3.47	-2.32	walk_left	walking	0	0	383	-3	-2
35.240	1	261	61	175	5	5.96	-3.47	-2.32	walk_left	walking	0	0	384	-3	-2
35.302	1	258	59	175	5	5.96	-3.47	-2.32	walk_left	walking	0	0	385	-3	-2
35.332	1	255	57	175	5	5.96	-3.13	-2.08	walk_left	walking	0	0	386	-3	-2
35.363	1	252	55	175	5	5.96	-2.95	-1.97	walk_left	walking	0	0	387	-3	-2
35.394	1	249	53	175	5	5.96	-2.87	-1.91	walk_left	walking	0	0	388	-3	-2
35.425	1	246	51	175	5	5.96	-2.82	-1.88	walk_left	walking	0	0	389	-3	-2
35.456	1	243	49	175	5	5.96	-2.80	-1.87	walk_left	walking	0	0	390	-3	-2
35.489	1	240	47	175	5	5.96	-2.79	-1.86	walk_left	walking	0	0	391	-3	-2
35.519	1	237	45	175	5	5.96	-2.78	-1.86	walk_left	walking	0	0	392	-3	-2
35.549	1	234	43	175	5	5.96	-2.78	-1.85	walk_left	walking	0	0	393	-3	-2
35.580	1	231	41	175	5	5.96	-2.78	-1.85	walk_left	walking	0	0	394	-3	-2
35.612	1	228	39	175	5	5.96	-2.78	-1.85	walk_left	walking	0	0	395	-3	-2
35.641	1	225	37	175	5	5.96	-2.78	-1.85	walk_left	walking	0	0	396	-3	-2
35.673	1	222	35	175	5	5.96	-2.78	-1.85	walk_left	walking	0	0	397	-3	-2
35.707	1	219	33	175	5	5.96	-2.78	-1.85	walk_left	walking	0	0	398	-3	-2
35.737	1	216	31	175	5	5.96	-2.78	-1.85	walk_left	walking	0	0	399	-3	-2
35.768	1	213	29	175	5	5.96	-3.08	-2.05	walk_left	walking	0	0	400	-3	-2
35.800	1	210	27	175	5	5.96	-3.10	-2.07	walk_left	walking	0	0	401	-3	-2
35.830	1	207	25	175	5	5.96	-2.99	-1.99	walk_left	walking	0	0	402	-3	-2
35.861	1	204	23	175	5	5.96	-2.80	-1.87	walk_left	walking	0	0	403	-3	-2
35.891	1	201	21	175	5	5.96	-2.59	-1.72	walk_left	walking	0	0	404	-3	-2
35.923	1	199	20	175	5	5.96	-2.53	-1.27	walk_left	walking	0	0	405	-2	-1
35.954	0	197	19	175	5	5.96	0.00	0.00	idle	walking	0	0	406	-2	-1
36.150	0	197	19	175	5	5.96	0.00	0.00	idle	walking	0	0	406	-2	-1
36.204	0	147	12	175	5	5.96	0.00	0.00	idle	walking	0	0	406	-2	-1
36.235	0	147	12	175	5	5.96	0.00	0.00	idle	walking	0	0	406	-2	-1
36.266	0	147	12	175	5	5.96	0.00	0.00	idle	walking	0	0	406	-2	-1
36.296	0	147	12	175	5	5.96	0.00	0.00	idle	walking	0	0	406	-2	-1
36.341	0	147	12	175	5	5.96	0.00	0.00	idle	walking	0	0	406	-2	-1
36.373	0	147	12	175	5	5.96	0.00	0.00	idle	walking	0	0	406	-2	-1
36.391	0	147	12	175	5	5.96	0.00	0.00	idle	walking	0	0	406	-2	-1
36.424	0	147	12	175	5	5.96	0.00	0.00	idle	walking	0	0	406	-2	-1
36.457	0	147	12	175	5	5.96	0.00	0.00	idle	walking	0	0	406	-2	-1
36.483	0	147	12	175	5	5.96	0.00	0.00	idle	walking	0	0	406	-2	-1
36.514	0	147	12	175	5	5.96	0.00	0.00	idle	walking	0	0	406	-2	-1
36.545	0	147	12	175	5	5.96	0.00	0.00	idle	walking	0	0	406	-2	-1
36.588	0	147	12	175	5	5.96	0.00	0.00	idle	walking	0	0	406	-2	-1
36.608	0	147	12	175	5	5.96	0.00	0.00	idle	walking	0	0	406	-2	-1
36.640	0	147	12	175	5	5.96	0.00	0.00	idle	walking	0	0	406	-2	-1
36.673	0	147	12	175	5	5.96	0.00	0.00	idle	walking	0	0	406	-2	-1
36.702	0	147	12	175	5	5.96	0.00	0.00	idle	walking	0	0	406	-2	-1
36.733	0	147	12	175	5	5.96	0.00	0.00	idle	walking	0	0	406	-2	-1
36.772	0	147	12	175	5	5.96	0.00	0.00	idle	walking	0	0	406	-2	-1
36.795	0	147	12	175	5	5.96	0.00	0.00	idle	walking	0	0	406	-2	-1
36.839	0	147	12	175	5	5.96	0.00	0.00	idle	walking	0	0	406	-2	-1
36.873	0	147	12	175	5	5.96	0.00	0.00	idle	walking	0	0	406	-2	-1
36.905	0	147	12	175	5	5.96	0.00	0.00	idle	walking	0	0	406	-2	-1
36.942	0	147	12	175	5	5.96	0.00	0.00	idle	walking	0	0	406	-2	-1
36.967	0	147	12	175	5	5.96	0.00	0.00	idle	walking	0	0	406	-2	-1
37.006	0	147	12	175	5	5.96	0.00	0.00	idle	walking	0	0	406	-2	-1
37.039	0	147	12	175	5	5.96	0.00	0.00	idle	walking	0	0	406	-2	-1
37.063	0	147	12	175	5	5.96	0.00	0.00	idle	walking	0	0	406	-2	-1
37.106	0	147	12	175	5	5.96	0.00	0.00	idle	walking	0	0	406	-2	-1
37.141	0	147	12	175	5	5.96	0.00	0.00	idle	walking	0	0	406	-2	-1
37.155	0	147	12	175	5	5.96	0.00	0.00	idle	walking	0	0	406	-2	-1
37.190	0	147	12	175	5	5.96	0.00	0.00	idle	walking	0	0	406	-2	-1
37.222	0	147	12	175	5	5.96	0.00	0.00	idle	walking	0	0	406	-2	-1
37.257	0	147	12	175	5	5.96	0.00	0.00	idle	walking	0	0	406	-2	-1
37.281	0	147	12	175	5	5.96	0.00	0.00	idle	walking	0	0	406	-2	-1
37.326	0	147	12	175	5	5.96	0.00	0.00	idle	walking	0	0	406	-2	-1
37.355	0	147	12	175	5	5.96	0.00	0.00	idle	walking	0	0	406	-2	-1
37.388	0	147	12	175	5	5.96	0.00	0.00	idle	walking	0	0	406	-2	-1
37.407	0	147	12	175	5	5.96	0.00	0.00	idle	walking	0	0	406	-2	-1
37.440	0	147	12	175	5	5.96	0.00	0.00	idle	walking	0	0	406	-2	-1
37.473	0	147	12	175	5	5.96	0.00	0.00	idle	walking	0	0	406	-2	-1
37.512	0	147	12	175	5	5.96	0.00	0.00	idle	walking	0	0	406	-2	-1
37.541	0	147	12	175	5	5.96	0.00	0.00	idle	walking	0	0	406	-2	-1
37.576	0	147	12	175	5	5.96	0.00	0.00	idle	walking	0	0	406	-2	-1
37.607	0	147	12	175	5	5.96	0.00	0.00	idle	walking	0	0	406	-2	-1
37.640	0	147	12	175	5	5.96	0.00	0.00	idle	walking	0	0	406	-2	-1
37.660	0	147	12	175	5	5.96	0.00	0.00	idle	walking	0	0	406	-2	-1
37.699	0	147	12	175	5	5.96	0.00	0.00	idle	walking	0	0	406	-2	-1
37.725	0	147	12	175	5	5.96	0.00	0.00	idle	walking	0	0	406	-2	-1
37.756	0	147	12	175	5	5.96	0.00	0.00	idle	walking	0	0	406	-2	-1
37.790	0	147	12	175	5	5.96	0.00	0.00	idle	walking	0	0	406	-2	-1
37.824	0	147	12	175	5	5.96	0.00	0.00	idle	walking	0	0	406	-2	-1
37.843	0	147	12	175	5	5.96	0.00	0.00	idle	walking	0	0	406	-2	-1
37.881	0	147	12	175	5	5.96	0.00	0.00	idle	walking	0	0	406	-2	-1
37.906	0	147	12	175	5	5.96	0.00	0.00	idle	walking	0	0	406	-2	-1
37.939	0	147	12	175	5	5.96	0.00	0.00	idle	walking	0	0	406	-2	-1
37.973	0	147	12	175	5	5.96	0.00	0.00	idle	walking	0	0	406	-2	-1
38.009	0	147	12	175	5	5.96	0.00	0.00	idle	walking	0	0	406	-2	-1
38.040	0	147	12	175	5	5.96	0.00	0.00	idle	walking	0	0	406	-2	-1
38.070	0	147	12	175	5	5.96	0.00	0.00	idle	walking	0	0	406	-2	-1
38.105	0	147	12	175	5	5.96	0.00	0.00	idle	walking	0	0	406	-2	-1
38.126	0	147	12	175	5	5.96	0.00	0.00	idle	walking	0	0	406	-2	-1
38.156	0	147	12	175	5	5.96	0.00	0.00	idle	walking	0	0	406	-2	-1
38.191	0	147	12	175	5	5.96	0.00	0.00	idle	walking	0	0	406	-2	-1
38.223	0	147	12	175	5	5.96	0.00	0.00	idle	walking	0	0	406	-2	-1
38.260	0	147	12	175	5	5.96	0.00	0.00	idle	walking	0	0	406	-2	-1
38.282	0	147	12	175	5	5.96	0.00	0.00	idle	walking	0	0	406	-2	-1
38.323	0	147	12	175	5	5.96	0.00	0.00	idle	walking	0	0	406	-2	-1
38.356	0	147	12	175	5	5.96	0.00	0.00	idle	walking	0	0	406	-2	-1
38.375	0	147	12	175	5	5.96	0.00	0.00	idle	walking	0	0	406	-2	-1
38.407	0	147	12	175	5	5.96	0.00	0.00	idle	walking	0	0	406	-2	-1
38.443	0	147	12	175	5	5.96	0.00	0.00	idle	walking	0	0	406	-2	-1
38.476	0	147	12	175	5	5.96	0.00	0.00	idle	walking	0	0	406	-2	-1
38.503	0	147	12	175	5	5.96	0.00	0.00	idle	walking	0	0	406	-2	-1
38.540	0	147	12	175	5	5.96	0.00	0.00	idle	walking	0	0	406	-2	-1
38.575	0	147	12	175	5	5.96	0.00	0.00	idle	walking	0	0	406	-2	-1
38.607	0	147	12	175	5	5.96	0.00	0.00	idle	walking	0	0	406	-2	-1
38.643	0	147	12	175	5	5.96	0.00	0.00	idle	walking	0	0	406	-2	-1
38.656	0	147	12	175	5	5.96	0.00	0.00	idle	walking	0	0	406	-2	-1
38.691	0	147	12	175	5	5.96	0.00	0.00	idle	walking	0	0	406	-2	-1
38.724	0	147	12	175	5	5.96	0.00	0.00	idle	walking	0	0	406	-2	-1
38.755	0	147	12	175	5	5.96	0.00	0.00	idle	walking	0	0	406	-2	-1
38.791	0	147	12	175	5	5.96	0.00	0.00	idle	walking	0	0	406	-2	-1
38.828	0	147	12	175	5	5.96	0.00	0.00	idle	walking	0	0	406	-2	-1
38.854	0	147	12	175	5	5.96	0.00	0.00	idle	walking	0	0	406	-2	-1
38.886	0	147	12	175	5	5.96	0.00	0.00	idle	walking	0	0	406	-2	-1
38.907	0	147	12	175	5	5.96	0.00	0.00	idle	walking	0	0	406	-2	-1
38.941	0	147	12	175	5	5.96	0.00	0.00	idle	walking	0	0	406	-2	-1
38.974	0	147	12	175	5	5.96	0.00	0.00	idle	walking	0	0	406	-2	-1
39.127	1	147	12	50	50	5.68	0.00	0.00	idle	walking	0	0	406	-2	-1
39.163	1	145	13	50	50	5.68	-1.78	0.89	idle	walking	0	0	407	-52	-6
39.191	1	142	14	50	50	5.68	-2.83	0.94	idle	walking	0	0	408	-3	1
39.229	1	139	15	50	50	5.68	-2.92	0.97	idle	walking	0	0	409	-3	1
39.265	1	136	16	50	50	5.68	-2.97	0.99	idle	walking	0	0	410	-3	1
39.299	1	183	24	50	50	5.68	-3.37	1.12	walk_left	walking	0	0	411	47	8
39.323	1	179	25	50	50	5.68	-3.65	0.91	walk_left	walking	0	0	412	-4	1
39.379	1	175	26	50	50	5.68	-3.75	0.94	walk_left	walking	0	0	413	-4	1
39.408	1	171	27	50	50	5.68	-3.80	0.95	walk_left	walking	0	0	414	-4	1
39.442	1	167	28	50	50	5.68	-3.83	0.96	walk_left	walking	0	0	415	-4	1
39.475	1	163	29	50	50	5.68	-3.84	0.96	walk_left	walking	0	0	416	-4	1
39.509	1	159	30	50	50	5.68	-3.85	0.96	walk_left	walking	0	0	417	-4	1
39.541	1	155	31	50	50	5.68	-3.85	0.96	walk_left	walking	0	0	418	-4	1
39.569	1	151	32	50	50	5.68	-3.85	0.96	walk_left	walking	0	0	419	-4	1
39.596	1	147	33	50	50	5.68	-3.85	0.96	walk_left	walking	0	0	420	-4	1
39.632	1	143	34	50	50	5.68	-3.47	0.87	walk_left	walking	0	0	421	-4	1
39.657	1	140	35	50	50	5.68	-3.20	1.07	walk_left	walking	0	0	422	-3	1
39.690	1	137	36	50	50	5.68	-3.11	1.04	walk_left	walking	0	0	423	-3	1
39.724	1	134	37	50	50	5.68	-3.06	1.02	walk_left	walking	0	0	424	-3	1
39.756	1	131	37	50	50	5.68	-3.20	0.00	walk_left	walking	0	0	425	-3	0
39.789	1	128	38	50	50	5.68	-3.03	1.01	walk_left	walking	0	0	426	-3	1
39.813	1	125	38	50	50	5.68	-3.19	0.00	walk_left	walking	0	0	427	-3	0
39.854	1	122	39	50	50	5.68	-3.02	1.01	walk_left	walking	0	0	428	-3	1
39.884	1	119	39	50	50	5.68	-3.18	0.00	walk_left	walking	0	0	429	-3	0
39.907	1	116	40	50	50	5.68	-3.02	1.01	walk_left	walking	0	0	430	-3	1
39.943	1	113	40	50	50	5.68	-3.18	0.00	walk_left	walking	0	0	431	-3	0
39.975	1	110	40	50	50	5.68	-3.18	0.00	walk_left	walking	0	0	432	-3	0
40.006	1	107	41	50	50	5.68	-3.02	1.01	walk_left	walking	0	0	433	-3	1
40.041	1	104	41	50	50	5.68	-3.18	0.00	walk_left	walking	0	0	434	-3	0
40.071	1	101	42	50	50	5.68	-3.02	1.01	walk_left	walking	0	0	435	-3	1
40.103	1	98	42	50	50	5.68	-3.18	0.00	walk_left	walking	0	0	436	-3	0
40.132	1	95	43	50	50	5.68	-3.34	1.11	walk_left	walking	0	0	437	-3	1
40.157	1	91	44	50	50	5.68	-3.46	0.87	walk_left	walking	0	0	438	-4	1
40.189	1	88	44	50	50	5.68	-3.43	0.00	walk_left	walking	0	0	439	-3	0
40.275	1	85	45	50	50	5.68	-3.08	1.03	walk_left	walking	0	0	440	-3	1
40.291	1	82	45	50	50	5.68	-3.03	0.00	walk_left	walking	0	0	441	-3	0
40.318	1	79	45	50	50	5.68	-2.80	0.00	walk_left	walking	0	0	442	-3	0
40.345	0	76	45	50	50	5.68	0.00	0.00	idle	walking	0	0	443	-3	0
40.378	0	76	45	50	50	5.68	0.00	0.00	idle	walking	0	0	443	-3	0
40.417	0	26	38	50	50	5.68	0.00	0.00	idle	walking	0	0	443	-3	0
40.440	0	26	38	50	50	5.68	0.00	0.00	idle	walking	0	0	443	-3	0
40.473	0	26	38	50	50	5.68	0.00	0.00	idle	walking	0	0	443	-3	0
40.513	0	26	38	50	50	5.68	0.00	0.00	idle	walking	0	0	443	-3	0
40.536	0	26	38	50	50	5.68	0.00	0.00	idle	walking	0	0	443	-3	0
40.568	0	26	38	50	50	5.68	0.00	0.00	idle	walking	0	0	443	-3	0
40.610	0	26	38	50	50	5.68	0.00	0.00	idle	walking	0	0	443	-3	0
40.630	0	26	38	50	50	5.68	0.00	0.00	idle	walking	0	0	443	-3	0
40.656	0	26	38	50	50	5.68	0.00	0.00	idle	walking	0	0	443	-3	0
40.695	0	26	38	50	50	5.68	0.00	0.00	idle	walking	0	0	443	-3	0
40.723	0	26	38	50	50	5.68	0.00	0.00	idle	walking	0	0	443	-3	0
40.755	0	26	38	50	50	5.68	0.00	0.00	idle	walking	0	0	443	-3	0
40.790	0	26	38	50	50	5.68	0.00	0.00	idle	walking	0	0	443	-3	0
40.817	0	26	38	50	50	5.68	0.00	0.00	idle	walking	0	0	443	-3	0
40.849	0	26	38	50	50	5.68	0.00	0.00	idle	walking	0	0	443	-3	0
40.887	0	26	38	50	50	5.68	0.00	0.00	idle	walking	0	0	443	-3	0
40.908	0	26	38	50	50	5.68	0.00	0.00	idle	walking	0	0	443	-3	0
40.941	0	26	38	50	50	5.68	0.00	0.00	idle	walking	0	0	443	-3	0
40.981	0	26	38	50	50	5.68	0.00	0.00	idle	walking	0	0	443	-3	0
41.006	0	26	38	50	50	5.68	0.00	0.00	idle	walking	0	0	443	-3	0
41.037	0	26	38	50	50	5.68	0.00	0.00	idle	walking	0	0	443	-3	0
41.074	0	26	38	50	50	5.68	0.00	0.00	idle	walking	0	0	443	-3	0
41.101	0	26	38	50	50	5.68	0.00	0.00	idle	walking	0	0	443	-3	0
41.392	0	26	38	50	50	5.68	0.00	0.00	idle	walking	0	0	443	-3	0
41.407	0	26	38	50	50	5.68	0.00	0.00	idle	walking	0	0	443	-3	0
41.445	0	26	38	50	50	5.68	0.00	0.00	idle	walking	0	0	443	-3	0
41.475	0	26	38	50	50	5.68	0.00	0.00	idle	walking	0	0	443	-3	0
41.507	0	26	38	50	50	5.68	0.00	0.00	idle	walking	0	0	443	-3	0
41.542	0	26	38	50	50	5.68	0.00	0.00	idle	walking	0	0	443	-3	0
41.568	0	26	38	50	50	5.68	0.00	0.00	idle	walking	0	0	443	-3	0
41.600	0	26	38	50	50	5.68	0.00	0.00	idle	walking	0	0	443	-3	0
41.635	0	26	38	50	50	5.68	0.00	0.00	idle	walking	0	0	443	-3	0
41.656	0	26	38	50	50	5.68	0.00	0.00	idle	walking	0	0	443	-3	0
41.701	0	26	38	50	50	5.68	0.00	0.00	idle	walking	0	0	443	-3	0
41.722	0	26	38	50	50	5.68	0.00	0.00	idle	walking	0	0	443	-3	0
41.755	0	26	38	50	50	5.68	0.00	0.00	idle	walking	0	0	443	-3	0
41.790	0	26	38	50	50	5.68	0.00	0.00	idle	walking	0	0	443	-3	0
41.823	0	26	38	50	50	5.68	0.00	0.00	idle	walking	0	0	443	-3	0
41.849	0	26	38	50	50	5.68	0.00	0.00	idle	walking	0	0	443	-3	0
41.881	0	26	38	50	50	5.68	0.00	0.00	idle	walking	0	0	443	-3	0
41.907	0	26	38	50	50	5.68	0.00	0.00	idle	walking	0	0	443	-3	0
41.939	0	26	38	50	50	5.68	0.00	0.00	idle	walking	0	0	443	-3	0
41.972	0	26	38	50	50	5.68	0.00	0.00	idle	walking	0	0	443	-3	0
42.189	0	26	38	50	50	5.68	0.00	0.00	idle	walking	0	0	443	-3	0
42.223	0	26	38	50	50	5.68	0.00	0.00	idle	walking	0	0	443	-3	0
42.255	0	26	38	50	50	5.68	0.00	0.00	idle	walking	0	0	443	-3	0
42.286	0	26	38	50	50	5.68	0.00	0.00	idle	walking	0	0	443	-3	0
42.318	0	26	38	50	50	5.68	0.00	0.00	idle	walking	0	0	443	-3	0
42.347	0	26	38	50	50	5.68	0.00	0.00	idle	walking	0	0	443	-3	0
42.381	0	26	38	50	50	5.68	0.00	0.00	idle	walking	0	0	443	-3	0
42.405	0	26	38	50	50	5.68	0.00	0.00	idle	walking	0	0	443	-3	0
42.440	0	26	38	50	50	5.68	0.00	0.00	idle	walking	0	0	443	-3	0
42.472	0	26	38	50	50	5.68	0.00	0.00	idle	walking	0	0	443	-3	0
42.502	0	26	38	50	50	5.68	0.00	0.00	idle	walking	0	0	443	-3	0
42.535	0	26	38	50	50	5.68	0.00	0.00	idle	walking	0	0	443	-3	0
42.567	0	26	38	50	50	5.68	0.00	0.00	idle	walking	0	0	443	-3	0
42.594	0	26	38	50	50	5.68	0.00	0.00	idle	walking	0	0	443	-3	0
42.627	0	26	38	50	50	5.68	0.00	0.00	idle	walking	0	0	443	-3	0
42.657	0	26	38	50	50	5.68	0.00	0.00	idle	walking	0	0	443	-3	0
42.689	0	26	38	50	50	5.68	0.00	0.00	idle	walking	0	0	443	-3	0
42.719	0	26	38	50	50	5.68	0.00	0.00	idle	walking	0	0	443	-3	0
42.754	0	26	38	50	50	5.68	0.00	0.00	idle	walking	0	0	443	-3	0
42.780	0	26	38	50	50	5.68	0.00	0.00	idle	walking	0	0	443	-3	0
42.812	0	26	38	50	50	5.68	0.00	0.00	idle	walking	0	0	443	-3	0
42.855	0	26	38	50	50	5.68	0.00	0.00	idle	walking	0	0	443	-3	0
42.874	0	26	38	50	50	5.68	0.00	0.00	idle	walking	0	0	443	-3	0
42.906	0	26	38	50	50	5.68	0.00	0.00	idle	walking	0	0	443	-3	0
42.943	0	26	38	50	50	5.68	0.00	0.00	idle	walking	0	0	443	-3	0
42.971	0	26	38	50	50	5.68	0.00	0.00	idle	walking	0	0	443	-3	0
43.006	0	26	38	50	50	5.68	0.00	0.00	idle	walking	0	0	443	-3	0
43.039	0	26	38	50	50	5.68	0.00	0.00	idle	walking	0	0	443	-3	0
43.071	0	26	38	50	50	5.68	0.00	0.00	idle	walking	0	0	443	-3	0
43.094	0	26	38	50	50	5.68	0.00	0.00	idle	walking	0	0	443	-3	0
43.142	0	26	38	50	50	5.68	0.00	0.00	idle	walking	0	0	443	-3	0
43.157	0	26	38	50	50	5.68	0.00	0.00	idle	walking	0	0	443	-3	0
43.190	0	26	38	50	50	5.68	0.00	0.00	idle	walking	0	0	443	-3	0
43.222	0	26	38	50	50	5.68	0.00	0.00	idle	walking	0	0	443	-3	0
43.257	0	26	38	50	50	5.68	0.00	0.00	idle	walking	0	0	443	-3	0
43.290	0	26	38	50	50	5.68	0.00	0.00	idle	walking	0	0	443	-3	0
43.317	0	26	38	50	50	5.68	0.00	0.00	idle	walking	0	0	443	-3	0
43.355	0	26	38	50	50	5.68	0.00	0.00	idle	walking	0	0	443	-3	0
43.387	0	26	38	50	50	5.68	0.00	0.00	idle	walking	0	0	443	-3	0
43.406	0	26	38	50	50	5.68	0.00	0.00	idle	walking	0	0	443	-3	0
43.440	0	26	38	50	50	5.68	0.00	0.00	idle	walking	0	0	443	-3	0
43.473	0	26	38	50	50	5.68	0.00	0.00	idle	walking	0	0	443	-3	0
43.513	0	26	38	50	50	5.68	0.00	0.00	idle	walking	0	0	443	-3	0
43.530	0	26	38	50	50	5.68	0.00	0.00	idle	walking	0	0	443	-3	0
43.574	0	26	38	50	50	5.68	0.00	0.00	idle	walking	0	0	443	-3	0
43.605	0	26	38	50	50	5.68	0.00	0.00	idle	walking	0	0	443	-3	0
43.637	0	26	38	50	50	5.68	0.00	0.00	idle	walking	0	0	443	-3	0
43.657	0	26	38	50	50	5.68	0.00	0.00	idle	walking	0	0	443	-3	0
43.693	0	26	38	50	50	5.68	0.00	0.00	idle	walking	0	0	443	-3	0
43.722	0	26	38	50	50	5.68	0.00	0.00	idle	walking	0	0	443	-3	0
43.757	0	26	38	50	50	5.68	0.00	0.00	idle	walking	0	0	443	-3	0
43.789	0	26	38	50	50	5.68	0.00	0.00	idle	walking	0	0	443	-3	0
43.823	0	26	38	50	50	5.68	0.00	0.00	idle	walking	0	0	443	-3	0
43.856	0	26	38	50	50	5.68	0.00	0.00	idle	walking	0	0	443	-3	0
43.891	0	26	38	50	50	5.68	0.00	0.00	idle	walking	0	0	443	-3	0
43.907	0	26	38	50	50	5.68	0.00	0.00	idle	walking	0	0	443	-3	0
43.939	0	26	38	50	50	5.68	0.00	0.00	idle	walking	0	0	443	-3	0
43.974	0	26	38	50	50	5.68	0.00	0.00	idle	walking	0	0	443	-3	0
44.007	0	26	38	50	50	5.68	0.00	0.00	idle	walking	0	0	443	-3	0
44.039	0	26	38	50	50	5.68	0.00	0.00	idle	walking	0	0	443	-3	0
44.076	0	26	38	50	50	5.68	0.00	0.00	idle	walking	0	0	443	-3	0
44.105	0	26	38	50	50	5.68	0.00	0.00	idle	walking	0	0	443	-3	0
44.136	0	26	38	50	50	5.68	0.00	0.00	idle	walking	0	0	443	-3	0
44.155	0	26	38	50	50	5.68	0.00	0.00	idle	walking	0	0	443	-3	0
44.191	0	26	38	50	50	5.68	0.00	0.00	idle	walking	0	0	443	-3	0
44.222	0	26	38	50	50	5.68	0.00	0.00	idle	walking	0	0	443	-3	0
44.260	0	26	38	50	50	5.68	0.00	0.00	idle	walking	0	0	443	-3	0
44.289	0	26	38	50	50	5.68	0.00	0.00	idle	walking	0	0	443	-3	0
44.322	0	26	38	50	50	5.68	0.00	0.00	idle	walking	0	0	443	-3	0
44.345	0	26	38	50	50	5.68	0.00	0.00	idle	walking	0	0	443	-3	0
44.384	0	26	38	50	50	5.68	0.00	0.00	idle	walking	0	0	443	-3	0
44.409	0	26	38	50	50	5.68	0.00	0.00	idle	walking	0	0	443	-3	0
44.446	0	26	38	50	50	5.68	0.00	0.00	idle	walking	0	0	443	-3	0
44.473	0	26	38	50	50	5.68	0.00	0.00	idle	walking	0	0	443	-3	0
44.509	0	26	38	50	50	5.68	0.00	0.00	idle	walking	0	0	443	-3	0
44.542	0	26	38	50	50	5.68	0.00	0.00	idle	walking	0	0	443	-3	0
44.570	0	26	38	50	50	5.68	0.00	0.00	idle	walking	0	0	443	-3	0
44.602	0	26	38	50	50	5.68	0.00	0.00	idle	walking	0	0	443	-3	0
44.630	0	26	38	50	50	5.68	0.00	0.00	idle	walking	0	0	443	-3	0
44.657	0	26	38	50	50	5.68	0.00	0.00	idle	walking	0	0	443	-3	0
44.689	0	26	38	50	50	5.68	0.00	0.00	idle	walking	0	0	443	-3	0
44.723	0	26	38	50	50	5.68	0.00	0.00	idle	walking	0	0	443	-3	0
44.757	0	26	38	50	50	5.68	0.00	0.00	idle	walking	0	0	443	-3	0
44.788	0	26	38	50	50	5.68	0.00	0.00	idle	walking	0	0	443	-3	0
44.822	0	26	38	50	50	5.68	0.00	0.00	idle	walking	0	0	443	-3	0
44.851	0	26	38	50	50	5.68	0.00	0.00	idle	walking	0	0	443	-3	0
44.879	0	26	38	50	50	5.68	0.00	0.00	idle	walking	0	0	443	-3	0
44.905	0	26	38	50	50	5.68	0.00	0.00	idle	walking	0	0	443	-3	0
44.938	0	26	38	50	50	5.68	0.00	0.00	idle	walking	0	0	443	-3	0
44.972	0	26	38	50	50	5.68	0.00	0.00	idle	walking	0	0	443	-3	0
45.224	1	29	38	232	8	5.68	3.12	0.00	walk_right	walking	0	0	444	-47	-7
45.261	1	34	37	232	8	5.68	4.59	-0.92	walk_right	walking	0	0	445	5	-1
45.281	1	39	36	232	8	5.68	5.36	-1.07	walk_right	walking	0	0	446	5	-1
45.314	1	45	35	232	8	5.68	5.77	-0.96	walk_right	walking	0	0	447	6	-1
45.346	1	51	34	232	8	5.68	5.97	-0.99	walk_right	walking	0	0	448	6	-1
45.379	1	57	33	232	8	5.68	6.06	-1.01	walk_right	walking	0	0	449	6	-1
45.408	1	63	32	232	8	5.68	6.11	-1.02	walk_right	walking	0	0	450	6	-1
45.446	1	69	31	232	8	5.68	6.14	-1.02	walk_right	walking	0	0	451	6	-1
45.476	1	124	37	232	8	5.68	6.11	-1.22	walk_right	walking	0	0	452	55	6
45.506	1	129	36	232	8	5.68	6.12	-1.22	walk_right	walking	0	0	453	5	-1
45.540	1	134	35	232	8	5.68	6.12	-1.22	walk_right	walking	0	0	454	5	-1
45.567	1	139	33	232	8	5.68	5.80	-2.32	walk_right	walking	0	0	455	5	-2
45.599	1	144	32	232	8	5.68	5.51	-1.10	walk_right	walking	0	0	456	5	-1
45.633	1	149	31	232	8	5.68	5.20	-1.04	walk_right	walking	0	0	457	5	-1
45.657	1	154	30	232	8	5.68	5.05	-1.01	walk_right	walking	0	0	458	5	-1
45.689	1	159	29	232	8	5.68	4.97	-0.99	walk_right	walking	0	0	459	5	-1
45.727	1	164	28	232	8	5.68	4.94	-0.99	walk_right	walking	0	0	460	5	-1
45.752	1	169	27	232	8	5.68	4.92	-0.98	walk_right	walking	0	0	461	5	-1
45.782	1	174	26	232	8	5.68	4.91	-0.98	walk_right	walking	0	0	462	5	-1
45.821	1	179	25	232	8	5.68	4.90	-0.98	walk_right	walking	0	0	463	5	-1
45.847	1	184	23	232	8	5.68	4.64	-1.86	walk_right	walking	0	0	464	5	-2
45.876	1	189	22	232	8	5.68	4.90	-0.98	walk_right	walking	0	0	465	5	-1
45.913	1	194	20	232	8	5.68	4.94	-1.98	walk_right	walking	0	0	466	5	-2
45.938	1	199	18	232	8	5.68	4.78	-1.91	walk_right	walking	0	0	467	5	-2
45.968	1	204	17	232	8	5.68	4.64	-0.93	walk_right	walking	0	0	468	5	-1
46.006	0	208	16	232	8	5.68	0.00	0.00	idle	walking	0	0	469	4	-1
46.050	0	158	9	232	8	5.68	0.00	0.00	idle	walking	0	0	469	4	-1
46.074	0	158	9	232	8	5.68	0.00	0.00	idle	walking	0	0	469	4	-1
46.107	0	158	9	232	8	5.68	0.00	0.00	idle	walking	0	0	469	4	-1
46.125	0	158	9	232	8	5.68	0.00	0.00	idle	walking	0	0	469	4	-1
46.158	0	158	9	232	8	5.68	0.00	0.00	idle	walking	0	0	469	4	-1
46.191	0	158	9	232	8	5.68	0.00	0.00	idle	walking	0	0	469	4	-1
46.226	0	158	9	232	8	5.68	0.00	0.00	idle	walking	0	0	469	4	-1
46.258	0	158	9	232	8	5.68	0.00	0.00	idle	walking	0	0	469	4	-1
46.299	0	158	9	232	8	5.68	0.00	0.00	idle	walking	0	0	469	4	-1
46.325	0	158	9	232	8	5.68	0.00	0.00	idle	walking	0	0	469	4	-1
46.354	0	158	9	232	8	5.68	0.00	0.00	idle	walking	0	0	469	4	-1
46.377	0	158	9	232	8	5.68	0.00	0.00	idle	walking	0	0	469	4	-1
46.413	0	158	9	232	8	5.68	0.00	0.00	idle	walking	0	0	469	4	-1
46.441	0	158	9	232	8	5.68	0.00	0.00	idle	walking	0	0	469	4	-1
46.473	0	158	9	232	8	5.68	0.00	0.00	idle	walking	0	0	469	4	-1
46.506	0	158	9	232	8	5.68	0.00	0.00	idle	walking	0	0	469	4	-1
46.540	0	158	9	232	8	5.68	0.00	0.00	idle	walking	0	0	469	4	-1
46.573	0	158	9	232	8	5.68	0.00	0.00	idle	walking	0	0	469	4	-1
46.598	0	158	9	232	8	5.68	0.00	0.00	idle	walking	0	0	469	4	-1
46.626	0	158	9	232	8	5.68	0.00	0.00	idle	walking	0	0	469	4	-1
46.656	0	158	9	232	8	5.68	0.00	0.00	idle	walking	0	0	469	4	-1
46.691	0	158	9	232	8	5.68	0.00	0.00	idle	walking	0	0	469	4	-1
46.723	0	158	9	232	8	5.68	0.00	0.00	idle	walking	0	0	469	4	-1
46.756	0	158	9	232	8	5.68	0.00	0.00	idle	walking	0	0	469	4	-1
46.793	0	158	9	232	8	5.68	0.00	0.00	idle	walking	0	0	469	4	-1
46.812	0	158	9	232	8	5.68	0.00	0.00	idle	walking	0	0	469	4	-1
46.856	0	158	9	232	8	5.68	0.00	0.00	idle	walking	0	0	469	4	-1
46.889	0	158	9	232	8	5.68	0.00	0.00	idle	walking	0	0	469	4	-1
46.905	0	158	9	232	8	5.68	0.00	0.00	idle	walking	0	0	469	4	-1
46.938	0	158	9	232	8	5.68	0.00	0.00	idle	walking	0	0	469	4	-1
46.976	0	158	9	232	8	5.68	0.00	0.00	idle	walking	0	0	469	4	-1
47.006	0	158	9	232	8	5.68	0.00	0.00	idle	walking	0	0	469	4	-1
47.040	0	158	9	232	8	5.68	0.00	0.00	idle	walking	0	0	469	4	-1
47.072	0	158	9	232	8	5.68	0.00	0.00	idle	walking	0	0	469	4	-1
47.106	0	158	9	232	8	5.68	0.00	0.00	idle	walking	0	0	469	4	-1
47.137	0	158	9	232	8	5.68	0.00	0.00	idle	walking	0	0	469	4	-1
47.160	0	158	9	232	8	5.68	0.00	0.00	idle	walking	0	0	469	4	-1
47.188	0	158	9	232	8	5.68	0.00	0.00	idle	walking	0	0	469	4	-1
47.222	0	158	9	232	8	5.68	0.00	0.00	idle	walking	0	0	469	4	-1
47.260	0	158	9	232	8	5.68	0.00	0.00	idle	walking	0	0	469	4	-1
47.289	0	158	9	232	8	5.68	0.00	0.00	idle	walking	0	0	469	4	-1
47.323	0	158	9	232	8	5.68	0.00	0.00	idle	walking	0	0	469	4	-1
47.359	0	158	9	232	8	5.68	0.00	0.00	idle	walking	0	0	469	4	-1
47.385	0	158	9	232	8	5.68	0.00	0.00	idle	walking	0	0	469	4	-1
47.405	0	158	9	232	8	5.68	0.00	0.00	idle	walking	0	0	469	4	-1
47.438	0	158	9	232	8	5.68	0.00	0.00	idle	walking	0	0	469	4	-1
47.473	0	158	9	232	8	5.68	0.00	0.00	idle	walking	0	0	469	4	-1
47.505	0	158	9	232	8	5.68	0.00	0.00	idle	walking	0	0	469	4	-1
47.544	0	158	9	232	8	5.68	0.00	0.00	idle	walking	0	0	469	4	-1
47.574	0	158	9	232	8	5.68	0.00	0.00	idle	walking	0	0	469	4	-1
47.607	0	158	9	232	8	5.68	0.00	0.00	idle	walking	0	0	469	4	-1
47.637	0	158	9	232	8	5.68	0.00	0.00	idle	walking	0	0	469	4	-1
47.654	0	158	9	232	8	5.68	0.00	0.00	idle	walking	0	0	469	4	-1
47.689	0	158	9	232	8	5.68	0.00	0.00	idle	walking	0	0	469	4	-1
47.725	0	158	9	232	8	5.68	0.00	0.00	idle	walking	0	0	469	4	-1
47.755	0	158	9	232	8	5.68	0.00	0.00	idle	walking	0	0	469	4	-1
47.790	0	158	9	232	8	5.68	0.00	0.00	idle	walking	0	0	469	4	-1
47.822	0	158	9	232	8	5.68	0.00	0.00	idle	walking	0	0	469	4	-1
47.856	0	158	9	232	8	5.68	0.00	0.00	idle	walking	0	0	469	4	-1
47.888	0	158	9	232	8	5.68	0.00	0.00	idle	walking	0	0	469	4	-1
47.910	0	158	9	232	8	5.68	0.00	0.00	idle	walking	0	0	469	4	-1
47.940	0	158	9	232	8	5.68	0.00	0.00	idle	walking	0	0	469	4	-1
47.973	0	158	9	232	8	5.68	0.00	0.00	idle	walking	0	0	469	4	-1
48.174	0	158	9	232	8	5.68	0.00	0.00	idle	walking	0	0	469	4	-1
48.187	0	158	9	232	8	5.68	0.00	0.00	idle	walking	0	0	469	4	-1
48.225	0	158	9	232	8	5.68	0.00	0.00	idle	walking	0	0	469	4	-1
48.251	0	158	9	232	8	5.68	0.00	0.00	idle	walking	0	0	469	4	-1
48.284	0	158	9	232	8	5.68	0.00	0.00	idle	walking	0	0	469	4	-1
48.322	0	158	9	232	8	5.68	0.00	0.00	idle	walking	0	0	469	4	-1
48.348	0	158	9	232	8	5.68	0.00	0.00	idle	walking	0	0	469	4	-1
48.379	0	158	9	232	8	5.68	0.00	0.00	idle	walking	0	0	469	4	-1
48.408	0	158	9	232	8	5.68	0.00	0.00	idle	walking	0	0	469	4	-1
48.440	0	158	9	232	8	5.68	0.00	0.00	idle	walking	0	0	469	4	-1
48.474	0	158	9	232	8	5.68	0.00	0.00	idle	walking	0	0	469	4	-1
48.512	0	158	9	232	8	5.68	0.00	0.00	idle	walking	0	0	469	4	-1
48.542	0	158	9	232	8	5.68	0.00	0.00	idle	walking	0	0	469	4	-1
48.576	0	158	9	232	8	5.68	0.00	0.00	idle	walking	0	0	469	4	-1
48.612	0	158	9	232	8	5.68	0.00	0.00	idle	walking	0	0	469	4	-1
48.637	0	158	9	232	8	5.68	0.00	0.00	idle	walking	0	0	469	4	-1
48.659	0	158	9	232	8	5.68	0.00	0.00	idle	walking	0	0	469	4	-1
48.696	0	158	9	232	8	5.68	0.00	0.00	idle	walking	0	0	469	4	-1
48.722	0	158	9	232	8	5.68	0.00	0.00	idle	walking	0	0	469	4	-1
48.760	0	158	9	232	8	5.68	0.00	0.00	idle	walking	0	0	469	4	-1
48.788	0	158	9	232	8	5.68	0.00	0.00	idle	walking	0	0	469	4	-1
48.823	0	158	9	232	8	5.68	0.00	0.00	idle	walking	0	0	469	4	-1
48.845	0	158	9	232	8	5.68	0.00	0.00	idle	walking	0	0	469	4	-1
48.891	0	158	9	232	8	5.68	0.00	0.00	idle	walking	0	0	469	4	-1
48.906	0	158	9	232	8	5.68	0.00	0.00	idle	walking	0	0	469	4	-1
48.945	0	158	9	232	8	5.68	0.00	0.00	idle	walking	0	0	469	4	-1
48.981	0	158	9	232	8	5.68	0.00	0.00	idle	walking	0	0	469	4	-1
49.009	0	158	9	232	8	5.68	0.00	0.00	idle	walking	0	0	469	4	-1
49.041	0	158	9	232	8	5.68	0.00	0.00	idle	walking	0	0	469	4	-1
49.078	0	158	9	232	8	5.68	0.00	0.00	idle	walking	0	0	469	4	-1
49.102	0	158	9	232	8	5.68	0.00	0.00	idle	walking	0	0	469	4	-1
49.136	0	158	9	232	8	5.68	0.00	0.00	idle	walking	0	0	469	4	-1
49.157	0	158	9	232	8	5.68	0.00	0.00	idle	walking	0	0	469	4	-1
49.188	0	158	9	232	8	5.68	0.00	0.00	idle	walking	0	0	469	4	-1
49.223	0	158	9	232	8	5.68	0.00	0.00	idle	walking	0	0	469	4	-1
49.255	0	158	9	232	8	5.68	0.00	0.00	idle	walking	0	0	469	4	-1
49.289	0	158	9	232	8	5.68	0.00	0.00	idle	walking	0	0	469	4	-1
49.326	0	158	9	232	8	5.68	0.00	0.00	idle	walking	0	0	469	4	-1
49.351	0	158	9	232	8	5.68	0.00	0.00	idle	walking	0	0	469	4	-1
49.382	0	158	9	232	8	5.68	0.00	0.00	idle	walking	0	0	469	4	-1
49.405	0	158	9	232	8	5.68	0.00	0.00	idle	walking	0	0	469	4	-1
49.441	0	158	9	232	8	5.68	0.00	0.00	idle	walking	0	0	469	4	-1
49.473	0	158	9	232	8	5.68	0.00	0.00	idle	walking	0	0	469	4	-1
49.508	0	158	9	232	8	5.68	0.00	0.00	idle	walking	0	0	469	4	-1
49.537	0	158	9	232	8	5.68	0.00	0.00	idle	walking	0	0	469	4	-1
49.570	0	158	9	232	8	5.68	0.00	0.00	idle	walking	0	0	469	4	-1
49.602	0	158	9	232	8	5.68	0.00	0.00	idle	walking	0	0	469	4	-1
49.634	0	158	9	232	8	5.68	0.00	0.00	idle	walking	0	0	469	4	-1
49.656	0	158	9	232	8	5.68	0.00	0.00	idle	walking	0	0	469	4	-1
49.693	0	158	9	232	8	5.68	0.00	0.00	idle	walking	0	0	469	4	-1
49.722	0	158	9	232	8	5.68	0.00	0.00	idle	walking	0	0	469	4	-1
49.756	0	158	9	232	8	5.68	0.00	0.00	idle	walking	0	0	469	4	-1
49.789	0	158	9	232	8	5.68	0.00	0.00	idle	walking	0	0	469	4	-1
49.822	0	158	9	232	8	5.68	0.00	0.00	idle	walking	0	0	469	4	-1
49.856	0	158	9	232	8	5.68	0.00	0.00	idle	walking	0	0	469	4	-1
49.879	0	158	9	232	8	5.68	0.00	0.00	idle	walking	0	0	469	4	-1
49.906	0	158	9	232	8	5.68	0.00	0.00	idle	walking	0	0	469	4	-1
49.940	0	158	9	232	8	5.68	0.00	0.00	idle	walking	0	0	469	4	-1
49.972	0	158	9	232	8	5.68	0.00	0.00	idle	walking	0	0	469	4	-1
50.006	0	158	9	232	8	5.68	0.00	0.00	idle	walking	0	0	469	4	-1
50.040	0	158	9	232	8	5.68	0.00	0.00	idle	walking	0	0	469	4	-1
50.075	0	158	9	232	8	5.68	0.00	0.00	idle	walking	0	0	469	4	-1
50.092	0	158	9	232	8	5.68	0.00	0.00	idle	walking	0	0	469	4	-1
50.132	0	158	9	232	8	5.68	0.00	0.00	idle	walking	0	0	469	4	-1
50.155	0	158	9	232	8	5.68	0.00	0.00	idle	walking	0	0	469	4	-1
50.190	0	158	9	232	8	5.68	0.00	0.00	idle	walking	0	0	469	4	-1
50.224	0	158	9	232	8	5.68	0.00	0.00	idle	walking	0	0	469	4	-1
50.343	0	158	9	232	8	5.68	0.00	0.00	idle	walking	0	0	469	4	-1
50.375	0	158	9	232	8	5.68	0.00	0.00	idle	walking	0	0	469	4	-1
50.406	0	158	9	232	8	5.68	0.00	0.00	idle	walking	0	0	469	4	-1
50.448	0	158	9	232	8	5.68	0.00	0.00	idle	walking	0	0	469	4	-1
50.473	0	158	9	232	8	5.68	0.00	0.00	idle	walking	0	0	469	4	-1
50.507	0	158	9	232	8	5.68	0.00	0.00	idle	walking	0	0	469	4	-1
50.542	0	158	9	232	8	5.68	0.00	0.00	idle	walking	0	0	469	4	-1
50.568	0	158	9	232	8	5.68	0.00	0.00	idle	walking	0	0	469	4	-1
50.601	0	158	9	232	8	5.68	0.00	0.00	idle	walking	0	0	469	4	-1
50.641	0	158	9	232	8	5.68	0.00	0.00	idle	walking	0	0	469	4	-1
50.657	0	158	9	232	8	5.68	0.00	0.00	idle	walking	0	0	469	4	-1
50.691	0	158	9	232	8	5.68	0.00	0.00	idle	walking	0	0	469	4	-1
50.727	0	158	9	232	8	5.68	0.00	0.00	idle	walking	0	0	469	4	-1
50.757	0	158	9	232	8	5.68	0.00	0.00	idle	walking	0	0	469	4	-1
50.788	0	158	9	232	8	5.68	0.00	0.00	idle	walking	0	0	469	4	-1
50.823	1	158	9	358	50	5.04	0.00	0.00	idle	walking	0	0	469	4	-1
50.852	1	161	10	358	50	5.04	2.63	0.88	walk_right	walking	0	0	470	-47	-6
50.884	1	165	11	358	50	5.04	4.03	1.01	walk_right	walking	0	0	471	4	1
50.914	1	170	12	358	50	5.04	4.75	0.95	walk_right	walking	0	0	472	5	1
50.940	1	175	13	358	50	5.04	5.09	1.02	walk_right	walking	0	0	473	5	1
50.976	1	180	14	358	50	5.04	5.26	1.05	walk_right	walking	0	0	474	5	1
51.123	1	235	22	358	50	5.04	5.35	1.07	walk_right	walking	0	0	475	55	8
51.225	1	240	23	358	50	5.04	5.39	1.08	walk_right	walking	0	0	476	5	1
51.259	1	245	24	358	50	5.04	5.41	1.08	walk_right	walking	0	0	477	5	1
51.297	1	250	25	358	50	5.04	5.42	1.08	walk_right	walking	0	0	478	5	1
51.320	1	255	26	358	50	5.04	5.43	1.09	walk_right	walking	0	0	479	5	1
51.351	1	260	27	358	50	5.04	5.43	1.09	walk_right	walking	0	0	480	5	1
51.391	1	265	28	358	50	5.04	5.43	1.09	walk_right	walking	0	0	481	5	1
51.408	1	270	29	358	50	5.04	4.89	0.98	walk_right	walking	0	0	482	5	1
51.441	1	275	30	358	50	5.04	4.62	0.92	walk_right	walking	0	0	483	5	1
51.484	1	279	31	358	50	5.04	4.44	1.11	walk_right	walking	0	0	484	4	1
51.507	1	283	32	358	50	5.04	4.37	1.09	walk_right	walking	0	0	485	4	1
51.536	1	287	33	358	50	5.04	4.33	1.08	walk_right	walking	0	0	486	4	1
51.572	1	291	34	358	50	5.04	4.32	1.08	walk_right	walking	0	0	487	4	1
51.597	1	295	35	358	50	5.04	4.31	1.08	walk_right	walking	0	0	488	4	1
51.628	1	299	36	358	50	5.04	4.31	1.08	walk_right	walking	0	0	489	4	1
51.658	1	303	37	358	50	5.04	4.30	1.08	walk_right	walking	0	0	490	4	1
51.691	1	307	38	358	50	5.04	4.30	1.08	walk_right	walking	0	0	491	4	1
51.724	1	311	39	358	50	5.04	4.30	1.08	walk_right	walking	0	0	492	4	1
51.754	1	316	40	358	50	5.04	4.80	0.96	walk_right	walking	0	0	493	5	1
51.785	1	321	41	358	50	5.04	4.74	0.95	walk_right	walking	0	0	494	5	1
51.816	1	325	42	358	50	5.04	4.39	1.10	walk_right	walking	0	0	495	4	1
51.847	1	329	43	358	50	5.04	4.02	1.01	walk_right	walking	0	0	496	4	1
51.878	0	333	44	358	50	5.04	0.00	0.00	idle	walking	0	0	497	4	1
51.908	0	333	44	358	50	5.04	0.00	0.00	idle	walking	0	0	497	4	1
51.940	0	333	44	358	50	5.04	0.00	0.00	idle	walking	0	0	497	4	1
51.971	0	333	44	358	50	5.04	0.00	0.00	idle	walking	0	0	497	4	1
52.003	0	333	44	358	50	5.04	0.00	0.00	idle	walking	0	0	497	4	1
52.038	0	283	37	358	50	5.04	0.00	0.00	idle	walking	0	0	497	4	1
52.063	0	283	37	358	50	5.04	0.00	0.00	idle	walking	0	0	497	4	1
52.094	0	283	37	358	50	5.04	0.00	0.00	idle	walking	0	0	497	4	1
52.127	0	283	37	358	50	5.04	0.00	0.00	idle	walking	0	0	497	4	1
52.158	0	283	37	358	50	5.04	0.00	0.00	idle	walking	0	0	497	4	1
52.188	0	283	37	358	50	5.04	0.00	0.00	idle	walking	0	0	497	4	1
52.223	0	283	37	358	50	5.04	0.00	0.00	idle	walking	0	0	497	4	1
52.249	0	283	37	358	50	5.04	0.00	0.00	idle	walking	0	0	497	4	1
52.281	0	283	37	358	50	5.04	0.00	0.00	idle	walking	0	0	497	4	1
52.313	0	283	37	358	50	5.04	0.00	0.00	idle	walking	0	0	497	4	1
52.344	0	283	37	358	50	5.04	0.00	0.00	idle	walking	0	0	497	4	1
52.375	0	283	37	358	50	5.04	0.00	0.00	idle	walking	0	0	497	4	1
52.409	0	283	37	358	50	5.04	0.00	0.00	idle	walking	0	0	497	4	1
52.437	0	283	37	358	50	5.04	0.00	0.00	idle	walking	0	0	497	4	1
52.468	0	283	37	358	50	5.04	0.00	0.00	idle	walking	0	0	497	4	1
52.500	0	283	37	358	50	5.04	0.00	0.00	idle	walking	0	0	497	4	1
52.532	0	283	37	358	50	5.04	0.00	0.00	idle	walking	0	0	497	4	1
52.564	0	283	37	358	50	5.04	0.00	0.00	idle	walking	0	0	497	4	1
52.598	0	283	37	358	50	5.04	0.00	0.00	idle	walking	0	0	497	4	1
52.640	0	283	37	358	50	5.04	0.00	0.00	idle	walking	0	0	497	4	1
52.655	0	283	37	358	50	5.04	0.00	0.00	idle	walking	0	0	497	4	1
52.687	0	283	37	358	50	5.04	0.00	0.00	idle	walking	0	0	497	4	1
52.723	0	283	37	358	50	5.04	0.00	0.00	idle	walking	0	0	497	4	1
52.757	0	283	37	358	50	5.04	0.00	0.00	idle	walking	0	0	497	4	1
52.792	0	283	37	358	50	5.04	0.00	0.00	idle	walking	0	0	497	4	1
52.823	0	283	37	358	50	5.04	0.00	0.00	idle	walking	0	0	497	4	1
52.857	0	283	37	358	50	5.04	0.00	0.00	idle	walking	0	0	497	4	1
52.888	0	283	37	358	50	5.04	0.00	0.00	idle	walking	0	0	497	4	1
52.906	0	283	37	358	50	5.04	0.00	0.00	idle	walking	0	0	497	4	1
52.940	0	283	37	358	50	5.04	0.00	0.00	idle	walking	0	0	497	4	1
52.977	0	283	37	358	50	5.04	0.00	0.00	idle	walking	0	0	497	4	1
53.006	0	283	37	358	50	5.04	0.00	0.00	idle	walking	0	0	497	4	1
53.040	0	283	37	358	50	5.04	0.00	0.00	idle	walking	0	0	497	4	1
53.073	0	283	37	358	50	5.04	0.00	0.00	idle	walking	0	0	497	4	1
53.107	0	283	37	358	50	5.04	0.00	0.00	idle	walking	0	0	497	4	1
53.135	0	283	37	358	50	5.04	0.00	0.00	idle	walking	0	0	497	4	1
53.158	0	283	37	358	50	5.04	0.00	0.00	idle	walking	0	0	497	4	1
53.190	0	283	37	358	50	5.04	0.00	0.00	idle	walking	0	0	497	4	1
53.223	0	283	37	358	50	5.04	0.00	0.00	idle	walking	0	0	497	4	1
53.256	0	283	37	358	50	5.04	0.00	0.00	idle	walking	0	0	497	4	1
53.289	0	283	37	358	50	5.04	0.00	0.00	idle	walking	0	0	497	4	1
53.335	0	283	37	358	50	5.04	0.00	0.00	idle	walking	0	0	497	4	1
53.358	0	283	37	358	50	5.04	0.00	0.00	idle	walking	0	0	497	4	1
53.384	0	283	37	358	50	5.04	0.00	0.00	idle	walking	0	0	497	4	1
53.408	0	283	37	358	50	5.04	0.00	0.00	idle	walking	0	0	497	4	1
53.438	0	283	37	358	50	5.04	0.00	0.00	idle	walking	0	0	497	4	1
53.473	0	283	37	358	50	5.04	0.00	0.00	idle	walking	0	0	497	4	1
53.506	0	283	37	358	50	5.04	0.00	0.00	idle	walking	0	0	497	4	1
53.543	0	283	37	358	50	5.04	0.00	0.00	idle	walking	0	0	497	4	1
53.573	0	283	37	358	50	5.04	0.00	0.00	idle	walking	0	0	497	4	1
53.593	0	283	37	358	50	5.04	0.00	0.00	idle	walking	0	0	497	4	1
53.632	0	283	37	358	50	5.04	0.00	0.00	idle	walking	0	0	497	4	1
53.656	0	283	37	358	50	5.04	0.00	0.00	idle	walking	0	0	497	4	1
53.690	0	283	37	358	50	5.04	0.00	0.00	idle	walking	0	0	497	4	1
53.729	0	283	37	358	50	5.04	0.00	0.00	idle	walking	0	0	497	4	1
53.756	0	283	37	358	50	5.04	0.00	0.00	idle	walking	0	0	497	4	1
53.789	0	283	37	358	50	5.04	0.00	0.00	idle	walking	0	0	497	4	1
53.811	0	283	37	358	50	5.04	0.00	0.00	idle	walking	0	0	497	4	1
53.853	0	283	37	358	50	5.04	0.00	0.00	idle	walking	0	0	497	4	1
53.885	0	283	37	358	50	5.04	0.00	0.00	idle	walking	0	0	497	4	1
53.908	0	283	37	358	50	5.04	0.00	0.00	idle	walking	0	0	497	4	1
53.938	0	283	37	358	50	5.04	0.00	0.00	idle	walking	0	0	497	4	1
53.973	0	283	37	358	50	5.04	0.00	0.00	idle	walking	0	0	497	4	1
54.145	0	283	37	358	50	5.04	0.00	0.00	idle	walking	0	0	497	4	1
54.158	0	283	37	358	50	5.04	0.00	0.00	idle	walking	0	0	497	4	1
54.190	0	283	37	358	50	5.04	0.00	0.00	idle	walking	0	0	497	4	1
54.222	0	283	37	358	50	5.04	0.00	0.00	idle	walking	0	0	497	4	1
54.257	0	283	37	358	50	5.04	0.00	0.00	idle	walking	0	0	497	4	1
54.288	0	283	37	358	50	5.04	0.00	0.00	idle	walking	0	0	497	4	1
54.318	0	283	37	358	50	5.04	0.00	0.00	idle	walking	0	0	497	4	1
54.387	0	283	37	358	50	5.04	0.00	0.00	idle	walking	0	0	497	4	1
54.407	0	283	37	358	50	5.04	0.00	0.00	idle	walking	0	0	497	4	1
54.439	0	283	37	358	50	5.04	0.00	0.00	idle	walking	0	0	497	4	1
54.473	0	283	37	358	50	5.04	0.00	0.00	idle	walking	0	0	497	4	1
54.506	0	283	37	358	50	5.04	0.00	0.00	idle	walking	0	0	497	4	1
54.537	0	283	37	358	50	5.04	0.00	0.00	idle	walking	0	0	497	4	1
54.575	0	283	37	358	50	5.04	0.00	0.00	idle	walking	0	0	497	4	1
54.599	0	283	37	358	50	5.04	0.00	0.00	idle	walking	0	0	497	4	1
54.630	0	283	37	358	50	5.04	0.00	0.00	idle	walking	0	0	497	4	1
54.655	0	283	37	358	50	5.04	0.00	0.00	idle	walking	0	0	497	4	1
54.690	0	283	37	358	50	5.04	0.00	0.00	idle	walking	0	0	497	4	1
54.722	0	283	37	358	50	5.04	0.00	0.00	idle	walking	0	0	497	4	1
54.758	0	283	37	358	50	5.04	0.00	0.00	idle	walking	0	0	497	4	1
54.785	0	283	37	358	50	5.04	0.00	0.00	idle	walking	0	0	497	4	1
54.818	0	283	37	358	50	5.04	0.00	0.00	idle	walking	0	0	497	4	1
54.848	0	283	37	358	50	5.04	0.00	0.00	idle	walking	0	0	497	4	1
54.879	0	283	37	358	50	5.04	0.00	0.00	idle	walking	0	0	497	4	1
54.907	0	283	37	358	50	5.04	0.00	0.00	idle	walking	0	0	497	4	1
54.943	0	283	37	358	50	5.04	0.00	0.00	idle	walking	0	0	497	4	1
54.972	0	283	37	358	50	5.04	0.00	0.00	idle	walking	0	0	497	4	1
55.006	0	283	37	358	50	5.04	0.00	0.00	idle	walking	0	0	497	4	1
55.038	0	283	37	358	50	5.04	0.00	0.00	idle	walking	0	0	497	4	1
55.068	0	283	37	358	50	5.04	0.00	0.00	idle	walking	0	0	497	4	1
55.101	0	283	37	358	50	5.04	0.00	0.00	idle	walking	0	0	497	4	1
55.137	0	283	37	358	50	5.04	0.00	0.00	idle	walking	0	0	497	4	1
55.156	0	283	37	358	50	5.04	0.00	0.00	idle	walking	0	0	497	4	1
55.189	0	283	37	358	50	5.04	0.00	0.00	idle	walking	0	0	497	4	1
55.223	0	283	37	358	50	5.04	0.00	0.00	idle	walking	0	0	497	4	1
55.256	0	283	37	358	50	5.04	0.00	0.00	idle	walking	0	0	497	4	1
55.286	0	283	37	358	50	5.04	0.00	0.00	idle	walking	0	0	497	4	1
55.322	0	283	37	358	50	5.04	0.00	0.00	idle	walking	0	0	497	4	1
55.350	0	283	37	358	50	5.04	0.00	0.00	idle	walking	0	0	497	4	1
55.380	0	283	37	358	50	5.04	0.00	0.00	idle	walking	0	0	497	4	1
55.406	0	283	37	358	50	5.04	0.00	0.00	idle	walking	0	0	497	4	1
55.441	0	283	37	358	50	5.04	0.00	0.00	idle	walking	0	0	497	4	1
55.473	0	283	37	358	50	5.04	0.00	0.00	idle	walking	0	0	497	4	1
55.511	0	283	37	358	50	5.04	0.00	0.00	idle	walking	0	0	497	4	1
55.536	0	283	37	358	50	5.04	0.00	0.00	idle	walking	0	0	497	4	1
55.569	0	283	37	358	50	5.04	0.00	0.00	idle	walking	0	0	497	4	1
55.599	0	283	37	358	50	5.04	0.00	0.00	idle	walking	0	0	497	4	1
55.631	0	283	37	358	50	5.04	0.00	0.00	idle	walking	0	0	497	4	1
55.656	0	283	37	358	50	5.04	0.00	0.00	idle	walking	0	0	497	4	1
55.695	0	283	37	358	50	5.04	0.00	0.00	idle	walking	0	0	497	4	1
55.722	0	283	37	358	50	5.04	0.00	0.00	idle	walking	0	0	497	4	1
55.756	0	283	37	358	50	5.04	0.00	0.00	idle	walking	0	0	497	4	1
55.782	0	283	37	358	50	5.04	0.00	0.00	idle	walking	0	0	497	4	1
55.818	0	283	37	358	50	5.04	0.00	0.00	idle	walking	0	0	497	4	1
55.848	0	283	37	358	50	5.04	0.00	0.00	idle	walking	0	0	497	4	1
55.885	0	283	37	358	50	5.04	0.00	0.00	idle	walking	0	0	497	4	1
55.907	0	283	37	358	50	5.04	0.00	0.00	idle	walking	0	0	497	4	1
55.939	0	283	37	358	50	5.04	0.00	0.00	idle	walking	0	0	497	4	1
55.973	0	283	37	358	50	5.04	0.00	0.00	idle	walking	0	0	497	4	1
56.003	0	283	37	358	50	5.04	0.00	0.00	idle	walking	0	0	497	4	1
56.034	0	283	37	358	50	5.04	0.00	0.00	idle	walking	0	0	497	4	1
56.070	0	283	37	358	50	5.04	0.00	0.00	idle	walking	0	0	497	4	1
56.099	0	283	37	358	50	5.04	0.00	0.00	idle	walking	0	0	497	4	1
56.130	0	283	37	358	50	5.04	0.00	0.00	idle	walking	0	0	497	4	1
56.156	0	283	37	358	50	5.04	0.00	0.00	idle	walking	0	0	497	4	1
56.189	0	283	37	358	50	5.04	0.00	0.00	idle	walking	0	0	497	4	1
56.225	0	283	37	358	50	5.04	0.00	0.00	idle	walking	0	0	497	4	1
56.260	0	283	37	358	50	5.04	0.00	0.00	idle	walking	0	0	497	4	1
56.287	0	283	37	358	50	5.04	0.00	0.00	idle	walking	0	0	497	4	1
56.320	0	283	37	358	50	5.04	0.00	0.00	idle	walking	0	0	497	4	1
56.351	0	283	37	358	50	5.04	0.00	0.00	idle	walking	0	0	497	4	1
56.381	0	283	37	358	50	5.04	0.00	0.00	idle	walking	0	0	497	4	1
56.407	0	283	37	358	50	5.04	0.00	0.00	idle	walking	0	0	497	4	1
56.444	0	283	37	358	50	5.04	0.00	0.00	idle	walking	0	0	497	4	1
56.476	0	283	37	358	50	5.04	0.00	0.00	idle	walking	0	0	497	4	1
56.508	0	283	37	358	50	5.04	0.00	0.00	idle	walking	0	0	497	4	1
56.539	0	283	37	358	50	5.04	0.00	0.00	idle	walking	0	0	497	4	1
56.570	0	283	37	358	50	5.04	0.00	0.00	idle	walking	0	0	497	4	1
56.604	0	283	37	358	50	5.04	0.00	0.00	idle	walking	0	0	497	4	1
56.638	0	283	37	358	50	5.04	0.00	0.00	idle	walking	0	0	497	4	1
56.659	0	283	37	358	50	5.04	0.00	0.00	idle	walking	0	0	497	4	1
56.689	0	283	37	358	50	5.04	0.00	0.00	idle	walking	0	0	497	4	1
56.726	0	283	37	358	50	5.04	0.00	0.00	idle	walking	0	0	497	4	1
56.756	0	283	37	358	50	5.04	0.00	0.00	idle	walking	0	0	497	4	1
56.785	0	283	37	358	50	5.04	0.00	0.00	idle	walking	0	0	497	4	1
56.822	0	283	37	358	50	5.04	0.00	0.00	idle	walking	0	0	497	4	1
56.849	0	283	37	358	50	5.04	0.00	0.00	idle	walking	0	0	497	4	1
56.879	0	283	37	358	50	5.04	0.00	0.00	idle	walking	0	0	497	4	1
56.906	0	283	37	358	50	5.04	0.00	0.00	idle	walking	0	0	497	4	1
56.940	0	283	37	358	50	5.04	0.00	0.00	idle	walking	0	0	497	4	1
56.973	0	283	37	358	50	5.04	0.00	0.00	idle	walking	0	0	497	4	1
57.116	0	283	37	358	50	5.04	0.00	0.00	idle	walking	0	0	497	4	1
57.131	0	283	37	358	50	5.04	0.00	0.00	idle	walking	0	0	497	4	1
57.156	0	283	37	358	50	5.04	0.00	0.00	idle	walking	0	0	497	4	1
57.189	0	283	37	358	50	5.04	0.00	0.00	idle	walking	0	0	497	4	1
57.223	0	283	37	358	50	5.04	0.00	0.00	idle	walking	0	0	497	4	1
57.254	0	283	37	358	50	5.04	0.00	0.00	idle	walking	0	0	497	4	1
57.289	0	283	37	358	50	5.04	0.00	0.00	idle	walking	0	0	497	4	1
57.316	0	283	37	358	50	5.04	0.00	0.00	idle	walking	0	0	497	4	1
57.349	0	283	37	358	50	5.04	0.00	0.00	idle	walking	0	0	497	4	1
57.379	0	283	37	358	50	5.04	0.00	0.00	idle	walking	0	0	497	4	1
57.405	0	283	37	358	50	5.04	0.00	0.00	idle	walking	0	0	497	4	1
57.441	0	283	37	358	50	5.04	0.00	0.00	idle	walking	0	0	497	4	1
57.475	0	283	37	358	50	5.04	0.00	0.00	idle	walking	0	0	497	4	1
57.505	0	283	37	358	50	5.04	0.00	0.00	idle	walking	0	0	497	4	1
57.537	0	283	37	358	50	5.04	0.00	0.00	idle	walking	0	0	497	4	1
57.568	0	283	37	358	50	5.04	0.00	0.00	idle	walking	0	0	497	4	1
57.598	0	283	37	358	50	5.04	0.00	0.00	idle	walking	0	0	497	4	1
57.630	0	283	37	358	50	5.04	0.00	0.00	idle	walking	0	0	497	4	1
57.660	0	283	37	358	50	5.04	0.00	0.00	idle	walking	0	0	497	4	1
57.689	0	283	37	358	50	5.04	0.00	0.00	idle	walking	0	0	497	4	1
57.722	0	283	37	358	50	5.04	0.00	0.00	idle	walking	0	0	497	4	1
57.756	0	283	37	358	50	5.04	0.00	0.00	idle	walking	0	0	497	4	1
57.785	0	283	37	358	50	5.04	0.00	0.00	idle	walking	0	0	497	4	1
57.816	0	283	37	358	50	5.04	0.00	0.00	idle	walking	0	0	497	4	1
57.852	0	283	37	358	50	5.04	0.00	0.00	idle	walking	0	0	497	4	1
57.878	0	283	37	358	50	5.04	0.00	0.00	idle	walking	0	0	497	4	1
57.906	0	283	37	358	50	5.04	0.00	0.00	idle	walking	0	0	497	4	1
57.939	0	283	37	358	50	5.04	0.00	0.00	idle	walking	0	0	497	4	1
57.972	0	283	37	358	50	5.04	0.00	0.00	idle	walking	0	0	497	4	1
58.004	0	283	37	358	50	5.04	0.00	0.00	idle	walking	0	0	497	4	1
58.037	0	283	37	358	50	5.04	0.00	0.00	idle	walking	0	0	497	4	1
58.068	0	283	37	358	50	5.04	0.00	0.00	idle	walking	0	0	497	4	1
58.098	0	283	37	358	50	5.04	0.00	0.00	idle	walking	0	0	497	4	1
58.127	0	283	37	358	50	5.04	0.00	0.00	idle	walking	0	0	497	4	1
58.155	0	283	37	358	50	5.04	0.00	0.00	idle	walking	0	0	497	4	1
58.191	0	283	37	358	50	5.04	0.00	0.00	idle	walking	0	0	497	4	1
58.226	0	283	37	358	50	5.04	0.00	0.00	idle	walking	0	0	497	4	1
58.254	0	283	37	358	50	5.04	0.00	0.00	idle	walking	0	0	497	4	1
58.285	0	283	37	358	50	5.04	0.00	0.00	idle	walking	0	0	497	4	1
58.316	0	283	37	358	50	5.04	0.00	0.00	idle	walking	0	0	497	4	1
58.346	0	283	37	358	50	5.04	0.00	0.00	idle	walking	0	0	497	4	1
58.379	0	283	37	358	50	5.04	0.00	0.00	idle	walking	0	0	497	4	1
58.411	0	283	37	358	50	5.04	0.00	0.00	idle	walking	0	0	497	4	1
58.473	0	283	37	358	50	5.04	0.00	0.00	idle	walking	0	0	497	4	1
58.506	0	283	37	358	50	5.04	0.00	0.00	idle	walking	0	0	497	4	1
58.537	0	283	37	358	50	5.04	0.00	0.00	idle	walking	0	0	497	4	1
58.567	0	283	37	358	50	5.04	0.00	0.00	idle	walking	0	0	497	4	1
58.599	0	283	37	358	50	5.04	0.00	0.00	idle	walking	0	0	497	4	1
58.629	0	283	37	358	50	5.04	0.00	0.00	idle	walking	0	0	497	4	1
58.657	0	283	37	358	50	5.04	0.00	0.00	idle	walking	0	0	497	4	1
58.693	0	283	37	358	50	5.04	0.00	0.00	idle	walking	0	0	497	4	1
58.722	0	283	37	358	50	5.04	0.00	0.00	idle	walking	0	0	497	4	1
58.756	0	283	37	358	50	5.04	0.00	0.00	idle	walking	0	0	497	4	1
58.788	0	283	37	358	50	5.04	0.00	0.00	idle	walking	0	0	497	4	1
58.815	0	283	37	358	50	5.04	0.00	0.00	idle	walking	0	0	497	4	1
58.850	0	283	37	358	50	5.04	0.00	0.00	idle	walking	0	0	497	4	1
58.884	0	283	37	358	50	5.04	0.00	0.00	idle	walking	0	0	497	4	1
58.908	0	283	37	358	50	5.04	0.00	0.00	idle	walking	0	0	497	4	1
58.940	0	283	37	358	50	5.04	0.00	0.00	idle	walking	0	0	497	4	1
58.979	0	283	37	358	50	5.04	0.00	0.00	idle	walking	0	0	497	4	1
59.003	0	283	37	358	50	5.04	0.00	0.00	idle	walking	0	0	497	4	1
59.036	0	283	37	358	50	5.04	0.00	0.00	idle	walking	0	0	497	4	1
59.070	0	283	37	358	50	5.04	0.00	0.00	idle	walking	0	0	497	4	1
59.099	0	283	37	358	50	5.04	0.00	0.00	idle	walking	0	0	497	4	1
59.131	0	283	37	358	50	5.04	0.00	0.00	idle	walking	0	0	497	4	1
59.165	0	283	37	358	50	5.04	0.00	0.00	idle	walking	0	0	497	4	1
59.190	0	283	37	358	50	5.04	0.00	0.00	idle	walking	0	0	497	4	1
59.224	0	283	37	358	50	5.04	0.00	0.00	idle	walking	0	0	497	4	1
59.254	0	283	37	358	50	5.04	0.00	0.00	idle	walking	0	0	497	4	1
59.287	0	283	37	358	50	5.04	0.00	0.00	idle	walking	0	0	497	4	1
59.319	0	283	37	358	50	5.04	0.00	0.00	idle	walking	0	0	497	4	1
59.353	0	283	37	358	50	5.04	0.00	0.00	idle	walking	0	0	497	4	1
59.384	0	283	37	358	50	5.04	0.00	0.00	idle	walking	0	0	497	4	1
59.408	0	283	37	358	50	5.04	0.00	0.00	idle	walking	0	0	497	4	1
59.439	0	283	37	358	50	5.04	0.00	0.00	idle	walking	0	0	497	4	1
59.473	0	283	37	358	50	5.04	0.00	0.00	idle	walking	0	0	497	4	1
59.508	0	283	37	358	50	5.04	0.00	0.00	idle	walking	0	0	497	4	1
59.544	0	283	37	358	50	5.04	0.00	0.00	idle	walking	0	0	497	4	1
59.571	0	283	37	358	50	5.04	0.00	0.00	idle	walking	0	0	497	4	1
59.601	0	283	37	358	50	5.04	0.00	0.00	idle	walking	0	0	497	4	1
59.633	0	283	37	358	50	5.04	0.00	0.00	idle	walking	0	0	497	4	1
59.658	0	283	37	358	50	5.04	0.00	0.00	idle	walking	0	0	497	4	1
59.693	0	283	37	358	50	5.04	0.00	0.00	idle	walking	0	0	497	4	1
59.726	0	283	37	358	50	5.04	0.00	0.00	idle	walking	0	0	497	4	1
59.756	0	283	37	358	50	5.04	0.00	0.00	idle	walking	0	0	497	4	1
59.789	0	283	37	358	50	5.04	0.00	0.00	idle	walking	0	0	497	4	1
59.821	0	283	37	358	50	5.04	0.00	0.00	idle	walking	0	0	497	4	1
59.852	0	283	37	358	50	5.04	0.00	0.00	idle	walking	0	0	497	4	1
59.883	0	283	37	358	50	5.04	0.00	0.00	idle	walking	0	0	497	4	1
59.908	0	283	37	358	50	5.04	0.00	0.00	idle	walking	0	0	497	4	1
59.940	0	283	37	358	50	5.04	0.00	0.00	idle	walking	0	0	497	4	1
59.973	0	283	37	358	50	5.04	0.00	0.00	idle	walking	0	0	497	4	1
60.122	0	283	37	358	50	5.04	0.00	0.00	idle	walking	0	0	497	4	1
60.130	0	283	37	358	50	5.04	0.00	0.00	idle	walking	0	0	497	4	1
60.157	0	283	37	358	50	5.04	0.00	0.00	idle	walking	0	0	497	4	1
60.209	0	283	37	358	50	5.04	0.00	0.00	idle	walking	0	0	497	4	1
60.223	0	283	37	358	50	5.04	0.00	0.00	idle	walking	0	0	497	4	1
60.256	0	283	37	358	50	5.04	0.00	0.00	idle	walking	0	0	497	4	1
60.290	0	283	37	358	50	5.04	0.00	0.00	idle	walking	0	0	497	4	1
60.319	0	283	37	358	50	5.04	0.00	0.00	idle	walking	0	0	497	4	1
60.352	0	283	37	358	50	5.04	0.00	0.00	idle	walking	0	0	497	4	1
60.376	0	283	37	358	50	5.04	0.00	0.00	idle	walking	0	0	497	4	1
60.408	0	283	37	358	50	5.04	0.00	0.00	idle	walking	0	0	497	4	1
60.440	0	283	37	358	50	5.04	0.00	0.00	idle	walking	0	0	497	4	1
60.478	0	283	37	358	50	5.04	0.00	0.00	idle	walking	0	0	497	4	1
60.505	0	283	37	358	50	5.04	0.00	0.00	idle	walking	0	0	497	4	1
60.536	0	283	37	358	50	5.04	0.00	0.00	idle	walking	0	0	497	4	1
60.568	0	283	37	358	50	5.04	0.00	0.00	idle	walking	0	0	497	4	1
60.592	0	283	37	358	50	5.04	0.00	0.00	idle	walking	0	0	497	4	1
60.628	0	283	37	358	50	5.04	0.00	0.00	idle	walking	0	0	497	4	1
60.661	0	283	37	358	50	5.04	0.00	0.00	idle	walking	0	0	497	4	1
60.689	0	283	37	358	50	5.04	0.00	0.00	idle	walking	0	0	497	4	1
60.724	0	283	37	358	50	5.04	0.00	0.00	idle	walking	0	0	497	4	1
60.757	0	283	37	358	50	5.04	0.00	0.00	idle	walking	0	0	497	4	1
60.786	0	283	37	358	50	5.04	0.00	0.00	idle	walking	0	0	497	4	1
60.817	0	283	37	358	50	5.04	0.00	0.00	idle	walking	0	0	497	4	1
60.851	0	283	37	358	50	5.04	0.00	0.00	idle	walking	0	0	497	4	1
60.873	0	283	37	358	50	5.04	0.00	0.00	idle	walking	0	0	497	4	1
60.907	0	283	37	358	50	5.04	0.00	0.00	idle	walking	0	0	497	4	1
60.940	0	283	37	358	50	5.04	0.00	0.00	idle	walking	0	0	497	4	1
60.972	0	283	37	358	50	5.04	0.00	0.00	idle	walking	0	0	497	4	1
61.006	0	283	37	358	50	5.04	0.00	0.00	idle	walking	0	0	497	4	1
61.040	0	283	37	358	50	5.04	0.00	0.00	idle	walking	0	0	497	4	1
61.069	0	283	37	358	50	5.04	0.00	0.00	idle	walking	0	0	497	4	1
61.099	0	283	37	358	50	5.04	0.00	0.00	idle	walking	0	0	497	4	1
61.131	0	283	37	358	50	5.04	0.00	0.00	idle	walking	0	0	497	4	1
61.156	0	283	37	358	50	5.04	0.00	0.00	idle	walking	0	0	497	4	1
61.190	0	283	37	358	50	5.04	0.00	0.00	idle	walking	0	0	497	4	1
61.228	0	283	37	358	50	5.04	0.00	0.00	idle	walking	0	0	497	4	1
61.254	0	283	37	358	50	5.04	0.00	0.00	idle	walking	0	0	497	4	1
61.285	0	283	37	358	50	5.04	0.00	0.00	idle	walking	0	0	497	4	1
61.315	0	283	37	358	50	5.04	0.00	0.00	idle	walking	0	0	497	4	1
61.347	0	283	37	358	50	5.04	0.00	0.00	idle	walking	0	0	497	4	1
61.378	0	283	37	358	50	5.04	0.00	0.00	idle	walking	0	0	497	4	1
61.410	0	283	37	358	50	5.04	0.00	0.00	idle	walking	0	0	497	4	1
61.439	0	283	37	358	50	5.04	0.00	0.00	idle	walking	0	0	497	4	1
61.472	0	283	37	358	50	5.04	0.00	0.00	idle	walking	0	0	497	4	1
61.503	0	283	37	358	50	5.04	0.00	0.00	idle	walking	0	0	497	4	1
61.533	0	283	37	358	50	5.04	0.00	0.00	idle	walking	0	0	497	4	1
61.566	0	283	37	358	50	5.04	0.00	0.00	idle	walking	0	0	497	4	1
61.600	0	283	37	358	50	5.04	0.00	0.00	idle	walking	0	0	497	4	1
61.629	0	283	37	358	50	5.04	0.00	0.00	idle	walking	0	0	497	4	1
61.656	0	283	37	358	50	5.04	0.00	0.00	idle	walking	0	0	497	4	1
61.692	0	283	37	358	50	5.04	0.00	0.00	idle	walking	0	0	497	4	1
61.722	0	283	37	358	50	5.04	0.00	0.00	idle	walking	0	0	497	4	1
61.754	0	283	37	358	50	5.04	0.00	0.00	idle	walking	0	0	497	4	1
61.814	0	283	37	358	50	5.04	0.00	0.00	idle	walking	0	0	497	4	1
61.849	0	283	37	358	50	5.04	0.00	0.00	idle	walking	0	0	497	4	1
61.879	0	283	37	358	50	5.04	0.00	0.00	idle	walking	0	0	497	4	1
61.909	0	283	37	358	50	5.04	0.00	0.00	idle	walking	0	0	497	4	1
61.941	0	283	37	358	50	5.04	0.00	0.00	idle	walking	0	0	497	4	1
61.979	0	283	37	358	50	5.04	0.00	0.00	idle	walking	0	0	497	4	1
62.005	0	283	37	358	50	5.04	0.00	0.00	idle	walking	0	0	497	4	1
62.046	0	283	37	358	50	5.04	0.00	0.00	idle	walking	0	0	497	4	1
62.069	0	283	37	358	50	5.04	0.00	0.00	idle	walking	0	0	497	4	1
62.096	0	283	37	358	50	5.04	0.00	0.00	idle	walking	0	0	497	4	1
62.951	0	283	37	358	50	5.04	0.00	0.00	idle	walking	0	0	497	4	1
62.973	0	283	37	358	50	5.04	0.00	0.00	idle	walking	0	0	497	4	1
63.144	0	283	37	358	50	5.04	0.00	0.00	idle	walking	0	0	497	4	1
63.191	0	283	37	358	50	5.04	0.00	0.00	idle	walking	0	0	497	4	1
63.224	0	283	37	358	50	5.04	0.00	0.00	idle	walking	0	0	497	4	1
63.254	0	283	37	358	50	5.04	0.00	0.00	idle	walking	0	0	497	4	1
63.286	0	283	37	358	50	5.04	0.00	0.00	idle	walking	0	0	497	4	1
63.319	0	283	37	358	50	5.04	0.00	0.00	idle	walking	0	0	497	4	1
63.348	0	283	37	358	50	5.04	0.00	0.00	idle	walking	0	0	497	4	1
63.385	0	283	37	358	50	5.04	0.00	0.00	idle	walking	0	0	497	4	1
63.411	0	283	37	358	50	5.04	0.00	0.00	idle	walking	0	0	497	4	1
63.442	0	283	37	358	50	5.04	0.00	0.00	idle	walking	0	0	497	4	1
63.470	0	283	37	358	50	5.04	0.00	0.00	idle	walking	0	0	497	4	1
63.504	0	283	37	358	50	5.04	0.00	0.00	idle	walking	0	0	497	4	1
63.535	0	283	37	358	50	5.04	0.00	0.00	idle	walking	0	0	497	4	1
63.572	0	283	37	358	50	5.04	0.00	0.00	idle	walking	0	0	497	4	1
63.596	0	283	37	358	50	5.04	0.00	0.00	idle	walking	0	0	497	4	1
63.630	0	283	37	358	50	5.04	0.00	0.00	idle	walking	0	0	497	4	1
63.659	0	283	37	358	50	5.04	0.00	0.00	idle	walking	0	0	497	4	1
63.691	0	283	37	358	50	5.04	0.00	0.00	idle	walking	0	0	497	4	1
63.723	0	283	37	358	50	5.04	0.00	0.00	idle	walking	0	0	497	4	1
63.759	0	283	37	358	50	5.04	0.00	0.00	idle	walking	0	0	497	4	1
63.784	0	283	37	358	50	5.04	0.00	0.00	idle	walking	0	0	497	4	1
63.815	0	283	37	358	50	5.04	0.00	0.00	idle	walking	0	0	497	4	1
63.847	0	283	37	358	50	5.04	0.00	0.00	idle	walking	0	0	497	4	1
63.878	0	283	37	358	50	5.04	0.00	0.00	idle	walking	0	0	497	4	1
63.909	0	283	37	358	50	5.04	0.00	0.00	idle	walking	0	0	497	4	1
63.946	0	283	37	358	50	5.04	0.00	0.00	idle	walking	0	0	497	4	1
63.970	0	283	37	358	50	5.04	0.00	0.00	idle	walking	0	0	497	4	1
64.002	0	283	37	358	50	5.04	0.00	0.00	idle	walking	0	0	497	4	1
64.033	0	283	37	358	50	5.04	0.00	0.00	idle	walking	0	0	497	4	1
64.065	0	283	37	358	50	5.04	0.00	0.00	idle	walking	0	0	497	4	1
64.098	0	283	37	358	50	5.04	0.00	0.00	idle	walking	0	0	497	4	1
64.134	0	283	37	358	50	5.04	0.00	0.00	idle	walking	0	0	497	4	1
64.159	0	283	37	358	50	5.04	0.00	0.00	idle	walking	0	0	497	4	1
64.190	0	283	37	358	50	5.04	0.00	0.00	idle	walking	0	0	497	4	1
64.221	0	283	37	358	50	5.04	0.00	0.00	idle	walking	0	0	497	4	1
64.255	0	283	37	358	50	5.04	0.00	0.00	idle	walking	0	0	497	4	1
64.283	0	283	37	358	50	5.04	0.00	0.00	idle	walking	0	0	497	4	1
64.321	0	283	37	358	50	5.04	0.00	0.00	idle	walking	0	0	497	4	1
64.343	0	283	37	358	50	5.04	0.00	0.00	idle	walking	0	0	497	4	1
64.374	0	283	37	358	50	5.04	0.00	0.00	idle	walking	0	0	497	4	1
64.405	0	283	37	358	50	5.04	0.00	0.00	idle	walking	0	0	497	4	1
64.439	0	283	37	358	50	5.04	0.00	0.00	idle	walking	0	0	497	4	1
64.472	0	283	37	358	50	5.04	0.00	0.00	idle	walking	0	0	497	4	1
64.509	0	283	37	358	50	5.04	0.00	0.00	idle	walking	0	0	497	4	1
64.539	0	283	37	358	50	5.04	0.00	0.00	idle	walking	0	0	497	4	1
64.575	1	283	37	637	50	5.70	0.00	0.00	idle	walking	0	0	497	4	1
64.608	1	286	37	637	50	5.70	3.14	0.00	idle	walking	0	0	498	-47	-7
64.626	1	291	37	637	50	5.70	4.71	0.00	idle	walking	0	0	499	5	0
64.659	1	296	37	637	50	5.70	5.49	0.00	idle	walking	0	0	500	5	0
64.696	1	352	44	637	50	5.70	5.88	0.00	walk_right	walking	0	0	501	56	7
64.725	1	358	44	637	50	5.70	6.08	0.00	walk_right	walking	0	0	502	6	0
64.759	1	364	44	637	50	5.70	6.18	0.00	walk_right	walking	0	0	503	6	0
64.783	1	370	44	637	50	5.70	6.22	0.00	walk_right	walking	0	0	504	6	0
64.826	1	376	44	637	50	5.70	6.25	0.00	walk_right	walking	0	0	505	6	0
64.858	1	382	44	637	50	5.70	6.26	0.00	walk_right	walking	0	0	506	6	0
64.877	1	388	44	637	50	5.70	6.27	0.00	walk_right	walking	0	0	507	6	0
64.908	1	394	44	637	50	5.70	6.27	0.00	walk_right	walking	0	0	508	6	0
64.942	1	400	44	637	50	5.70	6.27	0.00	walk_right	walking	0	0	509	6	0
64.975	1	406	44	637	50	5.70	6.27	0.00	walk_right	walking	0	0	510	6	0
65.005	1	412	44	637	50	5.70	6.27	0.00	walk_right	walking	0	0	511	6	0
65.034	1	418	44	637	50	5.70	6.27	0.00	walk_right	walking	0	0	512	6	0
65.067	1	424	44	637	50	5.70	6.27	0.00	walk_right	walking	0	0	513	6	0
65.098	1	430	44	637	50	5.70	6.27	0.00	walk_right	walking	0	0	514	6	0
65.130	1	436	44	637	50	5.70	6.27	0.00	walk_right	walking	0	0	515	6	0
65.157	1	442	44	637	50	5.70	6.27	0.00	walk_right	walking	0	0	516	6	0
65.190	1	448	44	637	50	5.70	6.27	0.00	walk_right	walking	0	0	517	6	0
65.224	1	454	44	637	50	5.70	6.27	0.00	walk_right	walking	0	0	518	6	0
65.288	1	460	44	637	50	5.70	6.27	0.00	walk_right	walking	0	0	519	6	0
65.321	1	466	44	637	50	5.70	6.27	0.00	walk_right	walking	0	0	520	6	0
65.350	1	472	44	637	50	5.70	6.27	0.00	walk_right	walking	0	0	521	6	0
65.380	1	478	44	637	50	5.70	6.27	0.00	walk_right	walking	0	0	522	6	0
65.409	1	484	44	637	50	5.70	6.27	0.00	walk_right	walking	0	0	523	6	0
65.443	1	490	44	637	50	5.70	6.27	0.00	walk_right	walking	0	0	524	6	0
65.474	1	496	44	637	50	5.70	6.27	0.00	walk_right	walking	0	0	525	6	0
65.506	1	502	44	637	50	5.70	6.27	0.00	walk_right	walking	0	0	526	6	0
65.537	1	508	44	637	50	5.70	6.27	0.00	walk_right	walking	0	0	527	6	0
65.568	1	514	44	637	50	5.70	6.27	0.00	walk_right	walking	0	0	528	6	0
65.600	1	520	44	637	50	5.70	6.27	0.00	walk_right	walking	0	0	529	6	0
65.635	1	526	44	637	50	5.70	6.27	0.00	walk_right	walking	0	0	530	6	0
65.658	1	532	44	637	50	5.70	6.27	0.00	walk_right	walking	0	0	531	6	0
65.693	1	538	44	637	50	5.70	6.27	0.00	walk_right	walking	0	0	532	6	0
65.726	1	544	44	637	50	5.70	5.65	0.00	walk_right	walking	0	0	533	6	0
65.757	1	549	44	637	50	5.70	5.33	0.00	walk_right	walking	0	0	534	5	0
65.787	1	554	44	637	50	5.70	5.18	0.00	walk_right	walking	0	0	535	5	0
65.819	1	559	44	637	50	5.70	5.10	0.00	walk_right	walking	0	0	536	5	0
65.848	1	564	44	637	50	5.70	5.06	0.00	walk_right	walking	0	0	537	5	0
65.880	1	569	44	637	50	5.70	5.04	0.00	walk_right	walking	0	0	538	5	0
65.909	1	574	44	637	50	5.70	5.03	0.00	walk_right	walking	0	0	539	5	0
65.942	1	579	44	637	50	5.70	5.02	0.00	walk_right	walking	0	0	540	5	0
65.975	1	584	45	637	50	5.70	4.92	0.98	walk_right	walking	0	0	541	5	1
66.127	1	589	45	637	50	5.70	5.02	0.00	walk_right	walking	0	0	542	5	0
66.156	1	595	46	637	50	5.70	5.46	0.91	walk_right	walking	0	0	543	6	1
66.189	1	600	47	637	50	5.70	5.31	1.06	walk_right	walking	0	0	544	5	1
66.223	1	605	47	637	50	5.70	5.04	0.00	walk_right	walking	0	0	545	5	0
66.256	1	610	47	637	50	5.70	4.53	0.00	walk_right	walking	0	0	546	5	0
66.290	0	614	47	637	50	5.70	0.00	0.00	idle	walking	0	0	547	4	0
66.315	0	614	47	637	50	5.70	0.00	0.00	idle	walking	0	0	547	4	0
66.353	0	614	47	637	50	5.70	0.00	0.00	idle	walking	0	0	547	4	0
66.389	0	564	40	637	50	5.70	0.00	0.00	idle	walking	0	0	547	4	0
66.406	0	564	40	637	50	5.70	0.00	0.00	idle	walking	0	0	547	4	0
66.440	0	564	40	637	50	5.70	0.00	0.00	idle	walking	0	0	547	4	0
66.472	0	564	40	637	50	5.70	0.00	0.00	idle	walking	0	0	547	4	0
66.506	0	564	40	637	50	5.70	0.00	0.00	idle	walking	0	0	547	4	0
66.537	0	564	40	637	50	5.70	0.00	0.00	idle	walking	0	0	547	4	0
66.574	0	564	40	637	50	5.70	0.00	0.00	idle	walking	0	0	547	4	0
66.600	0	564	40	637	50	5.70	0.00	0.00	idle	walking	0	0	547	4	0
66.632	0	564	40	637	50	5.70	0.00	0.00	idle	walking	0	0	547	4	0
66.656	0	564	40	637	50	5.70	0.00	0.00	idle	walking	0	0	547	4	0
66.688	0	564	40	637	50	5.70	0.00	0.00	idle	walking	0	0	547	4	0
66.723	0	564	40	637	50	5.70	0.00	0.00	idle	walking	0	0	547	4	0
66.760	0	564	40	637	50	5.70	0.00	0.00	idle	walking	0	0	547	4	0
66.787	0	564	40	637	50	5.70	0.00	0.00	idle	walking	0	0	547	4	0
66.819	0	564	40	637	50	5.70	0.00	0.00	idle	walking	0	0	547	4	0
66.850	0	564	40	637	50	5.70	0.00	0.00	idle	walking	0	0	547	4	0
66.880	0	564	40	637	50	5.70	0.00	0.00	idle	walking	0	0	547	4	0
66.905	0	564	40	637	50	5.70	0.00	0.00	idle	walking	0	0	547	4	0
66.943	0	564	40	637	50	5.70	0.00	0.00	idle	walking	0	0	547	4	0
66.974	0	564	40	637	50	5.70	0.00	0.00	idle	walking	0	0	547	4	0
67.004	0	564	40	637	50	5.70	0.00	0.00	idle	walking	0	0	547	4	0
67.035	0	564	40	637	50	5.70	0.00	0.00	idle	walking	0	0	547	4	0
67.067	0	564	40	637	50	5.70	0.00	0.00	idle	walking	0	0	547	4	0
67.098	0	564	40	637	50	5.70	0.00	0.00	idle	walking	0	0	547	4	0
67.132	0	564	40	637	50	5.70	0.00	0.00	idle	walking	0	0	547	4	0
67.156	0	564	40	637	50	5.70	0.00	0.00	idle	walking	0	0	547	4	0
67.190	0	564	40	637	50	5.70	0.00	0.00	idle	walking	0	0	547	4	0
67.222	0	564	40	637	50	5.70	0.00	0.00	idle	walking	0	0	547	4	0
67.254	0	564	40	637	50	5.70	0.00	0.00	idle	walking	0	0	547	4	0
67.287	0	564	40	637	50	5.70	0.00	0.00	idle	walking	0	0	547	4	0
67.321	0	564	40	637	50	5.70	0.00	0.00	idle	walking	0	0	547	4	0
67.347	0	564	40	637	50	5.70	0.00	0.00	idle	walking	0	0	547	4	0
67.380	0	564	40	637	50	5.70	0.00	0.00	idle	walking	0	0	547	4	0
67.407	0	564	40	637	50	5.70	0.00	0.00	idle	walking	0	0	547	4	0
67.439	0	564	40	637	50	5.70	0.00	0.00	idle	walking	0	0	547	4	0
67.473	0	564	40	637	50	5.70	0.00	0.00	idle	walking	0	0	547	4	0
67.509	0	564	40	637	50	5.70	0.00	0.00	idle	walking	0	0	547	4	0
67.537	0	564	40	637	50	5.70	0.00	0.00	idle	walking	0	0	547	4	0
67.569	0	564	40	637	50	5.70	0.00	0.00	idle	walking	0	0	547	4	0
67.600	0	564	40	637	50	5.70	0.00	0.00	idle	walking	0	0	547	4	0
67.630	0	564	40	637	50	5.70	0.00	0.00	idle	walking	0	0	547	4	0
67.657	0	564	40	637	50	5.70	0.00	0.00	idle	walking	0	0	547	4	0
67.693	0	564	40	637	50	5.70	0.00	0.00	idle	walking	0	0	547	4	0
67.721	0	564	40	637	50	5.70	0.00	0.00	idle	walking	0	0	547	4	0
67.753	0	564	40	637	50	5.70	0.00	0.00	idle	walking	0	0	547	4	0
67.784	0	564	40	637	50	5.70	0.00	0.00	idle	walking	0	0	547	4	0
67.815	0	564	40	637	50	5.70	0.00	0.00	idle	walking	0	0	547	4	0
67.847	0	564	40	637	50	5.70	0.00	0.00	idle	walking	0	0	547	4	0
67.880	0	564	40	637	50	5.70	0.00	0.00	idle	walking	0	0	547	4	0
67.907	0	564	40	637	50	5.70	0.00	0.00	idle	walking	0	0	547	4	0
67.940	0	564	40	637	50	5.70	0.00	0.00	idle	walking	0	0	547	4	0
67.972	0	564	40	637	50	5.70	0.00	0.00	idle	walking	0	0	547	4	0
68.003	0	564	40	637	50	5.70	0.00	0.00	idle	walking	0	0	547	4	0
68.033	0	564	40	637	50	5.70	0.00	0.00	idle	walking	0	0	547	4	0
68.069	0	564	40	637	50	5.70	0.00	0.00	idle	walking	0	0	547	4	0
68.096	0	564	40	637	50	5.70	0.00	0.00	idle	walking	0	0	547	4	0
68.125	0	564	40	637	50	5.70	0.00	0.00	idle	walking	0	0	547	4	0
68.155	0	564	40	637	50	5.70	0.00	0.00	idle	walking	0	0	547	4	0
68.187	0	564	40	637	50	5.70	0.00	0.00	idle	walking	0	0	547	4	0
68.220	0	564	40	637	50	5.70	0.00	0.00	idle	walking	0	0	547	4	0
68.260	0	564	40	637	50	5.70	0.00	0.00	idle	walking	0	0	547	4	0
68.290	0	564	40	637	50	5.70	0.00	0.00	idle	walking	0	0	547	4	0
68.322	0	564	40	637	50	5.70	0.00	0.00	idle	walking	0	0	547	4	0
68.357	0	564	40	637	50	5.70	0.00	0.00	idle	walking	0	0	547	4	0
68.387	0	564	40	637	50	5.70	0.00	0.00	idle	walking	0	0	547	4	0
68.406	0	564	40	637	50	5.70	0.00	0.00	idle	walking	0	0	547	4	0
68.444	0	564	40	637	50	5.70	0.00	0.00	idle	walking	0	0	547	4	0
68.473	0	564	40	637	50	5.70	0.00	0.00	idle	walking	0	0	547	4	0
68.507	0	564	40	637	50	5.70	0.00	0.00	idle	walking	0	0	547	4	0
68.541	0	564	40	637	50	5.70	0.00	0.00	idle	walking	0	0	547	4	0
68.573	0	564	40	637	50	5.70	0.00	0.00	idle	walking	0	0	547	4	0
68.606	0	564	40	637	50	5.70	0.00	0.00	idle	walking	0	0	547	4	0
68.640	0	564	40	637	50	5.70	0.00	0.00	idle	walking	0	0	547	4	0
68.656	0	564	40	637	50	5.70	0.00	0.00	idle	walking	0	0	547	4	0
68.701	0	564	40	637	50	5.70	0.00	0.00	idle	walking	0	0	547	4	0
68.723	0	564	40	637	50	5.70	0.00	0.00	idle	walking	0	0	547	4	0
68.756	0	564	40	637	50	5.70	0.00	0.00	idle	walking	0	0	547	4	0
68.789	0	564	40	637	50	5.70	0.00	0.00	idle	walking	0	0	547	4	0
68.827	0	564	40	637	50	5.70	0.00	0.00	idle	walking	0	0	547	4	0
68.854	0	564	40	637	50	5.70	0.00	0.00	idle	walking	0	0	547	4	0
68.883	0	564	40	637	50	5.70	0.00	0.00	idle	walking	0	0	547	4	0
68.905	0	564	40	637	50	5.70	0.00	0.00	idle	walking	0	0	547	4	0
68.940	0	564	40	637	50	5.70	0.00	0.00	idle	walking	0	0	547	4	0
68.973	0	564	40	637	50	5.70	0.00	0.00	idle	walking	0	0	547	4	0
69.225	1	611	47	175	5	5.70	-3.14	0.00	walk_left	walking	0	0	548	-3	0
69.257	1	606	47	175	5	5.70	-4.71	0.00	walk_left	walking	0	0	549	-5	0
69.289	1	601	46	175	5	5.70	-5.38	-1.08	walk_left	walking	0	0	550	-5	-1
69.320	1	595	45	175	5	5.70	-5.80	-0.97	walk_left	walking	0	0	551	-6	-1
69.358	1	589	44	175	5	5.70	-6.00	-1.00	walk_left	walking	0	0	552	-6	-1
69.377	1	583	43	175	5	5.70	-6.09	-1.02	walk_left	walking	0	0	553	-6	-1
69.409	1	577	42	175	5	5.70	-6.14	-1.02	walk_left	walking	0	0	554	-6	-1
69.448	1	571	41	175	5	5.70	-6.16	-1.03	walk_left	walking	0	0	555	-6	-1
69.478	1	565	40	175	5	5.70	-6.18	-1.03	walk_left	walking	0	0	556	-6	-1
69.509	1	559	39	175	5	5.70	-6.18	-1.03	walk_left	walking	0	0	557	-6	-1
69.547	1	553	38	175	5	5.70	-6.19	-1.03	walk_left	walking	0	0	558	-6	-1
69.572	1	547	38	175	5	5.70	-6.27	0.00	walk_left	walking	0	0	559	-6	0
69.595	1	541	37	175	5	5.70	-6.19	-1.03	walk_left	walking	0	0	560	-6	-1
69.638	1	535	37	175	5	5.70	-6.27	0.00	walk_left	walking	0	0	561	-6	0
69.657	1	529	36	175	5	5.70	-6.19	-1.03	walk_left	walking	0	0	562	-6	-1
69.691	1	523	36	175	5	5.70	-6.27	0.00	walk_left	walking	0	0	563	-6	0
69.729	1	517	35	175	5	5.70	-6.19	-1.03	walk_left	walking	0	0	564	-6	-1
69.757	1	511	35	175	5	5.70	-6.27	0.00	walk_left	walking	0	0	565	-6	0
69.789	1	505	34	175	5	5.70	-6.19	-1.03	walk_left	walking	0	0	566	-6	-1
69.825	1	499	34	175	5	5.70	-6.27	0.00	walk_left	walking	0	0	567	-6	0
69.853	1	493	33	175	5	5.70	-6.19	-1.03	walk_left	walking	0	0	568	-6	-1
69.882	1	487	32	175	5	5.70	-6.19	-1.03	walk_left	walking	0	0	569	-6	-1
69.908	1	481	32	175	5	5.70	-6.27	0.00	walk_left	walking	0	0	570	-6	0
69.941	1	475	31	175	5	5.70	-6.19	-1.03	walk_left	walking	0	0	571	-6	-1
69.974	1	469	31	175	5	5.70	-6.27	0.00	walk_left	walking	0	0	572	-6	0
70.008	1	463	30	175	5	5.70	-6.19	-1.03	walk_left	walking	0	0	573	-6	-1
70.040	1	457	30	175	5	5.70	-6.27	0.00	walk_left	walking	0	0	574	-6	0
70.070	1	451	29	175	5	5.70	-6.19	-1.03	walk_left	walking	0	0	575	-6	-1
70.103	1	445	29	175	5	5.70	-6.27	0.00	walk_left	walking	0	0	576	-6	0
70.133	1	439	28	175	5	5.70	-6.19	-1.03	walk_left	walking	0	0	577	-6	-1
70.158	1	433	28	175	5	5.70	-6.27	0.00	walk_left	walking	0	0	578	-6	0
70.196	1	427	27	175	5	5.70	-6.19	-1.03	walk_left	walking	0	0	579	-6	-1
70.224	1	421	27	175	5	5.70	-6.27	0.00	walk_left	walking	0	0	580	-6	0
70.258	1	415	26	175	5	5.70	-6.19	-1.03	walk_left	walking	0	0	581	-6	-1
70.296	1	409	26	175	5	5.70	-6.27	0.00	walk_left	walking	0	0	582	-6	0
70.322	1	403	25	175	5	5.70	-6.19	-1.03	walk_left	walking	0	0	583	-6	-1
70.353	1	397	25	175	5	5.70	-6.27	0.00	walk_left	walking	0	0	584	-6	0
70.389	1	391	24	175	5	5.70	-6.19	-1.03	walk_left	walking	0	0	585	-6	-1
70.408	1	385	24	175	5	5.70	-6.27	0.00	walk_left	walking	0	0	586	-6	0
70.440	1	379	23	175	5	5.70	-6.19	-1.03	walk_left	walking	0	0	587	-6	-1
70.479	1	373	22	175	5	5.70	-6.19	-1.03	walk_left	walking	0	0	588	-6	-1
70.506	1	367	22	175	5	5.70	-6.27	0.00	walk_left	walking	0	0	589	-6	0
70.536	1	361	21	175	5	5.70	-6.19	-1.03	walk_left	walking	0	0	590	-6	-1
70.571	1	355	21	175	5	5.70	-6.27	0.00	walk_left	walking	0	0	591	-6	0
70.600	1	349	20	175	5	5.70	-6.19	-1.03	walk_left	walking	0	0	592	-6	-1
70.630	1	343	20	175	5	5.70	-6.27	0.00	walk_left	walking	0	0	593	-6	0
70.658	1	337	19	175	5	5.70	-6.19	-1.03	walk_left	walking	0	0	594	-6	-1
70.691	1	331	19	175	5	5.70	-6.27	0.00	walk_left	walking	0	0	595	-6	0
70.723	1	325	18	175	5	5.70	-6.19	-1.03	walk_left	walking	0	0	596	-6	-1
70.755	1	319	18	175	5	5.70	-6.27	0.00	walk_left	walking	0	0	597	-6	0
70.786	1	313	17	175	5	5.70	-6.19	-1.03	walk_left	walking	0	0	598	-6	-1
70.816	1	307	17	175	5	5.70	-6.27	0.00	walk_left	walking	0	0	599	-6	0
70.847	1	301	16	175	5	5.70	-6.19	-1.03	walk_left	walking	0	0	600	-6	-1
70.878	1	295	16	175	5	5.70	-6.27	0.00	walk_left	walking	0	0	601	-6	0
70.908	1	289	15	175	5	5.70	-6.19	-1.03	walk_left	walking	0	0	602	-6	-1
70.940	1	283	15	175	5	5.70	-6.27	0.00	walk_left	walking	0	0	603	-6	0
70.975	1	277	14	175	5	5.70	-6.19	-1.03	walk_left	walking	0	0	604	-6	-1
71.005	1	271	13	175	5	5.70	-6.19	-1.03	walk_left	walking	0	0	605	-6	-1
71.034	1	265	13	175	5	5.70	-5.65	0.00	walk_left	walking	0	0	606	-6	0
71.064	1	260	13	175	5	5.70	-5.33	0.00	walk_left	walking	0	0	607	-5	0
71.095	1	255	13	175	5	5.70	-5.18	0.00	walk_left	walking	0	0	608	-5	0
71.125	1	250	12	175	5	5.70	-5.00	-1.00	walk_left	walking	0	0	609	-5	-1
71.158	1	245	12	175	5	5.70	-5.06	0.00	walk_left	walking	0	0	610	-5	0
71.192	1	240	11	175	5	5.70	-4.94	-0.99	walk_left	walking	0	0	611	-5	-1
71.222	1	235	11	175	5	5.70	-5.03	0.00	walk_left	walking	0	0	612	-5	0
71.254	1	230	11	175	5	5.70	-5.02	0.00	walk_left	walking	0	0	613	-5	0
71.284	1	225	10	175	5	5.70	-4.92	-0.98	walk_left	walking	0	0	614	-5	-1
71.314	1	220	10	175	5	5.70	-5.02	0.00	walk_left	walking	0	0	615	-5	0
71.346	1	215	9	175	5	5.70	-5.25	-1.05	walk_left	walking	0	0	616	-5	-1
71.377	1	210	8	175	5	5.70	-5.10	-1.02	walk_left	walking	0	0	617	-5	-1
71.408	1	205	8	175	5	5.70	-4.80	0.00	walk_left	walking	0	0	618	-5	0
71.440	1	201	8	175	5	5.70	-4.29	0.00	walk_left	walking	0	0	619	-4	0
71.471	0	197	8	175	5	5.70	0.00	0.00	idle	walking	0	0	620	-4	0
71.504	0	197	8	175	5	5.70	0.00	0.00	idle	walking	0	0	620	-4	0
71.542	0	147	1	175	5	5.70	0.00	0.00	idle	walking	0	0	620	-4	0
71.564	0	147	1	175	5	5.70	0.00	0.00	idle	walking	0	0	620	-4	0
71.598	0	147	1	175	5	5.70	0.00	0.00	idle	walking	0	0	620	-4	0
71.629	0	147	1	175	5	5.70	0.00	0.00	idle	walking	0	0	620	-4	0
71.655	0	147	1	175	5	5.70	0.00	0.00	idle	walking	0	0	620	-4	0
71.690	0	147	1	175	5	5.70	0.00	0.00	idle	walking	0	0	620	-4	0
71.722	0	147	1	175	5	5.70	0.00	0.00	idle	walking	0	0	620	-4	0
71.752	0	149	1	175	5	5.70	0.00	0.00	look_up	walking	1	0	621	-48	-7
71.784	0	149	1	175	5	5.70	0.00	0.00	look_up	performing	1	0	621	-48	-7
71.816	0	149	1	175	5	5.70	0.00	0.00	look_up	performing	1	0	621	-48	-7
71.847	0	149	1	175	5	5.70	0.00	0.00	look_up	performing	1	0	621	-48	-7
71.880	0	149	1	175	5	5.70	0.00	0.00	look_up	performing	1	0	621	-48	-7
71.914	0	198	8	175	5	5.70	0.00	0.00	look_up	performing	1	0	621	-48	-7
71.940	0	198	8	175	5	5.70	0.00	0.00	look_up	performing	1	0	621	-48	-7
71.973	0	198	8	175	5	5.70	0.00	0.00	look_up	performing	1	0	621	-48	-7
72.134	0	198	8	175	5	5.70	0.00	0.00	look_up	performing	1	0	621	-48	-7
72.473	0	198	8	175	5	5.70	0.00	0.00	look_up	performing	1	0	621	-48	-7
72.505	0	198	8	175	5	5.70	0.00	0.00	look_up	performing	1	0	621	-48	-7
72.538	0	198	8	175	5	5.70	0.00	0.00	look_up	performing	1	0	621	-48	-7
72.570	0	198	8	175	5	5.70	0.00	0.00	look_up	performing	1	0	621	-48	-7
72.603	0	198	8	175	5	5.70	0.00	0.00	look_up	performing	1	0	621	-48	-7
72.635	0	198	8	175	5	5.70	0.00	0.00	look_up	performing	1	0	621	-48	-7
72.658	0	198	8	175	5	5.70	0.00	0.00	idle	performing	0	0	621	-48	-7
72.697	0	198	8	175	5	5.70	0.00	0.00	idle	performing	0	0	621	-48	-7
72.723	0	198	8	175	5	5.70	0.00	0.00	idle	performing	0	0	621	-48	-7
72.756	0	198	8	175	5	5.70	0.00	0.00	idle	performing	0	0	621	-48	-7
72.790	0	198	8	175	5	5.70	0.00	0.00	idle	performing	0	0	621	-48	-7
72.823	0	198	8	175	5	5.70	0.00	0.00	idle	performing	0	0	621	-48	-7
72.863	0	149	1	175	5	5.70	0.00	0.00	idle	performing	0	0	621	-48	-7
72.887	0	149	1	175	5	5.70	0.00	0.00	idle	performing	0	0	621	-48	-7
72.906	0	149	1	175	5	5.70	0.00	0.00	idle	performing	0	0	621	-48	-7
72.939	0	149	1	175	5	5.70	0.00	0.00	idle	performing	0	0	621	-48	-7
72.974	0	149	1	175	5	5.70	0.00	0.00	idle	performing	0	0	621	-48	-7
73.008	0	149	1	175	5	5.70	0.00	0.00	idle	performing	0	0	621	-48	-7
73.043	0	149	1	175	5	5.70	0.00	0.00	idle	performing	0	0	621	-48	-7
73.073	0	149	1	175	5	5.70	0.00	0.00	idle	performing	0	0	621	-48	-7
73.095	0	149	1	175	5	5.70	0.00	0.00	idle	performing	0	0	621	-48	-7
73.136	0	149	1	175	5	5.70	0.00	0.00	idle	performing	0	0	621	-48	-7
73.155	0	149	1	175	5	5.70	0.00	0.00	idle	performing	0	0	621	-48	-7
73.189	0	149	1	175	5	5.70	0.00	0.00	idle	performing	0	0	621	-48	-7
73.226	0	149	1	175	5	5.70	0.00	0.00	idle	performing	0	0	621	-48	-7
73.259	0	149	1	175	5	5.70	0.00	0.00	idle	performing	0	0	621	-48	-7
73.291	0	149	1	175	5	5.70	0.00	0.00	idle	performing	0	0	621	-48	-7
73.314	0	149	1	175	5	5.70	0.00	0.00	idle	performing	0	0	621	-48	-7
73.356	0	149	1	175	5	5.70	0.00	0.00	idle	performing	0	0	621	-48	-7
73.389	0	149	1	175	5	5.70	0.00	0.00	idle	performing	0	0	621	-48	-7
73.414	0	149	1	175	5	5.70	0.00	0.00	idle	performing	0	0	621	-48	-7
73.439	0	149	1	175	5	5.70	0.00	0.00	idle	performing	0	0	621	-48	-7
73.475	0	149	1	175	5	5.70	0.00	0.00	idle	performing	0	0	621	-48	-7
73.506	0	149	1	175	5	5.70	0.00	0.00	idle	performing	0	0	621	-48	-7
73.530	0	149	1	175	5	5.70	0.00	0.00	idle	performing	0	0	621	-48	-7
73.573	0	149	1	175	5	5.70	0.00	0.00	idle	performing	0	0	621	-48	-7
73.610	0	149	1	175	5	5.70	0.00	0.00	idle	performing	0	0	621	-48	-7
73.639	0	149	1	175	5	5.70	0.00	0.00	idle	performing	0	0	621	-48	-7
73.656	0	149	1	175	5	5.70	0.00	0.00	idle	performing	0	0	621	-48	-7
73.689	0	149	1	175	5	5.70	0.00	0.00	idle	performing	0	0	621	-48	-7
73.723	0	149	1	175	5	5.70	0.00	0.00	idle	performing	0	0	621	-48	-7
73.758	0	149	1	175	5	5.70	0.00	0.00	idle	performing	0	0	621	-48	-7
73.794	0	149	1	175	5	5.70	0.00	0.00	idle	performing	0	0	621	-48	-7
73.822	0	149	1	175	5	5.70	0.00	0.00	idle	performing	0	0	621	-48	-7
73.856	0	149	1	175	5	5.70	0.00	0.00	idle	performing	0	0	621	-48	-7
73.874	0	149	1	175	5	5.70	0.00	0.00	idle	performing	0	0	621	-48	-7
73.907	0	149	1	175	5	5.70	0.00	0.00	idle	performing	0	0	621	-48	-7
73.941	0	149	1	175	5	5.70	0.00	0.00	idle	performing	0	0	621	-48	-7
73.977	0	149	1	175	5	5.70	0.00	0.00	idle	performing	0	0	621	-48	-7
74.006	0	149	1	175	5	5.70	0.00	0.00	idle	performing	0	0	621	-48	-7
74.040	0	149	1	175	5	5.70	0.00	0.00	idle	performing	0	0	621	-48	-7
74.072	0	149	1	175	5	5.70	0.00	0.00	idle	performing	0	0	621	-48	-7
74.093	0	149	1	175	5	5.70	0.00	0.00	idle	performing	0	0	621	-48	-7
74.135	0	149	1	175	5	5.70	0.00	0.00	idle	performing	0	0	621	-48	-7
74.159	0	149	1	175	5	5.70	0.00	0.00	idle	performing	0	0	621	-48	-7
74.189	0	149	1	175	5	5.70	0.00	0.00	idle	performing	0	0	621	-48	-7
74.224	0	149	1	175	5	5.70	0.00	0.00	idle	performing	0	0	621	-48	-7
74.259	0	149	1	175	5	5.70	0.00	0.00	idle	performing	0	0	621	-48	-7
74.290	0	149	1	175	5	5.70	0.00	0.00	idle	performing	0	0	621	-48	-7
74.315	0	149	1	175	5	5.70	0.00	0.00	idle	performing	0	0	621	-48	-7
74.359	0	149	1	175	5	5.70	0.00	0.00	idle	performing	0	0	621	-48	-7
74.385	0	149	1	175	5	5.70	0.00	0.00	idle	performing	0	0	621	-48	-7
74.405	0	149	1	175	5	5.70	0.00	0.00	idle	performing	0	0	621	-48	-7
74.441	0	149	1	175	5	5.70	0.00	0.00	idle	performing	0	0	621	-48	-7
74.472	0	149	1	175	5	5.70	0.00	0.00	idle	performing	0	0	621	-48	-7
74.506	0	149	1	175	5	5.70	0.00	0.00	idle	performing	0	0	621	-48	-7
74.545	0	149	1	175	5	5.70	0.00	0.00	idle	performing	0	0	621	-48	-7
74.574	0	149	1	175	5	5.70	0.00	0.00	idle	performing	0	0	621	-48	-7
74.603	0	149	1	175	5	5.70	0.00	0.00	idle	performing	0	0	621	-48	-7
74.632	0	149	1	175	5	5.70	0.00	0.00	idle	performing	0	0	621	-48	-7
74.657	0	149	1	175	5	5.70	0.00	0.00	idle	performing	0	0	621	-48	-7
74.690	0	149	1	175	5	5.70	0.00	0.00	idle	performing	0	0	621	-48	-7
74.727	0	149	1	175	5	5.70	0.00	0.00	idle	performing	0	0	621	-48	-7
74.748	0	149	1	175	5	5.70	0.00	0.00	idle	performing	0	0	621	-48	-7
74.789	0	149	1	175	5	5.70	0.00	0.00	idle	performing	0	0	621	-48	-7
74.822	0	149	1	175	5	5.70	0.00	0.00	idle	performing	0	0	621	-48	-7
74.853	0	149	1	175	5	5.70	0.00	0.00	idle	performing	0	0	621	-48	-7
74.887	0	149	1	175	5	5.70	0.00	0.00	idle	performing	0	0	621	-48	-7
74.912	0	149	1	175	5	5.70	0.00	0.00	idle	performing	0	0	621	-48	-7
74.941	0	149	1	175	5	5.70	0.00	0.00	idle	performing	0	0	621	-48	-7
74.976	0	149	1	175	5	5.70	0.00	0.00	idle	performing	0	0	621	-48	-7
75.130	0	149	1	175	5	5.70	0.00	0.00	idle	performing	0	0	621	-48	-7
75.158	0	149	1	175	5	5.70	0.00	0.00	idle	performing	0	0	621	-48	-7
75.191	0	149	1	175	5	5.70	0.00	0.00	idle	performing	0	0	621	-48	-7
75.224	0	149	1	175	5	5.70	0.00	0.00	idle	performing	0	0	621	-48	-7
75.256	0	149	1	175	5	5.70	0.00	0.00	idle	performing	0	0	621	-48	-7
75.294	0	149	1	175	5	5.70	0.00	0.00	idle	performing	0	0	621	-48	-7
75.325	0	149	1	175	5	5.70	0.00	0.00	idle	performing	0	0	621	-48	-7
75.355	0	149	1	175	5	5.70	0.00	0.00	idle	performing	0	0	621	-48	-7
75.393	0	149	1	175	5	5.70	0.00	0.00	idle	performing	0	0	621	-48	-7
75.408	0	149	1	175	5	5.70	0.00	0.00	idle	performing	0	0	621	-48	-7
75.442	0	149	1	175	5	5.70	0.00	0.00	idle	performing	0	0	621	-48	-7
75.475	0	149	1	175	5	5.70	0.00	0.00	idle	performing	0	0	621	-48	-7
75.508	0	149	1	175	5	5.70	0.00	0.00	idle	performing	0	0	621	-48	-7
75.540	0	149	1	175	5	5.70	0.00	0.00	idle	performing	0	0	621	-48	-7
75.573	0	149	1	175	5	5.70	0.00	0.00	idle	performing	0	0	621	-48	-7
75.601	0	149	1	175	5	5.70	0.00	0.00	idle	performing	0	0	621	-48	-7
75.625	0	149	1	175	5	5.70	0.00	0.00	idle	performing	0	0	621	-48	-7
75.659	0	149	1	175	5	5.70	0.00	0.00	idle	performing	0	0	621	-48	-7
75.691	0	149	1	175	5	5.70	0.00	0.00	idle	performing	0	0	621	-48	-7
75.724	0	149	1	175	5	5.70	0.00	0.00	idle	performing	0	0	621	-48	-7
75.759	0	149	1	175	5	5.70	0.00	0.00	idle	performing	0	0	621	-48	-7
75.789	0	149	1	175	5	5.70	0.00	0.00	idle	performing	0	0	621	-48	-7
75.821	0	149	1	175	5	5.70	0.00	0.00	idle	performing	0	0	621	-48	-7
75.844	0	149	1	175	5	5.70	0.00	0.00	idle	performing	0	0	621	-48	-7
75.882	0	149	1	175	5	5.70	0.00	0.00	idle	performing	0	0	621	-48	-7
75.908	0	149	1	175	5	5.70	0.00	0.00	idle	performing	0	0	621	-48	-7
75.944	0	149	1	175	5	5.70	0.00	0.00	idle	performing	0	0	621	-48	-7
75.974	0	149	1	175	5	5.70	0.00	0.00	idle	performing	0	0	621	-48	-7
76.007	0	149	1	175	5	5.70	0.00	0.00	idle	performing	0	0	621	-48	-7
76.039	0	149	1	175	5	5.70	0.00	0.00	idle	performing	0	0	621	-48	-7
76.063	0	149	1	175	5	5.70	0.00	0.00	idle	performing	0	0	621	-48	-7
76.107	0	149	1	175	5	5.70	0.00	0.00	idle	performing	0	0	621	-48	-7
76.143	0	149	1	175	5	5.70	0.00	0.00	idle	performing	0	0	621	-48	-7
76.158	0	149	1	175	5	5.70	0.00	0.00	idle	performing	0	0	621	-48	-7
76.190	0	149	1	175	5	5.70	0.00	0.00	idle	performing	0	0	621	-48	-7
76.224	0	149	1	175	5	5.70	0.00	0.00	idle	performing	0	0	621	-48	-7
76.255	0	149	1	175	5	5.70	0.00	0.00	idle	performing	0	0	621	-48	-7
76.291	0	149	1	175	5	5.70	0.00	0.00	idle	performing	0	0	621	-48	-7
76.324	0	149	1	175	5	5.70	0.00	0.00	idle	performing	0	0	621	-48	-7
76.352	1	149	1	390	50	6.02	0.00	0.00	idle	performing	0	0	621	-48	-7
76.385	1	152	2	390	50	6.02	3.14	1.05	idle	walking	0	0	622	3	1
76.408	1	157	3	390	50	6.02	4.87	0.97	idle	walking	0	0	623	5	1
76.440	1	163	4	390	50	6.02	5.71	0.95	idle	walking	0	0	624	6	1
76.474	1	169	5	390	50	6.02	6.12	1.02	idle	walking	0	0	625	6	1
76.510	1	225	13	390	50	6.02	6.32	1.05	walk_right	walking	0	0	626	56	8
76.542	1	231	14	390	50	6.02	6.43	1.07	walk_right	walking	0	0	627	6	1
76.574	1	237	15	390	50	6.02	6.48	1.08	walk_right	walking	0	0	628	6	1
76.604	1	243	16	390	50	6.02	6.50	1.08	walk_right	walking	0	0	629	6	1
76.635	1	249	17	390	50	6.02	6.52	1.09	walk_right	walking	0	0	630	6	1
76.658	1	255	18	390	50	6.02	6.52	1.09	walk_right	walking	0	0	631	6	1
76.691	1	261	19	390	50	6.02	6.53	1.09	walk_right	walking	0	0	632	6	1
76.726	1	267	20	390	50	6.02	6.53	1.09	walk_right	walking	0	0	633	6	1
76.757	1	273	21	390	50	6.02	6.53	1.09	walk_right	walking	0	0	634	6	1
76.790	1	279	22	390	50	6.02	6.53	1.09	walk_right	walking	0	0	635	6	1
76.822	1	285	23	390	50	6.02	6.53	1.09	walk_right	walking	0	0	636	6	1
76.854	1	291	24	390	50	6.02	6.53	1.09	walk_right	walking	0	0	637	6	1
76.886	1	297	26	390	50	6.02	6.28	2.09	walk_right	walking	0	0	638	6	2
76.909	1	303	27	390	50	6.02	5.88	0.98	walk_right	walking	0	0	639	6	1
76.943	1	308	28	390	50	6.02	5.52	1.10	walk_right	walking	0	0	640	5	1
76.973	1	313	29	390	50	6.02	5.35	1.07	walk_right	walking	0	0	641	5	1
77.008	1	318	30	390	50	6.02	5.27	1.05	walk_right	walking	0	0	642	5	1
77.040	1	323	31	390	50	6.02	5.23	1.05	walk_right	walking	0	0	643	5	1
77.071	1	328	32	390	50	6.02	5.21	1.04	walk_right	walking	0	0	644	5	1
77.102	1	333	33	390	50	6.02	5.20	1.04	walk_right	walking	0	0	645	5	1
77.132	1	338	35	390	50	6.02	4.92	1.97	walk_right	walking	0	0	646	5	2
77.157	1	343	36	390	50	6.02	5.19	1.04	walk_right	walking	0	0	647	5	1
77.190	1	349	38	390	50	6.02	5.59	1.86	walk_right	walking	0	0	648	6	2
77.225	1	355	40	390	50	6.02	5.48	1.83	walk_right	walking	0	0	649	6	2
77.258	1	360	41	390	50	6.02	5.19	1.04	walk_right	walking	0	0	650	5	1
77.290	1	365	42	390	50	6.02	4.63	0.93	walk_right	walking	0	0	651	5	1
77.324	0	369	43	390	50	6.02	0.00	0.00	idle	walking	0	0	652	4	1
77.356	0	369	43	390	50	6.02	0.00	0.00	idle	walking	0	0	652	4	1
77.384	0	369	43	390	50	6.02	0.00	0.00	idle	walking	0	0	652	4	1
77.406	0	369	43	390	50	6.02	0.00	0.00	idle	walking	0	0	652	4	1
77.445	0	319	36	390	50	6.02	0.00	0.00	idle	walking	0	0	652	4	1
77.472	0	319	36	390	50	6.02	0.00	0.00	idle	walking	0	0	652	4	1
77.506	0	319	36	390	50	6.02	0.00	0.00	idle	walking	0	0	652	4	1
77.540	0	319	36	390	50	6.02	0.00	0.00	idle	walking	0	0	652	4	1
77.572	0	319	36	390	50	6.02	0.00	0.00	idle	walking	0	0	652	4	1
77.594	0	319	36	390	50	6.02	0.00	0.00	idle	walking	0	0	652	4	1
77.640	0	319	36	390	50	6.02	0.00	0.00	idle	walking	0	0	652	4	1
77.656	0	319	36	390	50	6.02	0.00	0.00	idle	walking	0	0	652	4	1
77.690	0	319	36	390	50	6.02	0.00	0.00	idle	walking	0	0	652	4	1
77.723	0	319	36	390	50	6.02	0.00	0.00	idle	walking	0	0	652	4	1
77.756	0	319	36	390	50	6.02	0.00	0.00	idle	walking	0	0	652	4	1
77.788	0	319	36	390	50	6.02	0.00	0.00	idle	walking	0	0	652	4	1
77.816	0	319	36	390	50	6.02	0.00	0.00	idle	walking	0	0	652	4	1
77.854	0	319	36	390	50	6.02	0.00	0.00	idle	walking	0	0	652	4	1
77.885	0	319	36	390	50	6.02	0.00	0.00	idle	walking	0	0	652	4	1
77.906	0	319	36	390	50	6.02	0.00	0.00	idle	walking	0	0	652	4	1
77.939	0	319	36	390	50	6.02	0.00	0.00	idle	walking	0	0	652	4	1
77.973	0	319	36	390	50	6.02	0.00	0.00	idle	walking	0	0	652	4	1
78.124	0	319	36	390	50	6.02	0.00	0.00	idle	walking	0	0	652	4	1
78.159	0	319	36	390	50	6.02	0.00	0.00	idle	walking	0	0	652	4	1
78.190	0	319	36	390	50	6.02	0.00	0.00	idle	walking	0	0	652	4	1
78.223	0	319	36	390	50	6.02	0.00	0.00	idle	walking	0	0	652	4	1
78.257	0	319	36	390	50	6.02	0.00	0.00	idle	walking	0	0	652	4	1
78.293	0	319	36	390	50	6.02	0.00	0.00	idle	walking	0	0	652	4	1
78.323	0	319	36	390	50	6.02	0.00	0.00	idle	walking	0	0	652	4	1
78.353	0	319	36	390	50	6.02	0.00	0.00	idle	walking	0	0	652	4	1
78.383	0	319	36	390	50	6.02	0.00	0.00	idle	walking	0	0	652	4	1
78.406	0	319	36	390	50	6.02	0.00	0.00	idle	walking	0	0	652	4	1
78.439	0	319	36	390	50	6.02	0.00	0.00	idle	walking	0	0	652	4	1
78.476	0	319	36	390	50	6.02	0.00	0.00	idle	walking	0	0	652	4	1
78.505	0	319	36	390	50	6.02	0.00	0.00	idle	walking	0	0	652	4	1
78.540	0	319	36	390	50	6.02	0.00	0.00	idle	walking	0	0	652	4	1
78.570	0	319	36	390	50	6.02	0.00	0.00	idle	walking	0	0	652	4	1
78.602	0	319	36	390	50	6.02	0.00	0.00	idle	walking	0	0	652	4	1
78.635	0	319	36	390	50	6.02	0.00	0.00	idle	walking	0	0	652	4	1
78.660	0	319	36	390	50	6.02	0.00	0.00	idle	walking	0	0	652	4	1
78.689	0	319	36	390	50	6.02	0.00	0.00	idle	walking	0	0	652	4	1
78.723	0	319	36	390	50	6.02	0.00	0.00	idle	walking	0	0	652	4	1
78.756	0	319	36	390	50	6.02	0.00	0.00	idle	walking	0	0	652	4	1
78.790	0	319	36	390	50	6.02	0.00	0.00	idle	walking	0	0	652	4	1
78.821	0	319	36	390	50	6.02	0.00	0.00	idle	walking	0	0	652	4	1
78.858	0	319	36	390	50	6.02	0.00	0.00	idle	walking	0	0	652	4	1
78.882	0	319	36	390	50	6.02	0.00	0.00	idle	walking	0	0	652	4	1
78.906	0	319	36	390	50	6.02	0.00	0.00	idle	walking	0	0	652	4	1
78.939	0	319	36	390	50	6.02	0.00	0.00	idle	walking	0	0	652	4	1
78.973	0	319	36	390	50	6.02	0.00	0.00	idle	walking	0	0	652	4	1
79.006	0	319	36	390	50	6.02	0.00	0.00	idle	walking	0	0	652	4	1
79.042	0	319	36	390	50	6.02	0.00	0.00	idle	walking	0	0	652	4	1
79.067	0	319	36	390	50	6.02	0.00	0.00	idle	walking	0	0	652	4	1
79.099	0	319	36	390	50	6.02	0.00	0.00	idle	walking	0	0	652	4	1
79.129	0	319	36	390	50	6.02	0.00	0.00	idle	walking	0	0	652	4	1
79.155	0	319	36	390	50	6.02	0.00	0.00	idle	walking	0	0	652	4	1
79.191	0	319	36	390	50	6.02	0.00	0.00	idle	walking	0	0	652	4	1
79.227	0	319	36	390	50	6.02	0.00	0.00	idle	walking	0	0	652	4	1
79.255	0	319	36	390	50	6.02	0.00	0.00	idle	walking	0	0	652	4	1
79.284	0	319	36	390	50	6.02	0.00	0.00	idle	walking	0	0	652	4	1
79.315	0	319	36	390	50	6.02	0.00	0.00	idle	walking	0	0	652	4	1
79.348	0	319	36	390	50	6.02	0.00	0.00	idle	walking	0	0	652	4	1
79.377	0	319	36	390	50	6.02	0.00	0.00	idle	walking	0	0	652	4	1
79.410	0	319	36	390	50	6.02	0.00	0.00	idle	walking	0	0	652	4	1
79.440	0	319	36	390	50	6.02	0.00	0.00	idle	walking	0	0	652	4	1
79.473	0	319	36	390	50	6.02	0.00	0.00	idle	walking	0	0	652	4	1
79.503	0	319	36	390	50	6.02	0.00	0.00	idle	walking	0	0	652	4	1
79.533	0	319	36	390	50	6.02	0.00	0.00	idle	walking	0	0	652	4	1
79.566	0	319	36	390	50	6.02	0.00	0.00	idle	walking	0	0	652	4	1
79.596	0	319	36	390	50	6.02	0.00	0.00	idle	walking	0	0	652	4	1
79.625	0	319	36	390	50	6.02	0.00	0.00	idle	walking	0	0	652	4	1
79.656	0	319	36	390	50	6.02	0.00	0.00	idle	walking	0	0	652	4	1
79.688	0	319	36	390	50	6.02	0.00	0.00	idle	walking	0	0	652	4	1
79.718	0	319	36	390	50	6.02	0.00	0.00	idle	walking	0	0	652	4	1
79.756	0	319	36	390	50	6.02	0.00	0.00	idle	walking	0	0	652	4	1
79.784	0	319	36	390	50	6.02	0.00	0.00	idle	walking	0	0	652	4	1
79.822	0	319	36	390	50	6.02	0.00	0.00	idle	walking	0	0	652	4	1
79.856	0	319	36	390	50	6.02	0.00	0.00	idle	walking	0	0	652	4	1
79.891	0	319	36	390	50	6.02	0.00	0.00	idle	walking	0	0	652	4	1
79.906	0	319	36	390	50	6.02	0.00	0.00	idle	walking	0	0	652	4	1
79.939	0	319	36	390	50	6.02	0.00	0.00	idle	walking	0	0	652	4	1
79.978	0	319	36	390	50	6.02	0.00	0.00	idle	walking	0	0	652	4	1
80.007	0	319	36	390	50	6.02	0.00	0.00	idle	walking	0	0	652	4	1
80.040	0	319	36	390	50	6.02	0.00	0.00	idle	walking	0	0	652	4	1
80.072	0	319	36	390	50	6.02	0.00	0.00	idle	walking	0	0	652	4	1
80.104	0	319	36	390	50	6.02	0.00	0.00	idle	walking	0	0	652	4	1
80.130	0	319	36	390	50	6.02	0.00	0.00	idle	walking	0	0	652	4	1
80.160	0	319	36	390	50	6.02	0.00	0.00	idle	walking	0	0	652	4	1
80.190	0	319	36	390	50	6.02	0.00	0.00	idle	walking	0	0	652	4	1
80.221	0	319	36	390	50	6.02	0.00	0.00	idle	walking	0	0	652	4	1
80.257	0	319	36	390	50	6.02	0.00	0.00	idle	walking	0	0	652	4	1
80.290	0	319	36	390	50	6.02	0.00	0.00	idle	walking	0	0	652	4	1
80.320	0	319	36	390	50	6.02	0.00	0.00	idle	walking	0	0	652	4	1
80.346	0	319	36	390	50	6.02	0.00	0.00	idle	walking	0	0	652	4	1
80.384	0	319	36	390	50	6.02	0.00	0.00	idle	walking	0	0	652	4	1
80.406	0	319	36	390	50	6.02	0.00	0.00	idle	walking	0	0	652	4	1
80.439	0	319	36	390	50	6.02	0.00	0.00	idle	walking	0	0	652	4	1
80.473	0	319	36	390	50	6.02	0.00	0.00	idle	walking	0	0	652	4	1
80.508	0	319	36	390	50	6.02	0.00	0.00	idle	walking	0	0	652	4	1
80.541	0	319	36	390	50	6.02	0.00	0.00	idle	walking	0	0	652	4	1
80.569	0	319	36	390	50	6.02	0.00	0.00	idle	walking	0	0	652	4	1
80.601	0	319	36	390	50	6.02	0.00	0.00	idle	walking	0	0	652	4	1
80.632	0	319	36	390	50	6.02	0.00	0.00	idle	walking	0	0	652	4	1
80.655	0	319	36	390	50	6.02	0.00	0.00	idle	walking	0	0	652	4	1
80.691	0	319	36	390	50	6.02	0.00	0.00	idle	walking	0	0	652	4	1
80.726	0	319	36	390	50	6.02	0.00	0.00	idle	walking	0	0	652	4	1
80.755	0	319	36	390	50	6.02	0.00	0.00	idle	walking	0	0	652	4	1
80.780	0	319	36	390	50	6.02	0.00	0.00	idle	walking	0	0	652	4	1
80.818	0	319	36	390	50	6.02	0.00	0.00	idle	walking	0	0	652	4	1
80.851	0	319	36	390	50	6.02	0.00	0.00	idle	walking	0	0	652	4	1
80.881	0	319	36	390	50	6.02	0.00	0.00	idle	walking	0	0	652	4	1
80.910	0	319	36	390	50	6.02	0.00	0.00	idle	walking	0	0	652	4	1
80.940	0	319	36	390	50	6.02	0.00	0.00	idle	walking	0	0	652	4	1
80.973	0	319	36	390	50	6.02	0.00	0.00	idle	walking	0	0	652	4	1
81.134	0	319	36	390	50	6.02	0.00	0.00	idle	walking	0	0	652	4	1
81.156	0	319	36	390	50	6.02	0.00	0.00	idle	walking	0	0	652	4	1
81.189	0	319	36	390	50	6.02	0.00	0.00	idle	walking	0	0	652	4	1
81.222	0	319	36	390	50	6.02	0.00	0.00	idle	walking	0	0	652	4	1
81.253	0	319	36	390	50	6.02	0.00	0.00	idle	walking	0	0	652	4	1
81.287	0	319	36	390	50	6.02	0.00	0.00	idle	walking	0	0	652	4	1
81.314	0	319	36	390	50	6.02	0.00	0.00	idle	walking	0	0	652	4	1
81.345	0	319	36	390	50	6.02	0.00	0.00	idle	walking	0	0	652	4	1
81.379	0	319	36	390	50	6.02	0.00	0.00	idle	walking	0	0	652	4	1
81.406	0	319	36	390	50	6.02	0.00	0.00	idle	walking	0	0	652	4	1
81.438	0	319	36	390	50	6.02	0.00	0.00	idle	walking	0	0	652	4	1
81.469	0	319	36	390	50	6.02	0.00	0.00	idle	walking	0	0	652	4	1
81.506	0	319	36	390	50	6.02	0.00	0.00	idle	walking	0	0	652	4	1
81.540	0	319	36	390	50	6.02	0.00	0.00	idle	walking	0	0	652	4	1
81.577	0	319	36	390	50	6.02	0.00	0.00	idle	walking	0	0	652	4	1
81.607	0	319	36	390	50	6.02	0.00	0.00	idle	walking	0	0	652	4	1
81.636	0	319	36	390	50	6.02	0.00	0.00	idle	walking	0	0	652	4	1
81.655	0	319	36	390	50	6.02	0.00	0.00	idle	walking	0	0	652	4	1
81.689	0	319	36	390	50	6.02	0.00	0.00	idle	walking	0	0	652	4	1
81.723	1	319	36	655	50	5.28	0.00	0.00	idle	walking	0	0	652	4	1
81.761	1	372	43	655	50	5.28	2.91	0.00	walk_right	walking	0	0	653	3	0
81.792	1	376	43	655	50	5.28	4.36	0.00	walk_right	walking	0	0	654	4	0
81.826	1	381	43	655	50	5.28	5.09	0.00	walk_right	walking	0	0	655	5	0
81.856	1	386	43	655	50	5.28	5.45	0.00	walk_right	walking	0	0	656	5	0
81.886	1	391	43	655	50	5.28	5.63	0.00	walk_right	walking	0	0	657	5	0
81.909	1	396	43	655	50	5.28	5.72	0.00	walk_right	walking	0	0	658	5	0
81.943	1	401	43	655	50	5.28	5.77	0.00	walk_right	walking	0	0	659	5	0
81.974	1	406	43	655	50	5.28	5.79	0.00	walk_right	walking	0	0	660	5	0
82.009	1	411	43	655	50	5.28	5.80	0.00	walk_right	walking	0	0	661	5	0
82.041	1	416	43	655	50	5.28	5.81	0.00	walk_right	walking	0	0	662	5	0
82.074	1	421	43	655	50	5.28	5.81	0.00	walk_right	walking	0	0	663	5	0
82.105	1	426	43	655	50	5.28	5.81	0.00	walk_right	walking	0	0	664	5	0
82.135	1	431	43	655	50	5.28	5.81	0.00	walk_right	walking	0	0	665	5	0
82.157	1	436	43	655	50	5.28	5.81	0.00	walk_right	walking	0	0	666	5	0
82.191	1	441	43	655	50	5.28	5.81	0.00	walk_right	walking	0	0	667	5	0
82.224	1	446	43	655	50	5.28	5.81	0.00	walk_right	walking	0	0	668	5	0
82.259	1	451	43	655	50	5.28	5.81	0.00	walk_right	walking	0	0	669	5	0
82.290	1	456	43	655	50	5.28	5.81	0.00	walk_right	walking	0	0	670	5	0
82.314	1	461	43	655	50	5.28	5.81	0.00	walk_right	walking	0	0	671	5	0
82.353	1	466	43	655	50	5.28	5.81	0.00	walk_right	walking	0	0	672	5	0
82.383	1	471	43	655	50	5.28	5.81	0.00	walk_right	walking	0	0	673	5	0
82.406	1	476	43	655	50	5.28	5.81	0.00	walk_right	walking	0	0	674	5	0
82.442	1	481	43	655	50	5.28	5.81	0.00	walk_right	walking	0	0	675	5	0
82.474	1	486	43	655	50	5.28	5.81	0.00	walk_right	walking	0	0	676	5	0
82.508	1	491	43	655	50	5.28	5.81	0.00	walk_right	walking	0	0	677	5	0
82.530	1	496	43	655	50	5.28	5.81	0.00	walk_right	walking	0	0	678	5	0
82.570	1	501	43	655	50	5.28	5.81	0.00	walk_right	walking	0	0	679	5	0
82.601	1	506	43	655	50	5.28	5.81	0.00	walk_right	walking	0	0	680	5	0
82.632	1	511	43	655	50	5.28	5.81	0.00	walk_right	walking	0	0	681	5	0
82.657	1	516	43	655	50	5.28	5.81	0.00	walk_right	walking	0	0	682	5	0
82.691	1	521	43	655	50	5.28	5.81	0.00	walk_right	walking	0	0	683	5	0
82.723	1	526	43	655	50	5.28	5.81	0.00	walk_right	walking	0	0	684	5	0
82.757	1	531	43	655	50	5.28	5.81	0.00	walk_right	walking	0	0	685	5	0
82.787	1	536	43	655	50	5.28	5.81	0.00	walk_right	walking	0	0	686	5	0
82.819	1	541	43	655	50	5.28	5.81	0.00	walk_right	walking	0	0	687	5	0
82.850	1	546	43	655	50	5.28	5.81	0.00	walk_right	walking	0	0	688	5	0
82.881	1	551	43	655	50	5.28	5.81	0.00	walk_right	walking	0	0	689	5	0
82.906	1	556	43	655	50	5.28	5.81	0.00	walk_right	walking	0	0	690	5	0
82.941	1	561	43	655	50	5.28	5.23	0.00	walk_right	walking	0	0	691	5	0
82.974	1	566	43	655	50	5.28	4.94	0.00	walk_right	walking	0	0	692	5	0
83.007	1	571	43	655	50	5.28	4.80	0.00	walk_right	walking	0	0	693	5	0
83.038	1	576	43	655	50	5.28	4.72	0.00	walk_right	walking	0	0	694	5	0
83.070	1	581	43	655	50	5.28	4.69	0.00	walk_right	walking	0	0	695	5	0
83.099	1	586	43	655	50	5.28	4.67	0.00	walk_right	walking	0	0	696	5	0
83.190	1	591	43	655	50	5.28	4.66	0.00	walk_right	walking	0	0	697	5	0
83.224	1	596	44	655	50	5.28	4.56	0.91	walk_right	walking	0	0	698	5	1
83.257	1	601	44	655	50	5.28	4.65	0.00	walk_right	walking	0	0	699	5	0
83.287	1	606	45	655	50	5.28	4.56	0.91	walk_right	walking	0	0	700	5	1
83.319	1	611	46	655	50	5.28	5.09	1.02	walk_right	walking	0	0	701	5	1
83.351	1	616	46	655	50	5.28	5.16	0.00	walk_right	walking	0	0	702	5	0
83.380	1	621	46	655	50	5.28	4.86	0.00	walk_right	walking	0	0	703	5	0
83.407	1	625	47	655	50	5.28	4.29	1.07	walk_right	walking	0	0	704	4	1
83.441	1	629	47	655	50	5.28	3.96	0.00	walk_right	walking	0	0	705	4	0
83.472	0	632	47	655	50	5.28	0.00	0.00	idle	walking	0	0	706	3	0
83.502	0	632	47	655	50	5.28	0.00	0.00	idle	walking	0	0	706	3	0
83.540	0	632	47	655	50	5.28	0.00	0.00	idle	walking	0	0	706	3	0
83.575	0	632	47	655	50	5.28	0.00	0.00	idle	walking	0	0	706	3	0
83.606	0	632	47	655	50	5.28	0.00	0.00	idle	walking	0	0	706	3	0
83.644	0	582	40	655	50	5.28	0.00	0.00	idle	walking	0	0	706	3	0
83.656	0	582	40	655	50	5.28	0.00	0.00	idle	walking	0	0	706	3	0
83.690	0	582	40	655	50	5.28	0.00	0.00	idle	walking	0	0	706	3	0
83.722	0	582	40	655	50	5.28	0.00	0.00	idle	walking	0	0	706	3	0
83.756	0	582	40	655	50	5.28	0.00	0.00	idle	walking	0	0	706	3	0
83.790	0	582	40	655	50	5.28	0.00	0.00	idle	walking	0	0	706	3	0
83.828	0	582	40	655	50	5.28	0.00	0.00	idle	walking	0	0	706	3	0
83.857	0	582	40	655	50	5.28	0.00	0.00	idle	walking	0	0	706	3	0
83.889	0	582	40	655	50	5.28	0.00	0.00	idle	walking	0	0	706	3	0
83.907	0	582	40	655	50	5.28	0.00	0.00	idle	walking	0	0	706	3	0
83.941	0	582	40	655	50	5.28	0.00	0.00	idle	walking	0	0	706	3	0
83.973	0	582	40	655	50	5.28	0.00	0.00	idle	walking	0	0	706	3	0
84.114	0	582	40	655	50	5.28	0.00	0.00	idle	walking	0	0	706	3	0
84.136	0	582	40	655	50	5.28	0.00	0.00	idle	walking	0	0	706	3	0
84.156	0	582	40	655	50	5.28	0.00	0.00	idle	walking	0	0	706	3	0
84.191	0	582	40	655	50	5.28	0.00	0.00	idle	walking	0	0	706	3	0
84.223	0	582	40	655	50	5.28	0.00	0.00	idle	walking	0	0	706	3	0
84.256	0	582	40	655	50	5.28	0.00	0.00	idle	walking	0	0	706	3	0
84.286	0	582	40	655	50	5.28	0.00	0.00	idle	walking	0	0	706	3	0
84.322	0	582	40	655	50	5.28	0.00	0.00	idle	walking	0	0	706	3	0
84.354	0	582	40	655	50	5.28	0.00	0.00	idle	walking	0	0	706	3	0
84.384	0	582	40	655	50	5.28	0.00	0.00	idle	walking	0	0	706	3	0
84.406	0	582	40	655	50	5.28	0.00	0.00	idle	walking	0	0	706	3	0
84.439	0	582	40	655	50	5.28	0.00	0.00	idle	walking	0	0	706	3	0
84.476	0	582	40	655	50	5.28	0.00	0.00	idle	walking	0	0	706	3	0
84.505	0	582	40	655	50	5.28	0.00	0.00	idle	walking	0	0	706	3	0
84.536	0	582	40	655	50	5.28	0.00	0.00	idle	walking	0	0	706	3	0
84.565	0	582	40	655	50	5.28	0.00	0.00	idle	walking	0	0	706	3	0
84.597	0	582	40	655	50	5.28	0.00	0.00	idle	walking	0	0	706	3	0
84.628	0	582	40	655	50	5.28	0.00	0.00	idle	walking	0	0	706	3	0
84.659	0	582	40	655	50	5.28	0.00	0.00	idle	walking	0	0	706	3	0
84.689	0	582	40	655	50	5.28	0.00	0.00	idle	walking	0	0	706	3	0
84.720	0	582	40	655	50	5.28	0.00	0.00	idle	walking	0	0	706	3	0
84.752	0	582	40	655	50	5.28	0.00	0.00	idle	walking	0	0	706	3	0
84.783	0	582	40	655	50	5.28	0.00	0.00	idle	walking	0	0	706	3	0
84.816	0	582	40	655	50	5.28	0.00	0.00	idle	walking	0	0	706	3	0
84.848	0	582	40	655	50	5.28	0.00	0.00	idle	walking	0	0	706	3	0
84.876	0	582	40	655	50	5.28	0.00	0.00	idle	walking	0	0	706	3	0
84.908	0	582	40	655	50	5.28	0.00	0.00	idle	walking	0	0	706	3	0
84.939	0	582	40	655	50	5.28	0.00	0.00	idle	walking	0	0	706	3	0
84.970	0	582	40	655	50	5.28	0.00	0.00	idle	walking	0	0	706	3	0
85.002	0	582	40	655	50	5.28	0.00	0.00	idle	walking	0	0	706	3	0
85.036	0	582	40	655	50	5.28	0.00	0.00	idle	walking	0	0	706	3	0
85.063	0	582	40	655	50	5.28	0.00	0.00	idle	walking	0	0	706	3	0
85.095	0	582	40	655	50	5.28	0.00	0.00	idle	walking	0	0	706	3	0
85.127	0	582	40	655	50	5.28	0.00	0.00	idle	walking	0	0	706	3	0
85.156	0	582	40	655	50	5.28	0.00	0.00	idle	walking	0	0	706	3	0
85.190	0	582	40	655	50	5.28	0.00	0.00	idle	walking	0	0	706	3	0
85.224	0	582	40	655	50	5.28	0.00	0.00	idle	walking	0	0	706	3	0
85.251	0	582	40	655	50	5.28	0.00	0.00	idle	walking	0	0	706	3	0
85.283	0	582	40	655	50	5.28	0.00	0.00	idle	walking	0	0	706	3	0
85.313	0	582	40	655	50	5.28	0.00	0.00	idle	walking	0	0	706	3	0
85.345	0	582	40	655	50	5.28	0.00	0.00	idle	walking	0	0	706	3	0
85.379	0	582	40	655	50	5.28	0.00	0.00	idle	walking	0	0	706	3	0
85.409	0	582	40	655	50	5.28	0.00	0.00	idle	walking	0	0	706	3	0
85.441	0	582	40	655	50	5.28	0.00	0.00	idle	walking	0	0	706	3	0
85.471	0	582	40	655	50	5.28	0.00	0.00	idle	walking	0	0	706	3	0
85.502	0	582	40	655	50	5.28	0.00	0.00	idle	walking	0	0	706	3	0
85.536	0	582	40	655	50	5.28	0.00	0.00	idle	walking	0	0	706	3	0
85.567	0	582	40	655	50	5.28	0.00	0.00	idle	walking	0	0	706	3	0
85.601	0	582	40	655	50	5.28	0.00	0.00	idle	walking	0	0	706	3	0
85.628	0	582	40	655	50	5.28	0.00	0.00	idle	walking	0	0	706	3	0
85.656	0	582	40	655	50	5.28	0.00	0.00	idle	walking	0	0	706	3	0
85.689	0	582	40	655	50	5.28	0.00	0.00	idle	walking	0	0	706	3	0
85.719	0	582	40	655	50	5.28	0.00	0.00	idle	walking	0	0	706	3	0
85.751	0	582	40	655	50	5.28	0.00	0.00	idle	walking	0	0	706	3	0
85.785	0	582	40	655	50	5.28	0.00	0.00	idle	walking	0	0	706	3	0
85.811	0	582	40	655	50	5.28	0.00	0.00	idle	walking	0	0	706	3	0
85.845	0	582	40	655	50	5.28	0.00	0.00	idle	walking	0	0	706	3	0
85.873	0	582	40	655	50	5.28	0.00	0.00	idle	walking	0	0	706	3	0
85.906	0	582	40	655	50	5.28	0.00	0.00	idle	walking	0	0	706	3	0
85.936	0	582	40	655	50	5.28	0.00	0.00	idle	walking	0	0	706	3	0
85.972	0	582	40	655	50	5.28	0.00	0.00	idle	walking	0	0	706	3	0
85.998	0	582	40	655	50	5.28	0.00	0.00	idle	walking	0	0	706	3	0
86.039	0	582	40	655	50	5.28	0.00	0.00	idle	walking	0	0	706	3	0
86.073	0	582	40	655	50	5.28	0.00	0.00	idle	walking	0	0	706	3	0
86.105	0	582	40	655	50	5.28	0.00	0.00	idle	walking	0	0	706	3	0
86.137	0	582	40	655	50	5.28	0.00	0.00	idle	walking	0	0	706	3	0
86.163	0	582	40	655	50	5.28	0.00	0.00	idle	walking	0	0	706	3	0
86.191	0	582	40	655	50	5.28	0.00	0.00	idle	walking	0	0	706	3	0
86.223	0	582	40	655	50	5.28	0.00	0.00	idle	walking	0	0	706	3	0
86.257	0	582	40	655	50	5.28	0.00	0.00	idle	walking	0	0	706	3	0
86.289	0	582	40	655	50	5.28	0.00	0.00	idle	walking	0	0	706	3	0
86.323	0	582	40	655	50	5.28	0.00	0.00	idle	walking	0	0	706	3	0
86.360	0	582	40	655	50	5.28	0.00	0.00	idle	walking	0	0	706	3	0
86.385	0	582	40	655	50	5.28	0.00	0.00	idle	walking	0	0	706	3	0
86.405	0	582	40	655	50	5.28	0.00	0.00	idle	walking	0	0	706	3	0
86.440	0	582	40	655	50	5.28	0.00	0.00	idle	walking	0	0	706	3	0
86.473	0	582	40	655	50	5.28	0.00	0.00	idle	walking	0	0	706	3	0
86.506	0	582	40	655	50	5.28	0.00	0.00	idle	walking	0	0	706	3	0
86.542	0	582	40	655	50	5.28	0.00	0.00	idle	walking	0	0	706	3	0
86.573	0	582	40	655	50	5.28	0.00	0.00	idle	walking	0	0	706	3	0
86.602	0	582	40	655	50	5.28	0.00	0.00	idle	walking	0	0	706	3	0
86.635	0	582	40	655	50	5.28	0.00	0.00	idle	walking	0	0	706	3	0
86.654	0	582	40	655	50	5.28	0.00	0.00	idle	walking	0	0	706	3	0
86.691	0	582	40	655	50	5.28	0.00	0.00	idle	walking	0	0	706	3	0
86.725	0	582	40	655	50	5.28	0.00	0.00	idle	walking	0	0	706	3	0
86.756	0	582	40	655	50	5.28	0.00	0.00	idle	walking	0	0	706	3	0
86.789	0	582	40	655	50	5.28	0.00	0.00	idle	walking	0	0	706	3	0
86.822	0	582	40	655	50	5.28	0.00	0.00	idle	walking	0	0	706	3	0
86.852	0	582	40	655	50	5.28	0.00	0.00	idle	walking	0	0	706	3	0
86.884	0	582	40	655	50	5.28	0.00	0.00	idle	walking	0	0	706	3	0
86.908	0	582	40	655	50	5.28	0.00	0.00	idle	walking	0	0	706	3	0
86.939	0	582	40	655	50	5.28	0.00	0.00	idle	walking	0	0	706	3	0
86.972	0	582	40	655	50	5.28	0.00	0.00	idle	walking	0	0	706	3	0
87.120	0	582	40	655	50	5.28	0.00	0.00	idle	walking	0	0	706	3	0
87.124	0	582	40	655	50	5.28	0.00	0.00	idle	walking	0	0	706	3	0
87.156	0	582	40	655	50	5.28	0.00	0.00	idle	walking	0	0	706	3	0
87.190	0	582	40	655	50	5.28	0.00	0.00	idle	walking	0	0	706	3	0
87.224	0	582	40	655	50	5.28	0.00	0.00	idle	walking	0	0	706	3	0
87.253	0	582	40	655	50	5.28	0.00	0.00	idle	walking	0	0	706	3	0
87.288	0	582	40	655	50	5.28	0.00	0.00	idle	walking	0	0	706	3	0
87.315	0	582	40	655	50	5.28	0.00	0.00	idle	walking	0	0	706	3	0
87.344	0	582	40	655	50	5.28	0.00	0.00	idle	walking	0	0	706	3	0
87.376	0	582	40	655	50	5.28	0.00	0.00	idle	walking	0	0	706	3	0
87.410	0	582	40	655	50	5.28	0.00	0.00	idle	walking	0	0	706	3	0
87.439	0	582	40	655	50	5.28	0.00	0.00	idle	walking	0	0	706	3	0
87.473	0	582	40	655	50	5.28	0.00	0.00	idle	walking	0	0	706	3	0
87.500	0	582	40	655	50	5.28	0.00	0.00	idle	walking	0	0	706	3	0
87.532	0	582	40	655	50	5.28	0.00	0.00	idle	walking	0	0	706	3	0
87.561	0	582	40	655	50	5.28	0.00	0.00	idle	walking	0	0	706	3	0
87.606	0	582	40	655	50	5.28	0.00	0.00	idle	walking	0	0	706	3	0
87.624	0	582	40	655	50	5.28	0.00	0.00	idle	walking	0	0	706	3	0
87.659	0	582	40	655	50	5.28	0.00	0.00	idle	walking	0	0	706	3	0
87.690	0	582	40	655	50	5.28	0.00	0.00	idle	walking	0	0	706	3	0
87.723	0	582	40	655	50	5.28	0.00	0.00	idle	walking	0	0	706	3	0
87.755	0	582	40	655	50	5.28	0.00	0.00	idle	walking	0	0	706	3	0
87.780	0	582	40	655	50	5.28	0.00	0.00	idle	walking	0	0	706	3	0
87.823	0	582	40	655	50	5.28	0.00	0.00	idle	walking	0	0	706	3	0
87.861	0	582	40	655	50	5.28	0.00	0.00	idle	walking	0	0	706	3	0
87.874	0	582	40	655	50	5.28	0.00	0.00	idle	walking	0	0	706	3	0
87.908	0	582	40	655	50	5.28	0.00	0.00	idle	walking	0	0	706	3	0
87.939	0	582	40	655	50	5.28	0.00	0.00	idle	walking	0	0	706	3	0
87.972	0	582	40	655	50	5.28	0.00	0.00	idle	walking	0	0	706	3	0
88.006	0	582	40	655	50	5.28	0.00	0.00	idle	walking	0	0	706	3	0
88.042	0	582	40	655	50	5.28	0.00	0.00	idle	walking	0	0	706	3	0
88.073	0	582	40	655	50	5.28	0.00	0.00	idle	walking	0	0	706	3	0
88.105	0	582	40	655	50	5.28	0.00	0.00	idle	walking	0	0	706	3	0
88.137	0	582	40	655	50	5.28	0.00	0.00	idle	walking	0	0	706	3	0
88.157	0	582	40	655	50	5.28	0.00	0.00	idle	walking	0	0	706	3	0
88.190	0	582	40	655	50	5.28	0.00	0.00	idle	walking	0	0	706	3	0
88.227	0	582	40	655	50	5.28	0.00	0.00	idle	walking	0	0	706	3	0
88.257	0	582	40	655	50	5.28	0.00	0.00	idle	walking	0	0	706	3	0
88.290	0	582	40	655	50	5.28	0.00	0.00	idle	walking	0	0	706	3	0
88.323	0	582	40	655	50	5.28	0.00	0.00	idle	walking	0	0	706	3	0
88.353	0	582	40	655	50	5.28	0.00	0.00	idle	walking	0	0	706	3	0
88.386	0	582	40	655	50	5.28	0.00	0.00	idle	walking	0	0	706	3	0
88.411	0	582	40	655	50	5.28	0.00	0.00	idle	walking	0	0	706	3	0
88.439	0	582	40	655	50	5.28	0.00	0.00	idle	walking	0	0	706	3	0
88.473	0	582	40	655	50	5.28	0.00	0.00	idle	walking	0	0	706	3	0
88.506	0	582	40	655	50	5.28	0.00	0.00	idle	walking	0	0	706	3	0
88.538	0	582	40	655	50	5.28	0.00	0.00	idle	walking	0	0	706	3	0
88.569	0	582	40	655	50	5.28	0.00	0.00	idle	walking	0	0	706	3	0
88.604	0	582	40	655	50	5.28	0.00	0.00	idle	walking	0	0	706	3	0
88.630	0	582	40	655	50	5.28	0.00	0.00	idle	walking	0	0	706	3	0
88.657	0	582	40	655	50	5.28	0.00	0.00	idle	walking	0	0	706	3	0
88.690	0	582	40	655	50	5.28	0.00	0.00	idle	walking	0	0	706	3	0
88.722	0	582	40	655	50	5.28	0.00	0.00	idle	walking	0	0	706	3	0
88.757	0	582	40	655	50	5.28	0.00	0.00	idle	walking	0	0	706	3	0
88.791	0	582	40	655	50	5.28	0.00	0.00	idle	walking	0	0	706	3	0
88.819	0	582	40	655	50	5.28	0.00	0.00	idle	walking	0	0	706	3	0
88.849	0	582	40	655	50	5.28	0.00	0.00	idle	walking	0	0	706	3	0
88.880	0	582	40	655	50	5.28	0.00	0.00	idle	walking	0	0	706	3	0
88.907	0	582	40	655	50	5.28	0.00	0.00	idle	walking	0	0	706	3	0
88.939	0	582	40	655	50	5.28	0.00	0.00	idle	walking	0	0	706	3	0
88.977	0	582	40	655	50	5.28	0.00	0.00	idle	walking	0	0	706	3	0
89.004	0	582	40	655	50	5.28	0.00	0.00	idle	walking	0	0	706	3	0
89.034	0	582	40	655	50	5.28	0.00	0.00	idle	walking	0	0	706	3	0
89.065	0	582	40	655	50	5.28	0.00	0.00	idle	walking	0	0	706	3	0
89.096	0	582	40	655	50	5.28	0.00	0.00	idle	walking	0	0	706	3	0
89.128	0	582	40	655	50	5.28	0.00	0.00	idle	walking	0	0	706	3	0
89.159	0	582	40	655	50	5.28	0.00	0.00	idle	walking	0	0	706	3	0
89.189	0	582	40	655	50	5.28	0.00	0.00	idle	walking	0	0	706	3	0
89.220	0	582	40	655	50	5.28	0.00	0.00	idle	walking	0	0	706	3	0
89.250	0	582	40	655	50	5.28	0.00	0.00	idle	walking	0	0	706	3	0
89.281	0	582	40	655	50	5.28	0.00	0.00	idle	walking	0	0	706	3	0
89.313	0	582	40	655	50	5.28	0.00	0.00	idle	walking	0	0	706	3	0
89.346	0	582	40	655	50	5.28	0.00	0.00	idle	walking	0	0	706	3	0
89.374	0	582	40	655	50	5.28	0.00	0.00	idle	walking	0	0	706	3	0
89.406	0	582	40	655	50	5.28	0.00	0.00	idle	walking	0	0	706	3	0
89.443	0	582	40	655	50	5.28	0.00	0.00	idle	walking	0	0	706	3	0
89.473	0	582	40	655	50	5.28	0.00	0.00	idle	walking	0	0	706	3	0
89.506	0	582	40	655	50	5.28	0.00	0.00	idle	walking	0	0	706	3	0
89.541	0	582	40	655	50	5.28	0.00	0.00	idle	walking	0	0	706	3	0
89.572	0	582	40	655	50	5.28	0.00	0.00	idle	walking	0	0	706	3	0
89.606	0	582	40	655	50	5.28	0.00	0.00	idle	walking	0	0	706	3	0
89.637	0	582	40	655	50	5.28	0.00	0.00	idle	walking	0	0	706	3	0
89.656	0	582	40	655	50	5.28	0.00	0.00	idle	walking	0	0	706	3	0
89.689	0	582	40	655	50	5.28	0.00	0.00	idle	walking	0	0	706	3	0
89.726	0	582	40	655	50	5.28	0.00	0.00	idle	walking	0	0	706	3	0
89.758	0	582	40	655	50	5.28	0.00	0.00	idle	walking	0	0	706	3	0
89.789	0	582	40	655	50	5.28	0.00	0.00	idle	walking	0	0	706	3	0
89.824	0	582	40	655	50	5.28	0.00	0.00	idle	walking	0	0	706	3	0
89.854	0	582	40	655	50	5.28	0.00	0.00	idle	walking	0	0	706	3	0
89.884	0	582	40	655	50	5.28	0.00	0.00	idle	walking	0	0	706	3	0
89.909	0	582	40	655	50	5.28	0.00	0.00	idle	walking	0	0	706	3	0
89.939	0	582	40	655	50	5.28	0.00	0.00	idle	walking	0	0	706	3	0
89.974	0	582	40	655	50	5.28	0.00	0.00	idle	walking	0	0	706	3	0
90.137	0	582	40	655	50	5.28	0.00	0.00	idle	walking	0	0	706	3	0
90.156	0	582	40	655	50	5.28	0.00	0.00	idle	walking	0	0	706	3	0
90.212	0	582	40	655	50	5.28	0.00	0.00	idle	walking	0	0	706	3	0
90.276	1	579	41	252	108	5.28	-2.76	0.92	walk_left	walking	0	0	707	-53	-6
90.324	1	575	42	252	108	5.28	-4.23	1.06	walk_left	walking	0	0	708	-4	1
90.349	1	570	43	252	108	5.28	-4.99	1.00	walk_left	walking	0	0	709	-5	1
90.383	1	615	51	252	108	5.28	-5.34	1.07	walk_left	walking	0	0	710	45	8
90.409	1	610	52	252	108	5.28	-5.52	1.10	walk_left	walking	0	0	711	-5	1
90.442	1	605	53	252	108	5.28	-5.61	1.12	walk_left	walking	0	0	712	-5	1
90.476	1	600	54	252	108	5.28	-5.66	1.13	walk_left	walking	0	0	713	-5	1
90.515	1	595	55	252	108	5.28	-5.68	1.14	walk_left	walking	0	0	714	-5	1
90.540	1	590	56	252	108	5.28	-5.69	1.14	walk_left	walking	0	0	715	-5	1
90.570	1	585	57	252	108	5.28	-5.69	1.14	walk_left	walking	0	0	716	-5	1
90.605	1	580	58	252	108	5.28	-5.70	1.14	walk_left	walking	0	0	717	-5	1
90.630	1	575	59	252	108	5.28	-5.70	1.14	walk_left	walking	0	0	718	-5	1
90.660	1	570	60	252	108	5.28	-5.70	1.14	walk_left	walking	0	0	719	-5	1
90.695	1	565	61	252	108	5.28	-5.70	1.14	walk_left	walking	0	0	720	-5	1
90.723	1	560	62	252	108	5.28	-5.70	1.14	walk_left	walking	0	0	721	-5	1
90.754	1	555	63	252	108	5.28	-5.70	1.14	walk_left	walking	0	0	722	-5	1
90.789	1	550	64	252	108	5.28	-5.70	1.14	walk_left	walking	0	0	723	-5	1
90.814	1	545	65	252	108	5.28	-5.70	1.14	walk_left	walking	0	0	724	-5	1
90.845	1	540	66	252	108	5.28	-5.70	1.14	walk_left	walking	0	0	725	-5	1
90.875	1	535	67	252	108	5.28	-5.70	1.14	walk_left	walking	0	0	726	-5	1
90.907	1	530	68	252	108	5.28	-5.70	1.14	walk_left	walking	0	0	727	-5	1
90.939	1	525	69	252	108	5.28	-5.70	1.14	walk_left	walking	0	0	728	-5	1
90.975	1	520	70	252	108	5.28	-5.70	1.14	walk_left	walking	0	0	729	-5	1
91.000	1	515	71	252	108	5.28	-5.70	1.14	walk_left	walking	0	0	730	-5	1
91.031	1	510	72	252	108	5.28	-5.70	1.14	walk_left	walking	0	0	731	-5	1
91.070	1	505	73	252	108	5.28	-5.70	1.14	walk_left	walking	0	0	732	-5	1
91.107	1	500	74	252	108	5.28	-5.70	1.14	walk_left	walking	0	0	733	-5	1
91.140	1	495	75	252	108	5.28	-5.70	1.14	walk_left	walking	0	0	734	-5	1
91.163	1	490	76	252	108	5.28	-5.70	1.14	walk_left	walking	0	0	735	-5	1
91.191	1	485	77	252	108	5.28	-5.70	1.14	walk_left	walking	0	0	736	-5	1
91.225	1	480	78	252	108	5.28	-5.70	1.14	walk_left	walking	0	0	737	-5	1
91.260	1	475	79	252	108	5.28	-5.70	1.14	walk_left	walking	0	0	738	-5	1
91.281	1	470	80	252	108	5.28	-5.70	1.14	walk_left	walking	0	0	739	-5	1
91.325	1	465	81	252	108	5.28	-5.70	1.14	walk_left	walking	0	0	740	-5	1
91.358	1	460	82	252	108	5.28	-5.70	1.14	walk_left	walking	0	0	741	-5	1
91.389	1	455	83	252	108	5.28	-5.70	1.14	walk_left	walking	0	0	742	-5	1
91.407	1	450	84	252	108	5.28	-5.70	1.14	walk_left	walking	0	0	743	-5	1
91.440	1	445	85	252	108	5.28	-5.70	1.14	walk_left	walking	0	0	744	-5	1
91.475	1	440	86	252	108	5.28	-5.70	1.14	walk_left	walking	0	0	745	-5	1
91.509	1	435	87	252	108	5.28	-5.70	1.14	walk_left	walking	0	0	746	-5	1
91.541	1	430	88	252	108	5.28	-5.70	1.14	walk_left	walking	0	0	747	-5	1
91.574	1	425	89	252	108	5.28	-5.70	1.14	walk_left	walking	0	0	748	-5	1
91.604	1	420	90	252	108	5.28	-5.70	1.14	walk_left	walking	0	0	749	-5	1
91.626	1	415	91	252	108	5.28	-5.70	1.14	walk_left	walking	0	0	750	-5	1
91.657	1	410	92	252	108	5.28	-5.70	1.14	walk_left	walking	0	0	751	-5	1
91.690	1	405	93	252	108	5.28	-5.70	1.14	walk_left	walking	0	0	752	-5	1
91.725	1	400	94	252	108	5.28	-5.70	1.14	walk_left	walking	0	0	753	-5	1
91.757	1	395	94	252	108	5.28	-5.81	0.00	walk_left	walking	0	0	754	-5	0
91.789	1	390	95	252	108	5.28	-5.70	1.14	walk_left	walking	0	0	755	-5	1
91.820	1	385	95	252	108	5.28	-5.81	0.00	walk_left	walking	0	0	756	-5	0
91.850	1	380	96	252	108	5.28	-5.70	1.14	walk_left	walking	0	0	757	-5	1
91.882	1	375	96	252	108	5.28	-5.81	0.00	walk_left	walking	0	0	758	-5	0
91.905	1	370	97	252	108	5.28	-5.70	1.14	walk_left	walking	0	0	759	-5	1
91.940	1	365	97	252	108	5.28	-5.81	0.00	walk_left	walking	0	0	760	-5	0
91.973	1	360	98	252	108	5.28	-5.70	1.14	walk_left	walking	0	0	761	-5	1
92.006	1	355	98	252	108	5.28	-5.81	0.00	walk_left	walking	0	0	762	-5	0
92.037	1	350	99	252	108	5.28	-5.70	1.14	walk_left	walking	0	0	763	-5	1
92.070	1	345	99	252	108	5.28	-5.23	0.00	walk_left	walking	0	0	764	-5	0
92.101	1	340	99	252	108	5.28	-4.94	0.00	walk_left	walking	0	0	765	-5	0
92.131	1	335	99	252	108	5.28	-4.80	0.00	walk_left	walking	0	0	766	-5	0
92.157	1	330	100	252	108	5.28	-4.63	0.93	walk_left	walking	0	0	767	-5	1
92.192	1	325	100	252	108	5.28	-4.69	0.00	walk_left	walking	0	0	768	-5	0
92.223	1	320	101	252	108	5.28	-4.58	0.92	walk_left	walking	0	0	769	-5	1
92.257	1	315	101	252	108	5.28	-4.66	0.00	walk_left	walking	0	0	770	-5	0
92.282	1	310	102	252	108	5.28	-4.56	0.91	walk_left	walking	0	0	771	-5	1
92.318	1	305	102	252	108	5.28	-4.65	0.00	walk_left	walking	0	0	772	-5	0
92.351	1	300	103	252	108	5.28	-4.56	0.91	walk_left	walking	0	0	773	-5	1
92.381	1	295	104	252	108	5.28	-5.03	1.01	walk_left	walking	0	0	774	-5	1
92.407	1	290	104	252	108	5.28	-5.08	0.00	walk_left	walking	0	0	775	-5	0
92.441	1	285	104	252	108	5.28	-4.76	0.00	walk_left	walking	0	0	776	-5	0
92.474	1	281	105	252	108	5.28	-4.18	1.05	walk_left	walking	0	0	777	-4	1
92.506	0	277	105	252	108	5.28	0.00	0.00	idle	walking	0	0	778	-4	0
92.539	0	277	105	252	108	5.28	0.00	0.00	idle	walking	0	0	778	-4	0
92.566	0	277	105	252	108	5.28	0.00	0.00	idle	walking	0	0	778	-4	0
92.597	0	277	105	252	108	5.28	0.00	0.00	idle	walking	0	0	778	-4	0
92.632	0	227	98	252	108	5.28	0.00	0.00	idle	walking	0	0	778	-4	0
92.656	0	227	98	252	108	5.28	0.00	0.00	idle	walking	0	0	778	-4	0
92.689	0	227	98	252	108	5.28	0.00	0.00	idle	walking	0	0	778	-4	0
92.722	0	227	98	252	108	5.28	0.00	0.00	idle	walking	0	0	778	-4	0
92.754	0	227	98	252	108	5.28	0.00	0.00	idle	walking	0	0	778	-4	0
92.787	0	227	98	252	108	5.28	0.00	0.00	idle	walking	0	0	778	-4	0
92.819	0	227	98	252	108	5.28	0.00	0.00	idle	walking	0	0	778	-4	0
92.847	0	227	98	252	108	5.28	0.00	0.00	idle	walking	0	0	778	-4	0
92.879	0	227	98	252	108	5.28	0.00	0.00	idle	walking	0	0	778	-4	0
92.905	0	227	98	252	108	5.28	0.00	0.00	idle	walking	0	0	778	-4	0
92.940	0	227	98	252	108	5.28	0.00	0.00	idle	walking	0	0	778	-4	0
92.972	0	227	98	252	108	5.28	0.00	0.00	idle	walking	0	0	778	-4	0
93.050	0	1211	717	252	108	5.28	0.00	0.00	idle	walking	0	0	779	934	612
93.084	0	1211	717	252	108	5.28	0.00	0.00	idle	walking	0	0	779	934	612
93.221	0	1211	717	252	108	5.28	0.00	0.00	idle	walking	0	0	779	934	612
93.262	0	1211	717	252	108	5.28	0.00	0.00	idle	walking	0	0	779	934	612
93.301	0	1211	717	252	108	5.28	0.00	0.00	idle	walking	0	0	779	934	612
93.346	0	1211	717	252	108	5.28	0.00	0.00	idle	walking	0	0	779	934	612
93.385	0	1211	717	252	108	5.28	0.00	0.00	idle	walking	0	0	779	934	612
93.426	0	1211	717	252	108	5.28	0.00	0.00	idle	walking	0	0	779	934	612
93.461	0	1211	717	252	108	5.28	0.00	0.00	idle	walking	0	0	779	934	612
93.516	0	1211	717	252	108	5.28	0.00	0.00	idle	walking	0	0	779	934	612
93.552	0	1211	717	252	108	5.28	0.00	0.00	idle	walking	0	0	779	934	612
93.599	0	1211	717	252	108	5.28	0.00	0.00	idle	walking	0	0	779	934	612
93.634	0	1211	717	252	108	5.28	0.00	0.00	idle	walking	0	0	779	934	612
93.682	0	1211	717	252	108	5.28	0.00	0.00	idle	walking	0	0	779	934	612
93.723	0	1211	717	252	108	5.28	0.00	0.00	idle	walking	0	0	779	934	612
93.765	0	1211	717	252	108	5.28	0.00	0.00	idle	walking	0	0	779	934	612
93.806	0	1211	717	252	108	5.28	0.00	0.00	idle	walking	0	0	779	934	612
93.843	0	1211	717	252	108	5.28	0.00	0.00	idle	walking	0	0	779	934	612
93.898	0	1211	717	252	108	5.28	0.00	0.00	idle	walking	0	0	779	934	612
93.933	0	1211	717	252	108	5.28	0.00	0.00	idle	walking	0	0	779	934	612
93.984	0	1211	717	252	108	5.28	0.00	0.00	idle	walking	0	0	779	934	612
94.018	0	1211	717	252	108	5.28	0.00	0.00	idle	walking	0	0	779	934	612
94.057	0	1211	717	252	108	5.28	0.00	0.00	idle	walking	0	0	779	934	612
94.098	0	1211	717	252	108	5.28	0.00	0.00	idle	walking	0	0	779	934	612
94.141	0	1211	717	252	108	5.28	0.00	0.00	idle	walking	0	0	779	934	612
94.184	0	1211	717	252	108	5.28	0.00	0.00	idle	walking	0	0	779	934	612
94.222	0	1211	717	252	108	5.28	0.00	0.00	idle	walking	0	0	779	934	612
94.270	0	1211	717	252	108	5.28	0.00	0.00	idle	walking	0	0	779	934	612
94.311	0	1211	717	252	108	5.28	0.00	0.00	idle	walking	0	0	779	934	612
94.353	0	1211	717	252	108	5.28	0.00	0.00	idle	walking	0	0	779	934	612
94.389	0	1211	717	252	108	5.28	0.00	0.00	idle	walking	0	0	779	934	612
94.427	0	1211	717	252	108	5.28	0.00	0.00	idle	walking	0	0	779	934	612
94.463	0	1211	717	252	108	5.28	0.00	0.00	idle	walking	0	0	779	934	612
94.498	0	1211	717	252	108	5.28	0.00	0.00	idle	walking	0	0	779	934	612
94.534	0	1211	717	252	108	5.28	0.00	0.00	idle	walking	0	0	779	934	612
94.568	0	1211	717	252	108	5.28	0.00	0.00	idle	walking	0	0	779	934	612
94.607	0	1211	717	252	108	5.28	0.00	0.00	idle	walking	0	0	779	934	612
94.642	0	1211	717	252	108	5.28	0.00	0.00	idle	walking	0	0	779	934	612
94.675	0	1211	717	252	108	5.28	0.00	0.00	idle	walking	0	0	779	934	612
94.711	0	1211	717	252	108	5.28	0.00	0.00	idle	walking	0	0	779	934	612
94.746	0	1211	717	252	108	5.28	0.00	0.00	idle	walking	0	0	779	934	612
94.781	0	1211	717	252	108	5.28	0.00	0.00	idle	walking	0	0	779	934	612
94.818	0	1211	717	252	108	5.28	0.00	0.00	idle	walking	0	0	779	934	612
94.853	0	1211	717	252	108	5.28	0.00	0.00	idle	walking	0	0	779	934	612
94.887	0	1211	717	252	108	5.28	0.00	0.00	idle	walking	0	0	779	934	612
94.922	0	1211	717	252	108	5.28	0.00	0.00	idle	walking	0	0	779	934	612
94.956	0	1211	717	252	108	5.28	0.00	0.00	idle	walking	0	0	779	934	612
94.995	0	1211	717	252	108	5.28	0.00	0.00	idle	walking	0	0	779	934	612
95.029	0	1211	717	252	108	5.28	0.00	0.00	idle	walking	0	0	779	934	612
95.064	0	1211	717	252	108	5.28	0.00	0.00	idle	walking	0	0	779	934	612
95.097	0	1211	717	252	108	5.28	0.00	0.00	idle	walking	0	0	779	934	612
95.130	0	1211	717	252	108	5.28	0.00	0.00	idle	walking	0	0	779	934	612
95.169	0	1211	717	252	108	5.28	0.00	0.00	idle	walking	0	0	779	934	612
95.206	0	1211	717	252	108	5.28	0.00	0.00	idle	walking	0	0	779	934	612
95.240	0	1211	717	252	108	5.28	0.00	0.00	idle	walking	0	0	779	934	612
95.274	0	1211	717	252	108	5.28	0.00	0.00	idle	walking	0	0	779	934	612
95.308	0	1211	717	252	108	5.28	0.00	0.00	idle	walking	0	0	779	934	612
95.344	0	1211	717	252	108	5.28	0.00	0.00	idle	walking	0	0	779	934	612
95.380	0	1211	717	252	108	5.28	0.00	0.00	idle	walking	0	0	779	934	612
95.414	0	1211	717	252	108	5.28	0.00	0.00	idle	walking	0	0	779	934	612
95.448	0	1211	717	252	108	5.28	0.00	0.00	idle	walking	0	0	779	934	612
95.481	0	1211	717	252	108	5.28	0.00	0.00	idle	walking	0	0	779	934	612
95.515	0	1211	717	252	108	5.28	0.00	0.00	idle	walking	0	0	779	934	612
95.555	0	1211	717	252	108	5.28	0.00	0.00	idle	walking	0	0	779	934	612
95.590	0	1211	717	252	108	5.28	0.00	0.00	idle	walking	0	0	779	934	612
95.624	0	1211	717	252	108	5.28	0.00	0.00	idle	walking	0	0	779	934	612
95.660	0	1211	717	252	108	5.28	0.00	0.00	idle	walking	0	0	779	934	612
95.694	0	1211	717	252	108	5.28	0.00	0.00	idle	walking	0	0	779	934	612
95.731	0	1211	717	252	108	5.28	0.00	0.00	idle	walking	0	0	779	934	612
95.765	0	1211	717	252	108	5.28	0.00	0.00	idle	walking	0	0	779	934	612
95.799	0	1211	717	252	108	5.28	0.00	0.00	idle	walking	0	0	779	934	612
95.834	0	1211	717	252	108	5.28	0.00	0.00	idle	walking	0	0	779	934	612
95.867	0	1211	717	252	108	5.28	0.00	0.00	idle	walking	0	0	779	934	612
95.901	0	1211	717	252	108	5.28	0.00	0.00	idle	walking	0	0	779	934	612
95.940	0	1211	717	252	108	5.28	0.00	0.00	idle	walking	0	0	779	934	612
95.974	0	1211	717	252	108	5.28	0.00	0.00	idle	walking	0	0	779	934	612
96.008	0	1211	717	252	108	5.28	0.00	0.00	idle	walking	0	0	779	934	612
96.042	0	1211	717	252	108	5.28	0.00	0.00	idle	walking	0	0	779	934	612
96.076	0	1211	717	252	108	5.28	0.00	0.00	idle	walking	0	0	779	934	612
96.116	0	1211	717	252	108	5.28	0.00	0.00	idle	walking	0	0	779	934	612
96.150	0	1211	717	252	108	5.28	0.00	0.00	idle	walking	0	0	779	934	612
96.185	0	1211	717	252	108	5.28	0.00	0.00	idle	walking	0	0	779	934	612
96.219	0	1211	717	252	108	5.28	0.00	0.00	idle	walking	0	0	779	934	612
96.286	0	1211	717	252	108	5.28	0.00	0.00	idle	walking	0	0	779	934	612
96.324	0	1211	717	252	108	5.28	0.00	0.00	idle	walking	0	0	779	934	612
96.358	0	1211	717	252	108	5.28	0.00	0.00	idle	walking	0	0	779	934	612
96.393	0	1211	717	252	108	5.28	0.00	0.00	idle	walking	0	0	779	934	612
96.427	0	1211	717	252	108	5.28	0.00	0.00	idle	walking	0	0	779	934	612
96.462	0	1211	717	252	108	5.28	0.00	0.00	idle	walking	0	0	779	934	612
96.499	0	1211	717	252	108	5.28	0.00	0.00	idle	walking	0	0	779	934	612
96.564	0	1211	717	252	108	5.28	0.00	0.00	idle	walking	0	0	779	934	612
96.602	0	1211	717	252	108	5.28	0.00	0.00	idle	walking	0	0	779	934	612
96.636	0	1211	717	252	108	5.28	0.00	0.00	idle	walking	0	0	779	934	612
96.675	0	1211	717	252	108	5.28	0.00	0.00	idle	walking	0	0	779	934	612
96.710	0	1211	717	252	108	5.28	0.00	0.00	idle	walking	0	0	779	934	612
96.744	0	1211	717	252	108	5.28	0.00	0.00	idle	walking	0	0	779	934	612
96.778	0	1211	717	252	108	5.28	0.00	0.00	idle	walking	0	0	779	934	612
96.968	0	1211	717	252	108	5.28	0.00	0.00	idle	walking	0	0	779	934	612
97.006	0	1211	717	252	108	5.28	0.00	0.00	idle	walking	0	0	779	934	612
97.038	0	1211	717	252	108	5.28	0.00	0.00	idle	walking	0	0	779	934	612
97.068	0	1211	717	252	108	5.28	0.00	0.00	idle	walking	0	0	779	934	612
97.101	0	1211	717	252	108	5.28	0.00	0.00	idle	walking	0	0	779	934	612
97.130	0	1211	717	252	108	5.28	0.00	0.00	idle	walking	0	0	779	934	612
97.157	0	1211	717	252	108	5.28	0.00	0.00	idle	walking	0	0	779	934	612
97.190	0	1211	717	252	108	5.28	0.00	0.00	idle	walking	0	0	779	934	612
97.228	0	1211	717	252	108	5.28	0.00	0.00	idle	walking	0	0	779	934	612
97.255	0	1211	717	252	108	5.28	0.00	0.00	idle	walking	0	0	779	934	612
97.286	0	1211	717	252	108	5.28	0.00	0.00	idle	walking	0	0	779	934	612
97.318	0	1211	717	252	108	5.28	0.00	0.00	idle	walking	0	0	779	934	612
97.349	0	1211	717	252	108	5.28	0.00	0.00	idle	walking	0	0	779	934	612
97.380	0	1211	717	252	108	5.28	0.00	0.00	idle	walking	0	0	779	934	612
97.410	0	1211	717	252	108	5.28	0.00	0.00	idle	walking	0	0	779	934	612
97.440	0	1211	717	252	108	5.28	0.00	0.00	idle	walking	0	0	779	934	612
97.472	0	1211	717	252	108	5.28	0.00	0.00	idle	walking	0	0	779	934	612
97.505	0	1211	717	252	108	5.28	0.00	0.00	idle	walking	0	0	779	934	612
97.540	0	1211	717	252	108	5.28	0.00	0.00	idle	walking	0	0	779	934	612
97.568	0	1211	717	252	108	5.28	0.00	0.00	idle	walking	0	0	779	934	612
97.603	0	1211	717	252	108	5.28	0.00	0.00	idle	walking	0	0	779	934	612
97.631	0	1211	717	252	108	5.28	0.00	0.00	idle	walking	0	0	779	934	612
97.657	0	1211	717	252	108	5.28	0.00	0.00	idle	walking	0	0	779	934	612
97.688	0	1211	717	252	108	5.28	0.00	0.00	idle	walking	0	0	779	934	612
97.722	0	1211	717	252	108	5.28	0.00	0.00	idle	walking	0	0	779	934	612
97.755	0	1211	717	252	108	5.28	0.00	0.00	idle	walking	0	0	779	934	612
97.789	0	1211	717	252	108	5.28	0.00	0.00	idle	walking	0	0	779	934	612
97.818	0	1211	717	252	108	5.28	0.00	0.00	idle	walking	0	0	779	934	612
97.850	0	1211	717	252	108	5.28	0.00	0.00	idle	walking	0	0	779	934	612
97.882	0	1211	717	252	108	5.28	0.00	0.00	idle	walking	0	0	779	934	612
97.906	0	1211	717	252	108	5.28	0.00	0.00	idle	walking	0	0	779	934	612
97.939	0	1211	717	252	108	5.28	0.00	0.00	idle	walking	0	0	779	934	612
97.974	0	1211	717	252	108	5.28	0.00	0.00	idle	walking	0	0	779	934	612
98.006	0	1211	717	252	108	5.28	0.00	0.00	idle	walking	0	0	779	934	612
98.038	0	1211	717	252	108	5.28	0.00	0.00	idle	walking	0	0	779	934	612
98.069	0	1211	717	252	108	5.28	0.00	0.00	idle	walking	0	0	779	934	612
98.092	0	1211	717	252	108	5.28	0.00	0.00	idle	walking	0	0	779	934	612
98.132	0	1211	717	252	108	5.28	0.00	0.00	idle	walking	0	0	779	934	612
98.162	0	1211	717	252	108	5.28	0.00	0.00	idle	walking	0	0	779	934	612
98.190	0	1211	717	252	108	5.28	0.00	0.00	idle	walking	0	0	779	934	612
98.224	0	1211	717	252	108	5.28	0.00	0.00	idle	walking	0	0	779	934	612
98.257	0	1211	717	252	108	5.28	0.00	0.00	idle	walking	0	0	779	934	612
98.288	0	1211	717	252	108	5.28	0.00	0.00	idle	walking	0	0	779	934	612
98.312	0	1211	717	252	108	5.28	0.00	0.00	idle	walking	0	0	779	934	612
98.357	0	1211	717	252	108	5.28	0.00	0.00	idle	walking	0	0	779	934	612
98.383	0	1211	717	252	108	5.28	0.00	0.00	idle	walking	0	0	779	934	612
98.407	0	1211	717	252	108	5.28	0.00	0.00	idle	walking	0	0	779	934	612
98.441	0	1211	717	252	108	5.28	0.00	0.00	idle	walking	0	0	779	934	612
98.474	0	1211	717	252	108	5.28	0.00	0.00	idle	walking	0	0	779	934	612
98.508	0	1211	717	252	108	5.28	0.00	0.00	idle	walking	0	0	779	934	612
98.533	0	1211	717	252	108	5.28	0.00	0.00	idle	walking	0	0	779	934	612
98.570	0	1211	717	252	108	5.28	0.00	0.00	idle	walking	0	0	779	934	612
98.602	0	1211	717	252	108	5.28	0.00	0.00	idle	walking	0	0	779	934	612
98.633	0	1211	717	252	108	5.28	0.00	0.00	idle	walking	0	0	779	934	612
98.657	0	1211	717	252	108	5.28	0.00	0.00	idle	walking	0	0	779	934	612
98.690	0	1211	717	252	108	5.28	0.00	0.00	idle	walking	0	0	779	934	612
98.726	0	1211	717	252	108	5.28	0.00	0.00	idle	walking	0	0	779	934	612
98.756	0	1211	717	252	108	5.28	0.00	0.00	idle	walking	0	0	779	934	612
98.790	0	1211	717	252	108	5.28	0.00	0.00	idle	walking	0	0	779	934	612
98.818	0	1211	717	252	108	5.28	0.00	0.00	idle	walking	0	0	779	934	612
98.850	0	1211	717	252	108	5.28	0.00	0.00	idle	walking	0	0	779	934	612
98.881	0	1211	717	252	108	5.28	0.00	0.00	idle	walking	0	0	779	934	612
98.911	0	1211	717	252	108	5.28	0.00	0.00	idle	walking	0	0	779	934	612
98.938	0	1211	717	252	108	5.28	0.00	0.00	idle	walking	0	0	779	934	612
98.972	0	1211	717	252	108	5.28	0.00	0.00	idle	walking	0	0	779	934	612
99.155	0	1211	717	252	108	5.28	0.00	0.00	idle	walking	0	0	779	934	612
99.190	0	1211	717	252	108	5.28	0.00	0.00	idle	walking	0	0	779	934	612
99.222	0	1211	717	252	108	5.28	0.00	0.00	idle	walking	0	0	779	934	612
99.256	0	1211	717	252	108	5.28	0.00	0.00	idle	walking	0	0	779	934	612
99.287	0	1211	717	252	108	5.28	0.00	0.00	idle	walking	0	0	779	934	612
99.317	0	1211	717	252	108	5.28	0.00	0.00	idle	walking	0	0	779	934	612
99.349	0	1211	717	252	108	5.28	0.00	0.00	idle	walking	0	0	779	934	612
99.387	0	1211	717	252	108	5.28	0.00	0.00	idle	walking	0	0	779	934	612
99.406	0	1211	717	252	108	5.28	0.00	0.00	idle	walking	0	0	779	934	612
99.439	0	1211	717	252	108	5.28	0.00	0.00	idle	walking	0	0	779	934	612
99.473	0	1211	717	252	108	5.28	0.00	0.00	idle	walking	0	0	779	934	612
99.506	0	1211	717	252	108	5.28	0.00	0.00	idle	walking	0	0	779	934	612
99.538	0	1211	717	252	108	5.28	0.00	0.00	idle	walking	0	0	779	934	612
99.571	0	1211	717	252	108	5.28	0.00	0.00	idle	walking	0	0	779	934	612
99.600	0	1211	717	252	108	5.28	0.00	0.00	idle	walking	0	0	779	934	612
99.630	0	1211	717	252	108	5.28	0.00	0.00	idle	walking	0	0	779	934	612
99.656	0	1211	717	252	108	5.28	0.00	0.00	idle	walking	0	0	779	934	612
99.690	0	1211	717	252	108	5.28	0.00	0.00	idle	walking	0	0	779	934	612
99.723	0	1211	717	252	108	5.28	0.00	0.00	idle	walking	0	0	779	934	612
99.757	0	1211	717	252	108	5.28	0.00	0.00	idle	walking	0	0	779	934	612
99.784	0	1211	717	252	108	5.28	0.00	0.00	idle	walking	0	0	779	934	612
99.816	0	1211	717	252	108	5.28	0.00	0.00	idle	walking	0	0	779	934	612
99.847	0	1211	717	252	108	5.28	0.00	0.00	idle	walking	0	0	779	934	612
99.879	0	1211	717	252	108	5.28	0.00	0.00	idle	walking	0	0	779	934	612
99.907	0	1211	717	252	108	5.28	0.00	0.00	idle	walking	0	0	779	934	612
99.943	0	1211	717	252	108	5.28	0.00	0.00	idle	walking	0	0	779	934	612
99.972	0	1211	717	252	108	5.28	0.00	0.00	idle	walking	0	0	779	934	612
100.003	0	1211	717	252	108	5.28	0.00	0.00	idle	walking	0	0	779	934	612
100.035	0	1211	717	252	108	5.28	0.00	0.00	idle	walking	0	0	779	934	612
100.065	0	1211	717	252	108	5.28	0.00	0.00	idle	walking	0	0	779	934	612
100.095	0	1211	717	252	108	5.28	0.00	0.00	idle	walking	0	0	779	934	612
100.128	0	1211	717	252	108	5.28	0.00	0.00	idle	walking	0	0	779	934	612
100.155	0	1211	717	252	108	5.28	0.00	0.00	idle	walking	0	0	779	934	612
100.189	0	1211	717	252	108	5.28	0.00	0.00	idle	walking	0	0	779	934	612
100.222	0	1211	717	252	108	5.28	0.00	0.00	idle	walking	0	0	779	934	612
100.251	0	1211	717	252	108	5.28	0.00	0.00	idle	walking	0	0	779	934	612
100.282	0	1211	717	252	108	5.28	0.00	0.00	idle	walking	0	0	779	934	612
100.315	0	1211	717	252	108	5.28	0.00	0.00	idle	walking	0	0	779	934	612
100.343	0	1211	717	252	108	5.28	0.00	0.00	idle	walking	0	0	779	934	612
100.375	0	1211	717	252	108	5.28	0.00	0.00	idle	walking	0	0	779	934	612
100.405	0	1211	717	252	108	5.28	0.00	0.00	idle	walking	0	0	779	934	612
100.436	0	1211	717	252	108	5.28	0.00	0.00	idle	walking	0	0	779	934	612
100.469	0	1211	717	252	108	5.28	0.00	0.00	idle	walking	0	0	779	934	612
100.504	0	1211	717	252	108	5.28	0.00	0.00	idle	walking	0	0	779	934	612
100.532	0	1211	717	252	108	5.28	0.00	0.00	idle	walking	0	0	779	934	612
100.563	0	1211	717	252	108	5.28	0.00	0.00	idle	walking	0	0	779	934	612
100.594	0	1211	717	252	108	5.28	0.00	0.00	idle	walking	0	0	779	934	612
100.624	0	1211	717	252	108	5.28	0.00	0.00	idle	walking	0	0	779	934	612
100.655	0	1211	717	252	108	5.28	0.00	0.00	idle	walking	0	0	779	934	612
100.691	0	1211	717	252	108	5.28	0.00	0.00	idle	walking	0	0	779	934	612
100.724	0	1211	717	252	108	5.28	0.00	0.00	idle	walking	0	0	779	934	612
100.756	0	1211	717	252	108	5.28	0.00	0.00	idle	walking	0	0	779	934	612
100.789	0	1211	717	252	108	5.28	0.00	0.00	idle	walking	0	0	779	934	612
100.823	0	1211	717	252	108	5.28	0.00	0.00	idle	walking	0	0	779	934	612
100.858	0	1211	717	252	108	5.28	0.00	0.00	idle	walking	0	0	779	934	612
100.894	0	1211	717	252	108	5.28	0.00	0.00	idle	walking	0	0	779	934	612
100.905	0	1211	717	252	108	5.28	0.00	0.00	idle	walking	0	0	779	934	612
100.940	0	1211	717	252	108	5.28	0.00	0.00	idle	walking	0	0	779	934	612
100.971	0	1211	717	252	108	5.28	0.00	0.00	idle	walking	0	0	779	934	612
101.005	0	1211	717	252	108	5.28	0.00	0.00	idle	walking	0	0	779	934	612
101.039	0	1211	717	252	108	5.28	0.00	0.00	idle	walking	0	0	779	934	612
101.077	0	1211	717	252	108	5.28	0.00	0.00	idle	walking	0	0	779	934	612
101.106	0	1211	717	252	108	5.28	0.00	0.00	idle	walking	0	0	779	934	612
101.138	0	1211	717	252	108	5.28	0.00	0.00	idle	walking	0	0	779	934	612
101.157	0	1211	717	252	108	5.28	0.00	0.00	idle	walking	0	0	779	934	612
101.189	0	1211	717	252	108	5.28	0.00	0.00	idle	walking	0	0	779	934	612
101.223	0	1211	717	252	108	5.28	0.00	0.00	idle	walking	0	0	779	934	612
101.261	0	1211	717	252	108	5.28	0.00	0.00	idle	walking	0	0	779	934	612
101.290	0	1211	717	252	108	5.28	0.00	0.00	idle	walking	0	0	779	934	612
101.311	0	1211	717	252	108	5.28	0.00	0.00	idle	walking	0	0	779	934	612
101.342	0	1211	717	252	108	5.28	0.00	0.00	idle	walking	0	0	779	934	612
101.373	0	1211	717	252	108	5.28	0.00	0.00	idle	walking	0	0	779	934	612
101.405	0	1211	717	252	108	5.28	0.00	0.00	idle	walking	0	0	779	934	612
101.444	0	1211	717	252	108	5.28	0.00	0.00	idle	walking	0	0	779	934	612
101.473	0	1211	717	252	108	5.28	0.00	0.00	idle	walking	0	0	779	934	612
101.506	0	1211	717	252	108	5.28	0.00	0.00	idle	walking	0	0	779	934	612
101.540	0	1211	717	252	108	5.28	0.00	0.00	idle	walking	0	0	779	934	612
101.572	0	1211	717	252	108	5.28	0.00	0.00	idle	walking	0	0	779	934	612
101.605	0	1211	717	252	108	5.28	0.00	0.00	idle	walking	0	0	779	934	612
101.640	0	1211	717	252	108	5.28	0.00	0.00	idle	walking	0	0	779	934	612
101.655	0	1211	717	252	108	5.28	0.00	0.00	idle	walking	0	0	779	934	612
101.689	0	1211	717	252	108	5.28	0.00	0.00	idle	walking	0	0	779	934	612
101.723	0	1211	717	252	108	5.28	0.00	0.00	idle	walking	0	0	779	934	612
101.756	0	1211	717	252	108	5.28	0.00	0.00	idle	walking	0	0	779	934	612
101.791	0	1211	717	252	108	5.28	0.00	0.00	idle	walking	0	0	779	934	612
101.827	0	1211	717	252	108	5.28	0.00	0.00	idle	walking	0	0	779	934	612
101.856	0	1211	717	252	108	5.28	0.00	0.00	idle	walking	0	0	779	934	612
101.887	0	1211	717	252	108	5.28	0.00	0.00	idle	walking	0	0	779	934	612
101.905	0	1211	717	252	108	5.28	0.00	0.00	idle	walking	0	0	779	934	612
101.940	0	1211	717	252	108	5.28	0.00	0.00	idle	walking	0	0	779	934	612
101.972	0	1211	717	252	108	5.28	0.00	0.00	idle	walking	0	0	779	934	612
102.119	0	1211	717	252	108	5.28	0.00	0.00	idle	walking	0	0	779	934	612
102.136	0	1211	717	252	108	5.28	0.00	0.00	idle	walking	0	0	779	934	612
102.156	0	1211	717	252	108	5.28	0.00	0.00	idle	walking	0	0	779	934	612
102.191	0	1211	717	252	108	5.28	0.00	0.00	idle	walking	0	0	779	934	612
102.222	0	1211	717	252	108	5.28	0.00	0.00	idle	walking	0	0	779	934	612
102.255	0	1211	717	252	108	5.28	0.00	0.00	idle	walking	0	0	779	934	612
102.294	0	1211	717	252	108	5.28	0.00	0.00	idle	walking	0	0	779	934	612
102.323	0	1211	717	252	108	5.28	0.00	0.00	idle	walking	0	0	779	934	612
102.355	0	1211	717	252	108	5.28	0.00	0.00	idle	walking	0	0	779	934	612
102.376	0	1211	717	252	108	5.28	0.00	0.00	idle	walking	0	0	779	934	612
102.405	0	1211	717	252	108	5.28	0.00	0.00	idle	walking	0	0	779	934	612
102.439	0	1211	717	252	108	5.28	0.00	0.00	idle	walking	0	0	779	934	612
102.475	0	1211	717	252	108	5.28	0.00	0.00	idle	walking	0	0	779	934	612
102.507	0	1211	717	252	108	5.28	0.00	0.00	idle	walking	0	0	779	934	612
102.539	0	1211	717	252	108	5.28	0.00	0.00	idle	walking	0	0	779	934	612
102.572	0	1211	717	252	108	5.28	0.00	0.00	idle	walking	0	0	779	934	612
102.593	0	1211	717	252	108	5.28	0.00	0.00	idle	walking	0	0	779	934	612
102.638	0	1211	717	252	108	5.28	0.00	0.00	idle	walking	0	0	779	934	612
102.661	0	1211	717	252	108	5.28	0.00	0.00	idle	walking	0	0	779	934	612
102.689	0	1211	717	252	108	5.28	0.00	0.00	idle	walking	0	0	779	934	612
102.723	0	1211	717	252	108	5.28	0.00	0.00	idle	walking	0	0	779	934	612
102.757	0	1211	717	252	108	5.28	0.00	0.00	idle	walking	0	0	779	934	612
102.788	0	1211	717	252	108	5.28	0.00	0.00	idle	walking	0	0	779	934	612
102.812	0	1211	717	252	108	5.28	0.00	0.00	idle	walking	0	0	779	934	612
102.858	0	1211	717	252	108	5.28	0.00	0.00	idle	walking	0	0	779	934	612
102.883	0	1211	717	252	108	5.28	0.00	0.00	idle	walking	0	0	779	934	612
102.907	0	1211	717	252	108	5.28	0.00	0.00	idle	walking	0	0	779	934	612
102.940	0	1211	717	252	108	5.28	0.00	0.00	idle	walking	0	0	779	934	612
102.972	0	1211	717	252	108	5.28	0.00	0.00	idle	walking	0	0	779	934	612
103.006	0	1211	717	252	108	5.28	0.00	0.00	idle	walking	0	0	779	934	612
103.041	0	1211	717	252	108	5.28	0.00	0.00	idle	walking	0	0	779	934	612
103.067	0	1211	717	252	108	5.28	0.00	0.00	idle	walking	0	0	779	934	612
103.099	0	1211	717	252	108	5.28	0.00	0.00	idle	walking	0	0	779	934	612
103.130	0	1211	717	252	108	5.28	0.00	0.00	idle	walking	0	0	779	934	612
103.158	0	1211	717	252	108	5.28	0.00	0.00	idle	walking	0	0	779	934	612
103.189	0	1211	717	252	108	5.28	0.00	0.00	idle	walking	0	0	779	934	612
103.226	0	1211	717	252	108	5.28	0.00	0.00	idle	walking	0	0	779	934	612
103.257	0	1211	717	252	108	5.28	0.00	0.00	idle	walking	0	0	779	934	612
103.288	0	1211	717	252	108	5.28	0.00	0.00	idle	walking	0	0	779	934	612
103.320	0	1211	717	252	108	5.28	0.00	0.00	idle	walking	0	0	779	934	612
103.349	0	1211	717	252	108	5.28	0.00	0.00	idle	walking	0	0	779	934	612
103.381	0	1211	717	252	108	5.28	0.00	0.00	idle	walking	0	0	779	934	612
103.410	0	1211	717	252	108	5.28	0.00	0.00	idle	walking	0	0	779	934	612
103.440	0	1211	717	252	108	5.28	0.00	0.00	idle	walking	0	0	779	934	612
103.474	0	1211	717	252	108	5.28	0.00	0.00	idle	walking	0	0	779	934	612
103.504	0	1211	717	252	108	5.28	0.00	0.00	idle	walking	0	0	779	934	612
103.535	0	1211	717	252	108	5.28	0.00	0.00	idle	walking	0	0	779	934	612
103.569	0	1211	717	252	108	5.28	0.00	0.00	idle	walking	0	0	779	934	612
103.601	0	1211	717	252	108	5.28	0.00	0.00	idle	walking	0	0	779	934	612
103.629	0	1211	717	252	108	5.28	0.00	0.00	idle	walking	0	0	779	934	612
103.656	0	1211	717	252	108	5.28	0.00	0.00	idle	walking	0	0	779	934	612
103.691	0	1211	717	252	108	5.28	0.00	0.00	idle	walking	0	0	779	934	612
103.722	0	1211	717	252	108	5.28	0.00	0.00	idle	walking	0	0	779	934	612
103.755	0	1211	717	252	108	5.28	0.00	0.00	idle	walking	0	0	779	934	612
103.792	0	1211	717	252	108	5.28	0.00	0.00	idle	walking	0	0	779	934	612
103.817	0	1211	717	252	108	5.28	0.00	0.00	idle	walking	0	0	779	934	612
103.848	0	1211	717	252	108	5.28	0.00	0.00	idle	walking	0	0	779	934	612
103.878	0	1211	717	252	108	5.28	0.00	0.00	idle	walking	0	0	779	934	612
103.907	0	1211	717	252	108	5.28	0.00	0.00	idle	walking	0	0	779	934	612
103.939	0	1211	717	252	108	5.28	0.00	0.00	idle	walking	0	0	779	934	612
103.978	0	1211	717	252	108	5.28	0.00	0.00	idle	walking	0	0	779	934	612
104.004	0	1211	717	252	108	5.28	0.00	0.00	idle	walking	0	0	779	934	612
104.036	0	1211	717	252	108	5.28	0.00	0.00	idle	walking	0	0	779	934	612
104.066	0	1211	717	252	108	5.28	0.00	0.00	idle	walking	0	0	779	934	612
104.099	0	1211	717	252	108	5.28	0.00	0.00	idle	walking	0	0	779	934	612
104.389	0	1211	717	252	108	5.28	0.00	0.00	idle	walking	0	0	779	934	612
104.407	0	1211	717	252	108	5.28	0.00	0.00	idle	walking	0	0	779	934	612
104.440	0	1211	717	252	108	5.28	0.00	0.00	idle	walking	0	0	779	934	612
104.472	0	1211	717	252	108	5.28	0.00	0.00	idle	walking	0	0	779	934	612
104.503	0	1211	717	252	108	5.28	0.00	0.00	idle	walking	0	0	779	934	612
104.534	0	1211	717	252	108	5.28	0.00	0.00	idle	walking	0	0	779	934	612
104.565	0	1211	717	252	108	5.28	0.00	0.00	idle	walking	0	0	779	934	612
104.596	0	1211	717	252	108	5.28	0.00	0.00	idle	walking	0	0	779	934	612
104.631	0	1211	717	252	108	5.28	0.00	0.00	idle	walking	0	0	779	934	612
104.657	0	1211	717	252	108	5.28	0.00	0.00	idle	walking	0	0	779	934	612
104.687	0	1211	717	252	108	5.28	0.00	0.00	idle	walking	0	0	779	934	612
104.719	0	1211	717	252	108	5.28	0.00	0.00	idle	walking	0	0	779	934	612
104.749	0	1211	717	252	108	5.28	0.00	0.00	idle	walking	0	0	779	934	612
104.782	0	1211	717	252	108	5.28	0.00	0.00	idle	walking	0	0	779	934	612
104.817	0	1211	717	252	108	5.28	0.00	0.00	idle	walking	0	0	779	934	612
104.843	0	1211	717	252	108	5.28	0.00	0.00	idle	walking	0	0	779	934	612
104.888	0	1211	717	252	108	5.28	0.00	0.00	idle	walking	0	0	779	934	612
104.906	0	1211	717	252	108	5.28	0.00	0.00	idle	walking	0	0	779	934	612
104.936	0	1211	717	252	108	5.28	0.00	0.00	idle	walking	0	0	779	934	612
104.969	0	1211	717	252	108	5.28	0.00	0.00	idle	walking	0	0	779	934	612
105.138	0	1211	717	252	108	5.28	0.00	0.00	idle	walking	0	0	779	934	612
105.156	0	1211	717	252	108	5.28	0.00	0.00	idle	walking	0	0	779	934	612
105.189	0	1211	717	252	108	5.28	0.00	0.00	idle	walking	0	0	779	934	612
105.224	0	1211	717	252	108	5.28	0.00	0.00	idle	walking	0	0	779	934	612
105.255	0	1211	717	252	108	5.28	0.00	0.00	idle	walking	0	0	779	934	612
105.289	0	1211	717	252	108	5.28	0.00	0.00	idle	walking	0	0	779	934	612
105.322	0	1211	717	252	108	5.28	0.00	0.00	idle	walking	0	0	779	934	612
105.344	0	1211	717	252	108	5.28	0.00	0.00	idle	walking	0	0	779	934	612
105.394	0	1211	717	252	108	5.28	0.00	0.00	idle	walking	0	0	779	934	612
105.408	0	1211	717	252	108	5.28	0.00	0.00	idle	walking	0	0	779	934	612
105.441	0	1211	717	252	108	5.28	0.00	0.00	idle	walking	0	0	779	934	612
105.472	0	1211	717	252	108	5.28	0.00	0.00	idle	walking	0	0	779	934	612
105.507	0	1211	717	252	108	5.28	0.00	0.00	idle	walking	0	0	779	934	612
105.539	0	1211	717	252	108	5.28	0.00	0.00	idle	walking	0	0	779	934	612
105.583	0	1211	717	252	108	5.28	0.00	0.00	idle	walking	0	0	779	934	612
105.605	0	1211	717	252	108	5.28	0.00	0.00	idle	walking	0	0	779	934	612
105.637	0	1211	717	252	108	5.28	0.00	0.00	idle	walking	0	0	779	934	612
105.656	0	1211	717	252	108	5.28	0.00	0.00	idle	walking	0	0	779	934	612
105.691	0	1211	717	252	108	5.28	0.00	0.00	idle	walking	0	0	779	934	612
105.723	0	1211	717	252	108	5.28	0.00	0.00	idle	walking	0	0	779	934	612
105.761	0	1211	717	252	108	5.28	0.00	0.00	idle	walking	0	0	779	934	612
105.791	0	1211	717	252	108	5.28	0.00	0.00	idle	walking	0	0	779	934	612
105.823	0	1211	717	252	108	5.28	0.00	0.00	idle	walking	0	0	779	934	612
105.856	0	1211	717	252	108	5.28	0.00	0.00	idle	walking	0	0	779	934	612
105.875	0	1211	717	252	108	5.28	0.00	0.00	idle	walking	0	0	779	934	612
105.907	0	1211	717	252	108	5.28	0.00	0.00	idle	walking	0	0	779	934	612
105.943	0	1211	717	252	108	5.28	0.00	0.00	idle	walking	0	0	779	934	612
105.972	0	1211	717	252	108	5.28	0.00	0.00	idle	walking	0	0	779	934	612
106.009	0	1211	717	252	108	5.28	0.00	0.00	idle	walking	0	0	779	934	612
106.040	0	1211	717	252	108	5.28	0.00	0.00	idle	walking	0	0	779	934	612
106.074	0	1211	717	252	108	5.28	0.00	0.00	idle	walking	0	0	779	934	612
106.105	0	1211	717	252	108	5.28	0.00	0.00	idle	walking	0	0	779	934	612
106.138	0	1211	717	252	108	5.28	0.00	0.00	idle	walking	0	0	779	934	612
106.192	0	1211	717	252	108	5.28	0.00	0.00	idle	walking	0	0	779	934	612
106.226	0	1211	717	252	108	5.28	0.00	0.00	idle	walking	0	0	779	934	612
106.257	0	1211	717	252	108	5.28	0.00	0.00	idle	walking	0	0	779	934	612
106.291	0	1211	717	252	108	5.28	0.00	0.00	idle	walking	0	0	779	934	612
106.319	0	1211	717	252	108	5.28	0.00	0.00	idle	walking	0	0	779	934	612
106.355	0	1211	717	252	108	5.28	0.00	0.00	idle	walking	0	0	779	934	612
106.388	0	1211	717	252	108	5.28	0.00	0.00	idle	walking	0	0	779	934	612
106.407	0	1211	717	252	108	5.28	0.00	0.00	idle	walking	0	0	779	934	612
106.442	0	1211	717	252	108	5.28	0.00	0.00	idle	walking	0	0	779	934	612
106.476	0	1211	717	252	108	5.28	0.00	0.00	idle	walking	0	0	779	934	612
106.514	0	1211	717	252	108	5.28	0.00	0.00	idle	walking	0	0	779	934	612
106.530	0	1211	717	252	108	5.28	0.00	0.00	idle	walking	0	0	779	934	612
106.573	0	1211	717	252	108	5.28	0.00	0.00	idle	walking	0	0	779	934	612
106.607	0	1211	717	252	108	5.28	0.00	0.00	idle	walking	0	0	779	934	612
106.637	0	1211	717	252	108	5.28	0.00	0.00	idle	walking	0	0	779	934	612
106.656	0	1211	717	252	108	5.28	0.00	0.00	idle	walking	0	0	779	934	612
106.692	0	1211	717	252	108	5.28	0.00	0.00	idle	walking	0	0	779	934	612
106.724	0	1211	717	252	108	5.28	0.00	0.00	idle	walking	0	0	779	934	612
106.756	0	1211	717	252	108	5.28	0.00	0.00	idle	walking	0	0	779	934	612
106.790	0	1211	717	252	108	5.28	0.00	0.00	idle	walking	0	0	779	934	612
106.822	0	1211	717	252	108	5.28	0.00	0.00	idle	walking	0	0	779	934	612
106.857	0	1211	717	252	108	5.28	0.00	0.00	idle	walking	0	0	779	934	612
106.878	0	1211	717	252	108	5.28	0.00	0.00	idle	walking	0	0	779	934	612
106.906	0	1211	717	252	108	5.28	0.00	0.00	idle	walking	0	0	779	934	612
106.939	0	1211	717	252	108	5.28	0.00	0.00	idle	walking	0	0	779	934	612
106.973	0	1211	717	252	108	5.28	0.00	0.00	idle	walking	0	0	779	934	612
106.998	0	1211	717	252	108	5.28	0.00	0.00	idle	walking	0	0	779	934	612
107.040	0	1211	717	252	108	5.28	0.00	0.00	idle	walking	0	0	779	934	612
107.075	0	1211	717	252	108	5.28	0.00	0.00	idle	walking	0	0	779	934	612
107.107	0	1211	717	252	108	5.28	0.00	0.00	idle	walking	0	0	779	934	612
107.141	0	1211	717	252	108	5.28	0.00	0.00	idle	walking	0	0	779	934	612
107.156	0	1211	717	252	108	5.28	0.00	0.00	idle	walking	0	0	779	934	612
107.187	0	1211	717	252	108	5.28	0.00	0.00	idle	walking	0	0	779	934	612
107.219	0	1211	717	252	108	5.28	0.00	0.00	idle	walking	0	0	779	934	612
107.252	0	1211	717	252	108	5.28	0.00	0.00	idle	walking	0	0	779	934	612
107.280	0	1211	717	252	108	5.28	0.00	0.00	idle	walking	0	0	779	934	612
107.323	0	1211	717	252	108	5.28	0.00	0.00	idle	walking	0	0	779	934	612
107.343	0	1211	717	252	108	5.28	0.00	0.00	idle	walking	0	0	779	934	612
107.390	0	1211	717	252	108	5.28	0.00	0.00	idle	walking	0	0	779	934	612
107.405	0	1211	717	252	108	5.28	0.00	0.00	idle	walking	0	0	779	934	612
107.442	0	1211	717	252	108	5.28	0.00	0.00	idle	walking	0	0	779	934	612
107.473	0	1211	717	252	108	5.28	0.00	0.00	idle	walking	0	0	779	934	612
107.506	0	1211	717	252	108	5.28	0.00	0.00	idle	walking	0	0	779	934	612
107.538	0	1211	717	252	108	5.28	0.00	0.00	idle	walking	0	0	779	934	612
107.561	0	1211	717	252	108	5.28	0.00	0.00	idle	walking	0	0	779	934	612
107.607	0	1211	717	252	108	5.28	0.00	0.00	idle	walking	0	0	779	934	612
107.641	0	1211	717	252	108	5.28	0.00	0.00	idle	walking	0	0	779	934	612
107.657	0	1211	717	252	108	5.28	0.00	0.00	idle	walking	0	0	779	934	612
107.690	0	1211	717	252	108	5.28	0.00	0.00	idle	walking	0	0	779	934	612
107.722	0	1211	717	252	108	5.28	0.00	0.00	idle	walking	0	0	779	934	612
107.755	0	1211	717	252	108	5.28	0.00	0.00	idle	walking	0	0	779	934	612
107.789	0	1211	717	252	108	5.28	0.00	0.00	idle	walking	0	0	779	934	612
107.828	0	1211	717	252	108	5.28	0.00	0.00	idle	walking	0	0	779	934	612
107.857	0	1211	717	252	108	5.28	0.00	0.00	idle	walking	0	0	779	934	612
107.889	0	1211	717	252	108	5.28	0.00	0.00	idle	walking	0	0	779	934	612
107.908	0	1211	717	252	108	5.28	0.00	0.00	idle	walking	0	0	779	934	612
107.939	0	1211	717	252	108	5.28	0.00	0.00	idle	walking	0	0	779	934	612
107.975	0	1211	717	252	108	5.28	0.00	0.00	idle	walking	0	0	779	934	612
108.131	0	1211	717	252	108	5.28	0.00	0.00	idle	walking	0	0	779	934	612
108.157	0	1211	717	252	108	5.28	0.00	0.00	idle	walking	0	0	779	934	612
108.191	0	1211	717	252	108	5.28	0.00	0.00	idle	walking	0	0	779	934	612
108.223	0	1211	717	252	108	5.28	0.00	0.00	idle	walking	0	0	779	934	612
108.257	0	1211	717	252	108	5.28	0.00	0.00	idle	walking	0	0	779	934	612
108.294	0	1211	717	252	108	5.28	0.00	0.00	idle	walking	0	0	779	934	612
108.326	0	1211	717	252	108	5.28	0.00	0.00	idle	walking	0	0	779	934	612
108.347	0	1211	717	252	108	5.28	0.00	0.00	idle	walking	0	0	779	934	612
108.387	0	1211	717	252	108	5.28	0.00	0.00	idle	walking	0	0	779	934	612
108.406	0	1211	717	252	108	5.28	0.00	0.00	idle	walking	0	0	779	934	612
108.443	0	1211	717	252	108	5.28	0.00	0.00	idle	walking	0	0	779	934	612
108.478	0	1211	717	252	108	5.28	0.00	0.00	idle	walking	0	0	779	934	612
108.506	0	1211	717	252	108	5.28	0.00	0.00	idle	walking	0	0	779	934	612
108.541	0	1211	717	252	108	5.28	0.00	0.00	idle	walking	0	0	779	934	612
108.565	0	1211	717	252	108	5.28	0.00	0.00	idle	walking	0	0	779	934	612
108.606	0	1211	717	252	108	5.28	0.00	0.00	idle	walking	0	0	779	934	612
108.638	0	1211	717	252	108	5.28	0.00	0.00	idle	walking	0	0	779	934	612
108.663	0	1211	717	252	108	5.28	0.00	0.00	idle	walking	0	0	779	934	612
108.690	0	1211	717	252	108	5.28	0.00	0.00	idle	walking	0	0	779	934	612
108.724	0	1211	717	252	108	5.28	0.00	0.00	idle	walking	0	0	779	934	612
108.758	0	1211	717	252	108	5.28	0.00	0.00	idle	walking	0	0	779	934	612
108.780	0	1211	717	252	108	5.28	0.00	0.00	idle	walking	0	0	779	934	612
108.823	0	1211	717	252	108	5.28	0.00	0.00	idle	walking	0	0	779	934	612
108.860	0	1211	717	252	108	5.28	0.00	0.00	idle	walking	0	0	779	934	612
108.887	0	1211	717	252	108	5.28	0.00	0.00	idle	walking	0	0	779	934	612
108.908	0	1211	717	252	108	5.28	0.00	0.00	idle	walking	0	0	779	934	612
108.940	0	1211	717	252	108	5.28	0.00	0.00	idle	walking	0	0	779	934	612
108.972	0	1211	717	252	108	5.28	0.00	0.00	idle	walking	0	0	779	934	612
109.008	0	1211	717	252	108	5.28	0.00	0.00	idle	walking	0	0	779	934	612
109.043	0	1211	717	252	108	5.28	0.00	0.00	idle	walking	0	0	779	934	612
109.075	0	1211	717	252	108	5.28	0.00	0.00	idle	walking	0	0	779	934	612
109.108	0	1211	717	252	108	5.28	0.00	0.00	idle	walking	0	0	779	934	612
109.136	0	1211	717	252	108	5.28	0.00	0.00	idle	walking	0	0	779	934	612
109.155	0	1211	717	252	108	5.28	0.00	0.00	idle	walking	0	0	779	934	612
109.189	0	1211	717	252	108	5.28	0.00	0.00	idle	walking	0	0	779	934	612
109.225	0	1211	717	252	108	5.28	0.00	0.00	idle	walking	0	0	779	934	612
109.256	0	1211	717	252	108	5.28	0.00	0.00	idle	walking	0	0	779	934	612
109.290	0	1211	717	252	108	5.28	0.00	0.00	idle	walking	0	0	779	934	612
109.322	0	1211	717	252	108	5.28	0.00	0.00	idle	walking	0	0	779	934	612
109.342	0	1211	717	252	108	5.28	0.00	0.00	idle	walking	0	0	779	934	612
109.374	0	1211	717	252	108	5.28	0.00	0.00	idle	walking	0	0	779	934	612
109.408	0	1211	717	252	108	5.28	0.00	0.00	idle	walking	0	0	779	934	612
109.439	0	1211	717	252	108	5.28	0.00	0.00	idle	walking	0	0	779	934	612
109.473	0	1211	717	252	108	5.28	0.00	0.00	idle	walking	0	0	779	934	612
109.506	0	1211	717	252	108	5.28	0.00	0.00	idle	walking	0	0	779	934	612
109.540	0	1211	717	252	108	5.28	0.00	0.00	idle	walking	0	0	779	934	612
109.561	0	1211	717	252	108	5.28	0.00	0.00	idle	walking	0	0	779	934	612
109.611	0	1211	717	252	108	5.28	0.00	0.00	idle	walking	0	0	779	934	612
109.623	0	1211	717	252	108	5.28	0.00	0.00	idle	walking	0	0	779	934	612
109.656	0	1211	717	252	108	5.28	0.00	0.00	idle	walking	0	0	779	934	612
109.689	0	1211	717	252	108	5.28	0.00	0.00	idle	walking	0	0	779	934	612
109.718	0	1211	717	252	108	5.28	0.00	0.00	idle	walking	0	0	779	934	612
109.750	0	1211	717	252	108	5.28	0.00	0.00	idle	walking	0	0	779	934	612
109.785	0	1211	717	252	108	5.28	0.00	0.00	idle	walking	0	0	779	934	612
109.814	0	1211	717	252	108	5.28	0.00	0.00	idle	walking	0	0	779	934	612
109.845	0	1211	717	252	108	5.28	0.00	0.00	idle	walking	0	0	779	934	612
109.877	0	1211	717	252	108	5.28	0.00	0.00	idle	walking	0	0	779	934	612
109.906	0	1211	717	252	108	5.28	0.00	0.00	idle	walking	0	0	779	934	612
109.940	0	1211	717	252	108	5.28	0.00	0.00	idle	walking	0	0	779	934	612
109.976	0	1211	717	252	108	5.28	0.00	0.00	idle	walking	0	0	779	934	612
110.005	0	1211	717	252	108	5.28	0.00	0.00	idle	walking	0	0	779	934	612
110.036	0	1211	717	252	108	5.28	0.00	0.00	idle	walking	0	0	779	934	612
110.066	0	1211	717	252	108	5.28	0.00	0.00	idle	walking	0	0	779	934	612
110.097	0	1211	717	252	108	5.28	0.00	0.00	idle	walking	0	0	779	934	612
110.129	0	1211	717	252	108	5.28	0.00	0.00	idle	walking	0	0	779	934	612
110.161	0	1211	717	252	108	5.28	0.00	0.00	idle	walking	0	0	779	934	612
110.189	0	1211	717	252	108	5.28	0.00	0.00	idle	walking	0	0	779	934	612
110.223	0	1211	717	252	108	5.28	0.00	0.00	idle	walking	0	0	779	934	612
110.254	0	1211	717	252	108	5.28	0.00	0.00	idle	walking	0	0	779	934	612
110.285	0	1211	717	252	108	5.28	0.00	0.00	idle	walking	0	0	779	934	612
110.319	0	1211	717	252	108	5.28	0.00	0.00	idle	walking	0	0	779	934	612
110.353	0	1211	717	252	108	5.28	0.00	0.00	idle	walking	0	0	779	934	612
110.382	0	1211	717	252	108	5.28	0.00	0.00	idle	walking	0	0	779	934	612
110.405	0	1211	717	252	108	5.28	0.00	0.00	idle	walking	0	0	779	934	612
110.440	0	1211	717	252	108	5.28	0.00	0.00	idle	walking	0	0	779	934	612
110.474	0	1211	717	252	108	5.28	0.00	0.00	idle	walking	0	0	779	934	612
110.505	0	1211	717	252	108	5.28	0.00	0.00	idle	walking	0	0	779	934	612
110.543	0	1211	717	252	108	5.28	0.00	0.00	idle	walking	0	0	779	934	612
110.571	0	1211	717	252	108	5.28	0.00	0.00	idle	walking	0	0	779	934	612
110.603	0	1211	717	252	108	5.28	0.00	0.00	idle	walking	0	0	779	934	612
110.634	0	1211	717	252	108	5.28	0.00	0.00	idle	walking	0	0	779	934	612
110.656	0	1211	717	252	108	5.28	0.00	0.00	idle	walking	0	0	779	934	612
110.690	0	1211	717	252	108	5.28	0.00	0.00	idle	walking	0	0	779	934	612
110.728	0	1211	717	252	108	5.28	0.00	0.00	idle	walking	0	0	779	934	612
110.756	0	1211	717	252	108	5.28	0.00	0.00	idle	walking	0	0	779	934	612
110.791	0	1211	717	252	108	5.28	0.00	0.00	idle	walking	0	0	779	934	612
110.822	0	1211	717	252	108	5.28	0.00	0.00	idle	walking	0	0	779	934	612
110.855	0	1211	717	252	108	5.28	0.00	0.00	idle	walking	0	0	779	934	612
110.875	0	1211	717	252	108	5.28	0.00	0.00	idle	walking	0	0	779	934	612
110.910	0	1211	717	252	108	5.28	0.00	0.00	idle	walking	0	0	779	934	612
110.942	0	1211	717	252	108	5.28	0.00	0.00	idle	walking	0	0	779	934	612
110.981	0	1211	717	252	108	5.28	0.00	0.00	idle	walking	0	0	779	934	612
111.138	0	1211	717	252	108	5.28	0.00	0.00	idle	walking	0	0	779	934	612
111.156	0	1211	717	252	108	5.28	0.00	0.00	idle	walking	0	0	779	934	612
111.190	0	1211	717	252	108	5.28	0.00	0.00	idle	walking	0	0	779	934	612
111.224	0	1211	717	252	108	5.28	0.00	0.00	idle	walking	0	0	779	934	612
111.257	0	1211	717	252	108	5.28	0.00	0.00	idle	walking	0	0	779	934	612
111.293	0	1211	717	252	108	5.28	0.00	0.00	idle	walking	0	0	779	934	612
111.312	0	1211	717	252	108	5.28	0.00	0.00	idle	walking	0	0	779	934	612
111.357	0	1211	717	252	108	5.28	0.00	0.00	idle	walking	0	0	779	934	612
111.389	0	1211	717	252	108	5.28	0.00	0.00	idle	walking	0	0	779	934	612
111.407	0	1211	717	252	108	5.28	0.00	0.00	idle	walking	0	0	779	934	612
111.440	0	1211	717	252	108	5.28	0.00	0.00	idle	walking	0	0	779	934	612
111.476	0	1211	717	252	108	5.28	0.00	0.00	idle	walking	0	0	779	934	612
111.506	0	1211	717	252	108	5.28	0.00	0.00	idle	walking	0	0	779	934	612
111.539	0	1211	717	252	108	5.28	0.00	0.00	idle	walking	0	0	779	934	612
111.573	0	1211	717	252	108	5.28	0.00	0.00	idle	walking	0	0	779	934	612
111.606	0	1211	717	252	108	5.28	0.00	0.00	idle	walking	0	0	779	934	612
111.642	0	1211	717	252	108	5.28	0.00	0.00	idle	walking	0	0	779	934	612
111.657	0	1211	717	252	108	5.28	0.00	0.00	idle	walking	0	0	779	934	612
111.689	0	1211	717	252	108	5.28	0.00	0.00	idle	walking	0	0	779	934	612
111.719	0	1211	717	252	108	5.28	0.00	0.00	idle	walking	0	0	779	934	612
111.750	0	1211	717	252	108	5.28	0.00	0.00	idle	walking	0	0	779	934	612
111.782	0	1211	717	252	108	5.28	0.00	0.00	idle	walking	0	0	779	934	612
111.813	0	1211	717	252	108	5.28	0.00	0.00	idle	walking	0	0	779	934	612
111.848	0	1211	717	252	108	5.28	0.00	0.00	idle	walking	0	0	779	934	612
111.876	0	1211	717	252	108	5.28	0.00	0.00	idle	walking	0	0	779	934	612
111.906	0	1211	717	252	108	5.28	0.00	0.00	idle	walking	0	0	779	934	612
111.940	0	1211	717	252	108	5.28	0.00	0.00	idle	walking	0	0	779	934	612
111.973	0	1211	717	252	108	5.28	0.00	0.00	idle	walking	0	0	779	934	612
112.005	0	1211	717	252	108	5.28	0.00	0.00	idle	walking	0	0	779	934	612
112.040	0	1211	717	252	108	5.28	0.00	0.00	idle	walking	0	0	779	934	612
112.067	0	1211	717	252	108	5.28	0.00	0.00	idle	walking	0	0	779	934	612
112.097	0	1211	717	252	108	5.28	0.00	0.00	idle	walking	0	0	779	934	612
112.128	0	1211	717	252	108	5.28	0.00	0.00	idle	walking	0	0	779	934	612
112.156	0	1211	717	252	108	5.28	0.00	0.00	idle	walking	0	0	779	934	612
112.189	0	1211	717	252	108	5.28	0.00	0.00	idle	walking	0	0	779	934	612
112.229	0	1211	717	252	108	5.28	0.00	0.00	idle	walking	0	0	779	934	612
112.256	0	1211	717	252	108	5.28	0.00	0.00	idle	walking	0	0	779	934	612
112.288	0	1211	717	252	108	5.28	0.00	0.00	idle	walking	0	0	779	934	612
112.314	0	1211	717	252	108	5.28	0.00	0.00	idle	walking	0	0	779	934	612
112.355	0	1211	717	252	108	5.28	0.00	0.00	idle	walking	0	0	779	934	612
112.385	0	1211	717	252	108	5.28	0.00	0.00	idle	walking	0	0	779	934	612
112.411	0	1211	717	252	108	5.28	0.00	0.00	idle	walking	0	0	779	934	612
112.439	0	1211	717	252	108	5.28	0.00	0.00	idle	walking	0	0	779	934	612
112.472	0	1211	717	252	108	5.28	0.00	0.00	idle	walking	0	0	779	934	612
112.505	0	1211	717	252	108	5.28	0.00	0.00	idle	walking	0	0	779	934	612
112.539	0	1211	717	252	108	5.28	0.00	0.00	idle	walking	0	0	779	934	612
112.573	0	1211	717	252	108	5.28	0.00	0.00	idle	walking	0	0	779	934	612
112.608	0	1211	717	252	108	5.28	0.00	0.00	idle	walking	0	0	779	934	612
112.636	0	1211	717	252	108	5.28	0.00	0.00	idle	walking	0	0	779	934	612
112.657	0	1211	717	252	108	5.28	0.00	0.00	idle	walking	0	0	779	934	612
112.690	0	1211	717	252	108	5.28	0.00	0.00	idle	walking	0	0	779	934	612
112.722	0	1211	717	252	108	5.28	0.00	0.00	idle	walking	0	0	779	934	612
112.757	0	1211	717	252	108	5.28	0.00	0.00	idle	walking	0	0	779	934	612
112.792	0	1211	717	252	108	5.28	0.00	0.00	idle	walking	0	0	779	934	612
112.821	0	1211	717	252	108	5.28	0.00	0.00	idle	walking	0	0	779	934	612
112.852	0	1211	717	252	108	5.28	0.00	0.00	idle	walking	0	0	779	934	612
112.883	0	1211	717	252	108	5.28	0.00	0.00	idle	walking	0	0	779	934	612
112.905	0	1211	717	252	108	5.28	0.00	0.00	idle	walking	0	0	779	934	612
112.941	0	1211	717	252	108	5.28	0.00	0.00	idle	walking	0	0	779	934	612
112.979	0	1211	717	252	108	5.28	0.00	0.00	idle	walking	0	0	779	934	612
113.006	0	1211	717	252	108	5.28	0.00	0.00	idle	walking	0	0	779	934	612
113.038	0	1211	717	252	108	5.28	0.00	0.00	idle	walking	0	0	779	934	612
113.073	0	1211	717	252	108	5.28	0.00	0.00	idle	walking	0	0	779	934	612
113.105	0	1211	717	252	108	5.28	0.00	0.00	idle	walking	0	0	779	934	612
113.137	0	1211	717	252	108	5.28	0.00	0.00	idle	walking	0	0	779	934	612
113.159	0	1211	717	252	108	5.28	0.00	0.00	idle	walking	0	0	779	934	612
113.190	0	1211	717	252	108	5.28	0.00	0.00	idle	walking	0	0	779	934	612
113.223	0	1211	717	252	108	5.28	0.00	0.00	idle	walking	0	0	779	934	612
113.257	0	1211	717	252	108	5.28	0.00	0.00	idle	walking	0	0	779	934	612
113.291	0	1211	717	252	108	5.28	0.00	0.00	idle	walking	0	0	779	934	612
113.324	0	1211	717	252	108	5.28	0.00	0.00	idle	walking	0	0	779	934	612
113.362	0	1211	717	252	108	5.28	0.00	0.00	idle	walking	0	0	779	934	612
113.389	0	1211	717	252	108	5.28	0.00	0.00	idle	walking	0	0	779	934	612
113.407	0	1211	717	252	108	5.28	0.00	0.00	idle	walking	0	0	779	934	612
113.439	0	1211	717	252	108	5.28	0.00	0.00	idle	walking	0	0	779	934	612
113.473	0	1211	717	252	108	5.28	0.00	0.00	idle	walking	0	0	779	934	612
113.506	0	1211	717	252	108	5.28	0.00	0.00	idle	walking	0	0	779	934	612
113.544	0	1211	717	252	108	5.28	0.00	0.00	idle	walking	0	0	779	934	612
113.573	0	1211	717	252	108	5.28	0.00	0.00	idle	walking	0	0	779	934	612
113.604	0	1211	717	252	108	5.28	0.00	0.00	idle	walking	0	0	779	934	612
113.624	0	1211	717	252	108	5.28	0.00	0.00	idle	walking	0	0	779	934	612
113.659	0	1211	717	252	108	5.28	0.00	0.00	idle	walking	0	0	779	934	612
113.690	0	1211	717	252	108	5.28	0.00	0.00	idle	walking	0	0	779	934	612
113.726	0	1211	717	252	108	5.28	0.00	0.00	idle	walking	0	0	779	934	612
113.757	0	1211	717	252	108	5.28	0.00	0.00	idle	walking	0	0	779	934	612
113.790	0	1211	717	252	108	5.28	0.00	0.00	idle	walking	0	0	779	934	612
113.823	0	1211	717	252	108	5.28	0.00	0.00	idle	walking	0	0	779	934	612
113.842	0	1211	717	252	108	5.28	0.00	0.00	idle	walking	0	0	779	934	612
113.888	0	1211	717	252	108	5.28	0.00	0.00	idle	walking	0	0	779	934	612
113.911	0	1211	717	252	108	5.28	0.00	0.00	idle	walking	0	0	779	934	612
113.940	0	1211	717	252	108	5.28	0.00	0.00	idle	walking	0	0	779	934	612
113.973	0	1211	717	252	108	5.28	0.00	0.00	idle	walking	0	0	779	934	612
114.115	1	1211	717	831	704	5.71	0.00	0.00	idle	walking	0	0	779	934	612
114.190	1	1208	717	831	704	5.71	-3.14	0.00	walk_left	walking	0	0	780	-3	0
114.224	1	1203	717	831	704	5.71	-4.71	0.00	walk_left	walking	0	0	781	-5	0
114.258	1	1198	717	831	704	5.71	-5.50	0.00	walk_left	walking	0	0	782	-5	0
114.285	1	1242	724	831	704	5.71	-5.89	0.00	walk_left	walking	0	0	783	44	7
114.324	1	1236	724	831	704	5.71	-6.09	0.00	walk_left	walking	0	0	784	-6	0
114.357	1	1230	724	831	704	5.71	-6.18	0.00	walk_left	walking	0	0	785	-6	0
114.376	1	1224	724	831	704	5.71	-6.23	0.00	walk_left	walking	0	0	786	-6	0
114.408	1	1218	724	831	704	5.71	-6.26	0.00	walk_left	walking	0	0	787	-6	0
114.438	1	1212	724	831	704	5.71	-6.27	0.00	walk_left	walking	0	0	788	-6	0
114.471	1	1206	724	831	704	5.71	-6.28	0.00	walk_left	walking	0	0	789	-6	0
114.507	1	1200	724	831	704	5.71	-6.28	0.00	walk_left	walking	0	0	790	-6	0
114.539	1	1194	724	831	704	5.71	-6.28	0.00	walk_left	walking	0	0	791	-6	0
114.570	1	1188	724	831	704	5.71	-6.28	0.00	walk_left	walking	0	0	792	-6	0
114.603	1	1182	724	831	704	5.71	-6.28	0.00	walk_left	walking	0	0	793	-6	0
114.625	1	1176	724	831	704	5.71	-6.28	0.00	walk_left	walking	0	0	794	-6	0
114.657	1	1170	724	831	704	5.71	-6.28	0.00	walk_left	walking	0	0	795	-6	0
114.690	1	1164	724	831	704	5.71	-6.28	0.00	walk_left	walking	0	0	796	-6	0
114.718	1	1158	724	831	704	5.71	-6.28	0.00	walk_left	walking	0	0	797	-6	0
114.751	1	1152	724	831	704	5.71	-6.28	0.00	walk_left	walking	0	0	798	-6	0
114.782	1	1146	724	831	704	5.71	-6.28	0.00	walk_left	walking	0	0	799	-6	0
114.815	1	1140	724	831	704	5.71	-6.28	0.00	walk_left	walking	0	0	800	-6	0
114.848	1	1134	724	831	704	5.71	-6.28	0.00	walk_left	walking	0	0	801	-6	0
114.877	1	1128	724	831	704	5.71	-6.28	0.00	walk_left	walking	0	0	802	-6	0
114.908	1	1122	724	831	704	5.71	-6.28	0.00	walk_left	walking	0	0	803	-6	0
114.939	1	1116	724	831	704	5.71	-6.28	0.00	walk_left	walking	0	0	804	-6	0
114.971	1	1110	724	831	704	5.71	-6.28	0.00	walk_left	walking	0	0	805	-6	0
115.005	1	1104	724	831	704	5.71	-6.28	0.00	walk_left	walking	0	0	806	-6	0
115.036	1	1098	724	831	704	5.71	-6.28	0.00	walk_left	walking	0	0	807	-6	0
115.066	1	1092	724	831	704	5.71	-6.28	0.00	walk_left	walking	0	0	808	-6	0
115.097	1	1086	724	831	704	5.71	-6.28	0.00	walk_left	walking	0	0	809	-6	0
115.129	1	1080	724	831	704	5.71	-6.28	0.00	walk_left	walking	0	0	810	-6	0
115.157	1	1074	724	831	704	5.71	-6.28	0.00	walk_left	walking	0	0	811	-6	0
115.190	1	1068	724	831	704	5.71	-6.28	0.00	walk_left	walking	0	0	812	-6	0
115.225	1	1062	724	831	704	5.71	-6.28	0.00	walk_left	walking	0	0	813	-6	0
115.255	1	1056	724	831	704	5.71	-6.28	0.00	walk_left	walking	0	0	814	-6	0
115.285	1	1050	723	831	704	5.71	-6.20	-1.03	walk_left	walking	0	0	815	-6	-1
115.317	1	1044	723	831	704	5.71	-6.28	0.00	walk_left	walking	0	0	816	-6	0
115.350	1	1038	722	831	704	5.71	-6.20	-1.03	walk_left	walking	0	0	817	-6	-1
115.381	1	1032	722	831	704	5.71	-6.28	0.00	walk_left	walking	0	0	818	-6	0
115.409	1	1026	721	831	704	5.71	-6.20	-1.03	walk_left	walking	0	0	819	-6	-1
115.439	1	1020	721	831	704	5.71	-6.28	0.00	walk_left	walking	0	0	820	-6	0
115.474	1	1014	720	831	704	5.71	-6.20	-1.03	walk_left	walking	0	0	821	-6	-1
115.504	1	1008	720	831	704	5.71	-6.28	0.00	walk_left	walking	0	0	822	-6	0
115.536	1	1002	719	831	704	5.71	-6.20	-1.03	walk_left	walking	0	0	823	-6	-1
115.567	1	996	719	831	704	5.71	-6.28	0.00	walk_left	walking	0	0	824	-6	0
115.600	1	990	718	831	704	5.71	-6.20	-1.03	walk_left	walking	0	0	825	-6	-1
115.631	1	984	717	831	704	5.71	-6.20	-1.03	walk_left	walking	0	0	826	-6	-1
115.656	1	978	717	831	704	5.71	-6.28	0.00	walk_left	walking	0	0	827	-6	0
115.693	1	972	716	831	704	5.71	-6.20	-1.03	walk_left	walking	0	0	828	-6	-1
115.724	1	966	716	831	704	5.71	-6.28	0.00	walk_left	walking	0	0	829	-6	0
115.756	1	960	715	831	704	5.71	-6.20	-1.03	walk_left	walking	0	0	830	-6	-1
115.790	1	954	715	831	704	5.71	-6.28	0.00	walk_left	walking	0	0	831	-6	0
115.812	1	948	714	831	704	5.71	-6.20	-1.03	walk_left	walking	0	0	832	-6	-1
115.853	1	942	714	831	704	5.71	-6.28	0.00	walk_left	walking	0	0	833	-6	0
115.884	1	936	713	831	704	5.71	-6.20	-1.03	walk_left	walking	0	0	834	-6	-1
115.907	1	930	713	831	704	5.71	-6.28	0.00	walk_left	walking	0	0	835	-6	0
115.941	1	924	712	831	704	5.71	-5.58	-0.93	walk_left	walking	0	0	836	-6	-1
115.975	1	919	712	831	704	5.71	-5.34	0.00	walk_left	walking	0	0	837	-5	0
116.006	1	914	712	831	704	5.71	-5.18	0.00	walk_left	walking	0	0	838	-5	0
116.031	1	909	712	831	704	5.71	-5.10	0.00	walk_left	walking	0	0	839	-5	0
116.073	1	904	711	831	704	5.71	-4.97	-0.99	walk_left	walking	0	0	840	-5	-1
116.103	1	899	711	831	704	5.71	-5.05	0.00	walk_left	walking	0	0	841	-5	0
116.135	1	894	710	831	704	5.71	-4.94	-0.99	walk_left	walking	0	0	842	-5	-1
116.159	1	889	710	831	704	5.71	-5.03	0.00	walk_left	walking	0	0	843	-5	0
116.190	1	884	709	831	704	5.71	-4.93	-0.99	walk_left	walking	0	0	844	-5	-1
116.224	1	879	709	831	704	5.71	-5.03	0.00	walk_left	walking	0	0	845	-5	0
116.258	1	873	708	831	704	5.71	-5.47	-0.91	walk_left	walking	0	0	846	-6	-1
116.290	1	868	707	831	704	5.71	-5.32	-1.06	walk_left	walking	0	0	847	-5	-1
116.323	1	863	707	831	704	5.71	-5.04	0.00	walk_left	walking	0	0	848	-5	0
116.356	1	858	707	831	704	5.71	-4.54	0.00	walk_left	walking	0	0	849	-5	0
116.385	0	854	707	831	704	5.71	0.00	0.00	idle	walking	0	0	850	-4	0
116.407	0	854	707	831	704	5.71	0.00	0.00	idle	walking	0	0	850	-4	0
116.440	0	854	707	831	704	5.71	0.00	0.00	idle	walking	0	0	850	-4	0
116.473	0	854	707	831	704	5.71	0.00	0.00	idle	walking	0	0	850	-4	0
116.505	0	854	707	831	704	5.71	0.00	0.00	idle	walking	0	0	850	-4	0
116.545	0	804	700	831	704	5.71	0.00	0.00	idle	walking	0	0	850	-4	0
116.573	0	804	700	831	704	5.71	0.00	0.00	idle	walking	0	0	850	-4	0
116.606	0	804	700	831	704	5.71	0.00	0.00	idle	walking	0	0	850	-4	0
116.639	0	804	700	831	704	5.71	0.00	0.00	idle	walking	0	0	850	-4	0
116.656	0	804	700	831	704	5.71	0.00	0.00	idle	walking	0	0	850	-4	0
116.690	0	804	700	831	704	5.71	0.00	0.00	idle	walking	0	0	850	-4	0
116.727	0	804	700	831	704	5.71	0.00	0.00	idle	walking	0	0	850	-4	0
116.756	0	804	700	831	704	5.71	0.00	0.00	idle	walking	0	0	850	-4	0
116.789	0	804	700	831	704	5.71	0.00	0.00	idle	walking	0	0	850	-4	0
116.823	0	804	700	831	704	5.71	0.00	0.00	idle	walking	0	0	850	-4	0
116.856	0	804	700	831	704	5.71	0.00	0.00	idle	walking	0	0	850	-4	0
116.886	0	804	700	831	704	5.71	0.00	0.00	idle	walking	0	0	850	-4	0
116.910	0	804	700	831	704	5.71	0.00	0.00	idle	walking	0	0	850	-4	0
116.941	0	804	700	831	704	5.71	0.00	0.00	idle	walking	0	0	850	-4	0
116.972	0	804	700	831	704	5.71	0.00	0.00	idle	walking	0	0	850	-4	0
117.210	0	804	700	831	704	5.71	0.00	0.00	idle	walking	0	0	850	-4	0
117.224	0	804	700	831	704	5.71	0.00	0.00	idle	walking	0	0	850	-4	0
117.256	0	804	700	831	704	5.71	0.00	0.00	idle	walking	0	0	850	-4	0
117.290	0	804	700	831	704	5.71	0.00	0.00	idle	walking	0	0	850	-4	0
117.321	0	804	700	831	704	5.71	0.00	0.00	idle	walking	0	0	850	-4	0
117.343	0	804	700	831	704	5.71	0.00	0.00	idle	walking	0	0	850	-4	0
117.388	0	804	700	831	704	5.71	0.00	0.00	idle	walking	0	0	850	-4	0
117.405	0	804	700	831	704	5.71	0.00	0.00	idle	walking	0	0	850	-4	0
117.441	0	804	700	831	704	5.71	0.00	0.00	idle	walking	0	0	850	-4	0
117.473	0	804	700	831	704	5.71	0.00	0.00	idle	walking	0	0	850	-4	0
117.505	0	804	700	831	704	5.71	0.00	0.00	idle	walking	0	0	850	-4	0
117.540	0	804	700	831	704	5.71	0.00	0.00	idle	walking	0	0	850	-4	0
117.565	0	804	700	831	704	5.71	0.00	0.00	idle	walking	0	0	850	-4	0
117.602	0	804	700	831	704	5.71	0.00	0.00	idle	walking	0	0	850	-4	0
117.634	0	804	700	831	704	5.71	0.00	0.00	idle	walking	0	0	850	-4	0
117.655	0	804	700	831	704	5.71	0.00	0.00	idle	walking	0	0	850	-4	0
117.690	0	804	700	831	704	5.71	0.00	0.00	idle	walking	0	0	850	-4	0
117.725	0	804	700	831	704	5.71	0.00	0.00	fall	walking	0	0	851	-50	-7
117.762	0	804	701	831	704	5.71	0.00	0.00	idle	walking	0	0	852	0	1
117.783	0	804	701	831	704	5.71	0.00	0.00	idle	walking	0	0	853	0	0
117.823	0	804	703	831	704	5.71	0.00	0.00	idle	walking	0	0	854	0	2
117.854	0	804	705	831	704	5.71	0.00	0.00	idle	walking	0	0	855	0	2
117.885	0	804	707	831	704	5.71	0.00	0.00	idle	walking	0	0	856	0	2
117.908	0	804	709	831	704	5.71	0.00	0.00	idle	walking	0	0	857	0	2
117.942	0	804	713	831	704	5.71	0.00	0.00	idle	walking	0	0	858	0	4
117.974	0	804	717	831	704	5.71	0.00	0.00	idle	walking	0	0	859	0	4
118.008	0	804	722	831	704	5.71	0.00	0.00	idle	walking	0	0	860	0	5
118.041	0	804	727	831	704	5.71	0.00	0.00	idle	walking	0	0	861	0	5
118.073	0	804	732	831	704	5.71	0.00	0.00	idle	walking	0	0	862	0	5
118.107	0	804	738	831	704	5.71	0.00	0.00	idle	walking	0	0	863	0	6
118.142	0	804	746	831	704	5.71	0.00	0.00	idle	walking	0	0	864	0	8
118.157	0	804	749	831	704	5.71	0.00	0.00	idle	walking	0	0	865	0	3
118.192	0	804	757	831	704	5.71	0.00	0.00	idle	walking	0	0	866	0	8
118.225	0	804	765	831	704	5.71	0.00	0.00	idle	walking	0	0	867	0	8
118.258	0	804	774	831	704	5.71	0.00	0.00	idle	walking	0	0	868	0	9
118.291	0	804	783	831	704	5.71	0.00	0.00	idle	walking	0	0	869	0	9
118.329	0	804	794	831	704	5.71	0.00	0.00	idle	walking	0	0	870	0	11
118.356	0	804	803	831	704	5.71	0.00	0.00	idle	walking	0	0	871	0	9
118.388	0	804	814	831	704	5.71	0.00	0.00	idle	walking	0	0	872	0	11
118.408	0	804	821	831	704	5.71	0.00	0.00	idle	walking	0	0	873	0	7
118.442	0	804	833	831	704	5.71	0.00	0.00	idle	walking	0	0	874	0	12
118.474	0	804	845	831	704	5.71	0.00	0.00	idle	walking	0	0	875	0	12
118.511	0	804	860	831	704	5.71	0.00	0.00	idle	walking	0	0	876	0	15
118.541	0	804	872	831	704	5.71	0.00	0.00	idle	walking	0	0	877	0	12
118.575	0	804	887	831	704	5.71	0.00	0.00	idle	walking	0	0	878	0	15
118.606	0	804	901	831	704	5.71	0.00	0.00	idle	walking	0	0	879	0	14
118.637	0	804	915	831	704	5.71	0.00	0.00	idle	walking	0	0	880	0	14
118.658	0	804	925	831	704	5.71	0.00	0.00	idle	walking	0	0	881	0	10
118.695	0	804	943	831	704	5.71	0.00	0.00	idle	walking	0	0	882	0	18
118.725	0	804	957	831	704	5.71	0.00	0.00	idle	walking	0	0	883	0	14
118.758	0	804	974	831	704	5.71	0.00	0.00	idle	walking	0	0	884	0	17
118.792	0	804	992	831	704	5.71	0.00	0.00	idle	walking	0	0	885	0	18
118.824	0	804	1010	831	704	5.71	0.00	0.00	idle	walking	0	0	886	0	18
118.856	0	804	1028	831	704	5.71	0.00	0.00	idle	walking	0	0	887	0	18
118.893	0	804	1050	831	704	5.71	0.00	0.00	idle	walking	0	0	888	0	22
118.908	0	804	1058	831	704	5.71	0.00	0.00	idle	walking	0	0	889	0	8
118.940	0	804	1078	831	704	5.71	0.00	0.00	idle	walking	0	0	890	0	20
118.975	0	804	1100	831	704	5.71	0.00	0.00	idle	walking	0	0	891	0	22
119.009	0	804	1122	831	704	5.71	0.00	0.00	idle	walking	0	0	892	0	22
119.042	0	804	1143	831	704	5.71	0.00	0.00	idle	walking	0	0	893	0	21
119.080	0	804	1169	831	704	5.71	0.00	0.00	idle	walking	0	0	894	0	26
119.107	0	804	1188	831	704	5.71	0.00	0.00	idle	walking	0	0	895	0	19
119.140	0	804	1211	831	704	5.71	0.00	0.00	idle	walking	0	0	896	0	23
119.158	0	804	1225	831	704	5.71	0.00	0.00	idle	walking	0	0	897	0	14
119.192	0	804	1249	831	704	5.71	0.00	0.00	idle	walking	0	0	898	0	24
119.225	0	804	1274	831	704	5.71	0.00	0.00	idle	walking	0	0	899	0	25
119.261	0	804	1303	831	704	5.71	0.00	0.00	idle	walking	0	0	900	0	29
119.291	0	804	1325	831	704	5.71	0.00	0.00	idle	walking	0	0	901	0	22
119.313	0	804	1344	831	704	5.71	0.00	0.00	idle	walking	0	0	902	0	19
119.358	0	804	1380	831	704	5.71	0.00	0.00	idle	walking	0	0	903	0	36
119.390	0	804	1407	831	704	5.71	0.00	0.00	idle	walking	0	0	904	0	27
119.409	0	804	1422	831	704	5.71	0.00	0.00	idle	walking	0	0	905	0	15
119.445	0	804	1454	831	704	5.71	0.00	0.00	idle	walking	0	0	906	0	32
119.473	0	804	1479	831	704	5.71	0.00	0.00	idle	walking	0	0	907	0	25
119.566	0	804	1506	831	704	5.71	0.00	0.00	splat	walking	0	0	908	0	27
119.873	0	804	1506	831	704	5.71	0.00	0.00	splat	walking	0	0	908	0	27
119.906	0	826	1523	831	704	5.71	0.00	0.00	splat	walking	0	0	908	0	27
119.941	0	826	1523	831	704	5.71	0.00	0.00	splat	walking	0	0	908	0	27
119.968	0	826	1523	831	704	5.71	0.00	0.00	splat	walking	0	0	908	0	27
120.117	0	826	1523	831	704	5.71	0.00	0.00	splat	walking	0	0	908	0	27
120.129	0	826	1523	831	704	5.71	0.00	0.00	splat	walking	0	0	908	0	27
120.156	0	826	1523	831	704	5.71	0.00	0.00	splat	walking	0	0	908	0	27
120.188	0	826	1523	831	704	5.71	0.00	0.00	splat	walking	0	0	908	0	27
120.241	0	826	1523	831	704	5.71	0.00	0.00	splat	walking	0	0	908	0	27
120.253	0	826	1523	831	704	5.71	0.00	0.00	splat	walking	0	0	908	0	27
120.286	0	826	1523	831	704	5.71	0.00	0.00	splat	walking	0	0	908	0	27
120.316	0	826	1523	831	704	5.71	0.00	0.00	splat	walking	0	0	908	0	27
120.345	0	826	1523	831	704	5.71	0.00	0.00	splat	walking	0	0	908	0	27
120.378	0	826	1523	831	704	5.71	0.00	0.00	splat	walking	0	0	908	0	27
120.407	0	826	1523	831	704	5.71	0.00	0.00	splat	walking	0	0	908	0	27
120.440	0	826	1523	831	704	5.71	0.00	0.00	splat	walking	0	0	908	0	27
120.468	0	826	1523	831	704	5.71	0.00	0.00	splat	walking	0	0	908	0	27
120.501	0	826	1523	831	704	5.71	0.00	0.00	splat	walking	0	0	908	0	27
120.551	0	826	1523	831	704	5.71	0.00	0.00	splat	walking	0	0	908	0	27
120.564	0	826	1523	831	704	5.71	0.00	0.00	splat	walking	0	0	908	0	27
120.595	0	826	1523	831	704	5.71	0.00	0.00	splat	walking	0	0	908	0	27
120.626	0	826	1523	831	704	5.71	0.00	0.00	splat	walking	0	0	908	0	27
120.656	0	826	1523	831	704	5.71	0.00	0.00	splat	walking	0	0	908	0	27
120.688	0	826	1523	831	704	5.71	0.00	0.00	splat	walking	0	0	908	0	27
120.720	0	826	1523	831	704	5.71	0.00	0.00	splat	walking	0	0	908	0	27
120.750	0	826	1523	831	704	5.71	0.00	0.00	splat	walking	0	0	908	0	27
120.781	0	826	1523	831	704	5.71	0.00	0.00	splat	walking	0	0	908	0	27
120.811	0	826	1523	831	704	5.71	0.00	0.00	splat	walking	0	0	908	0	27
120.849	0	826	1523	831	704	5.71	0.00	0.00	fall_back_rub	walking	0	0	908	0	27
120.874	0	826	1523	831	704	5.71	0.00	0.00	fall_back_rub	walking	0	0	908	0	27
120.905	0	826	1523	831	704	5.71	0.00	0.00	fall_back_rub	walking	0	0	908	0	27
120.937	0	826	1523	831	704	5.71	0.00	0.00	fall_back_rub	walking	0	0	908	0	27
120.974	0	826	1523	831	704	5.71	0.00	0.00	fall_back_rub	walking	0	0	908	0	27
120.998	0	826	1523	831	704	5.71	0.00	0.00	fall_back_rub	walking	0	0	908	0	27
121.033	0	848	1522	831	704	5.71	0.00	0.00	fall_back_rub	walking	0	0	908	0	27
121.062	0	848	1522	831	704	5.71	0.00	0.00	fall_back_rub	walking	0	0	908	0	27
121.094	0	848	1522	831	704	5.71	0.00	0.00	fall_back_rub	walking	0	0	908	0	27
121.131	0	848	1522	831	704	5.71	0.00	0.00	fall_back_rub	walking	0	0	908	0	27
121.156	0	848	1522	831	704	5.71	0.00	0.00	fall_back_rub	walking	0	0	908	0	27
121.191	0	848	1522	831	704	5.71	0.00	0.00	fall_back_rub	walking	0	0	908	0	27
121.223	0	848	1522	831	704	5.71	0.00	0.00	fall_back_rub	walking	0	0	908	0	27
121.255	0	848	1522	831	704	5.71	0.00	0.00	fall_back_rub	walking	0	0	908	0	27
121.290	0	848	1522	831	704	5.71	0.00	0.00	fall_back_rub	walking	0	0	908	0	27
121.312	0	848	1522	831	704	5.71	0.00	0.00	fall_back_rub	walking	0	0	908	0	27
121.355	0	848	1522	831	704	5.71	0.00	0.00	fall_back_rub	walking	0	0	908	0	27
121.384	0	848	1522	831	704	5.71	0.00	0.00	fall_back_rub	walking	0	0	908	0	27
121.407	0	848	1522	831	704	5.71	0.00	0.00	fall_back_rub	walking	0	0	908	0	27
121.439	0	848	1522	831	704	5.71	0.00	0.00	fall_back_rub	walking	0	0	908	0	27
121.472	0	848	1522	831	704	5.71	0.00	0.00	fall_back_rub	walking	0	0	908	0	27
121.504	0	848	1522	831	704	5.71	0.00	0.00	fall_back_rub	walking	0	0	908	0	27
121.539	0	848	1522	831	704	5.71	0.00	0.00	fall_back_rub	walking	0	0	908	0	27
121.572	0	848	1522	831	704	5.71	0.00	0.00	fall_back_rub	walking	0	0	908	0	27
121.607	0	848	1522	831	704	5.71	0.00	0.00	fall_back_rub	walking	0	0	908	0	27
121.637	0	848	1522	831	704	5.71	0.00	0.00	fall_back_rub	walking	0	0	908	0	27
121.657	0	848	1522	831	704	5.71	0.00	0.00	fall_back_rub	walking	0	0	908	0	27
121.688	0	848	1522	831	704	5.71	0.00	0.00	fall_back_rub	walking	0	0	908	0	27
121.721	0	848	1522	831	704	5.71	0.00	0.00	fall_back_rub	walking	0	0	908	0	27
121.757	0	848	1522	831	704	5.71	0.00	0.00	fall_back_rub	walking	0	0	908	0	27
121.817	0	848	1522	831	704	5.71	0.00	0.00	fall_back_rub	walking	0	0	908	0	27
122.025	0	848	1522	831	704	5.71	0.00	0.00	land	walking	0	0	908	0	27
122.102	0	848	1512	831	704	5.71	0.00	0.00	land	walking	0	0	908	0	27
122.128	0	848	1512	831	704	5.71	0.00	0.00	land	walking	0	0	908	0	27
122.158	0	848	1512	831	704	5.71	0.00	0.00	land	walking	0	0	908	0	27
122.189	0	848	1512	831	704	5.71	0.00	0.00	land	walking	0	0	908	0	27
122.237	0	848	1512	831	704	5.71	0.00	0.00	land	walking	0	0	908	0	27
122.254	0	848	1512	831	704	5.71	0.00	0.00	land	walking	0	0	908	0	27
122.285	0	848	1512	831	704	5.71	0.00	0.00	land	walking	0	0	908	0	27
122.330	0	848	1512	831	704	5.71	0.00	0.00	land	walking	0	0	908	0	27
122.346	0	848	1512	831	704	5.71	0.00	0.00	land	walking	0	0	908	0	27
122.379	0	848	1512	831	704	5.71	0.00	0.00	land	walking	0	0	908	0	27
122.411	0	848	1512	831	704	5.71	0.00	0.00	land	walking	0	0	908	0	27
122.441	0	848	1512	831	704	5.71	0.00	0.00	idle	walking	0	0	908	0	27
122.475	0	848	1512	831	704	5.71	0.00	0.00	idle	walking	0	0	908	0	27
122.540	0	848	1512	831	704	5.71	0.00	0.00	idle	walking	0	0	908	0	27
122.574	0	848	1512	831	704	5.71	0.00	0.00	idle	walking	0	0	908	0	27
122.621	0	848	1512	831	704	5.71	0.00	0.00	idle	walking	0	0	908	0	27
122.659	0	804	1506	831	704	5.71	0.00	0.00	idle	walking	0	0	908	0	27
122.696	0	804	1506	831	704	5.71	0.00	0.00	idle	walking	0	0	908	0	27
122.723	0	804	1506	831	704	5.71	0.00	0.00	idle	walking	0	0	908	0	27
122.760	0	804	1506	831	704	5.71	0.00	0.00	idle	walking	0	0	908	0	27
122.800	0	804	1506	831	704	5.71	0.00	0.00	idle	walking	0	0	908	0	27
122.821	0	804	1506	831	704	5.71	0.00	0.00	idle	walking	0	0	908	0	27
122.847	0	804	1506	831	704	5.71	0.00	0.00	idle	walking	0	0	908	0	27
122.878	0	804	1506	831	704	5.71	0.00	0.00	idle	walking	0	0	908	0	27
122.905	0	804	1506	831	704	5.71	0.00	0.00	idle	walking	0	0	908	0	27
122.941	0	804	1506	831	704	5.71	0.00	0.00	idle	walking	0	0	908	0	27
122.973	0	804	1506	831	704	5.71	0.00	0.00	idle	walking	0	0	908	0	27
123.138	0	804	1506	831	704	5.71	0.00	0.00	idle	walking	0	0	908	0	27
123.157	0	804	1506	831	704	5.71	0.00	0.00	idle	walking	0	0	908	0	27
123.192	0	804	1506	831	704	5.71	0.00	0.00	idle	walking	0	0	908	0	27
123.227	0	804	1506	831	704	5.71	0.00	0.00	idle	walking	0	0	908	0	27
123.259	0	804	1506	831	704	5.71	0.00	0.00	idle	walking	0	0	908	0	27
123.293	0	804	1506	831	704	5.71	0.00	0.00	idle	walking	0	0	908	0	27
123.314	0	804	1506	831	704	5.71	0.00	0.00	idle	walking	0	0	908	0	27
123.356	0	804	1506	831	704	5.71	0.00	0.00	idle	walking	0	0	908	0	27
123.396	0	804	1506	831	704	5.71	0.00	0.00	idle	walking	0	0	908	0	27
123.408	0	804	1506	831	704	5.71	0.00	0.00	idle	walking	0	0	908	0	27
123.443	0	804	1506	831	704	5.71	0.00	0.00	idle	walking	0	0	908	0	27
123.474	0	804	1506	831	704	5.71	0.00	0.00	idle	walking	0	0	908	0	27
123.508	0	804	1506	831	704	5.71	0.00	0.00	idle	walking	0	0	908	0	27
123.541	0	804	1506	831	704	5.71	0.00	0.00	idle	walking	0	0	908	0	27
123.577	0	804	1506	831	704	5.71	0.00	0.00	idle	walking	0	0	908	0	27
123.608	0	804	1506	831	704	5.71	0.00	0.00	idle	walking	0	0	908	0	27
123.625	0	804	1506	831	704	5.71	0.00	0.00	idle	walking	0	0	908	0	27
123.658	0	804	1506	831	704	5.71	0.00	0.00	idle	walking	0	0	908	0	27
123.694	0	804	1506	831	704	5.71	0.00	0.00	idle	walking	0	0	908	0	27
123.724	0	804	1506	831	704	5.71	0.00	0.00	idle	walking	0	0	908	0	27
123.760	0	804	1506	831	704	5.71	0.00	0.00	idle	walking	0	0	908	0	27
123.790	0	804	1506	831	704	5.71	0.00	0.00	idle	walking	0	0	908	0	27
123.822	0	804	1506	831	704	5.71	0.00	0.00	idle	walking	0	0	908	0	27
123.845	0	804	1506	831	704	5.71	0.00	0.00	idle	walking	0	0	908	0	27
123.908	0	804	1506	831	704	5.71	0.00	0.00	idle	walking	0	0	908	0	27
123.943	0	804	1506	831	704	5.71	0.00	0.00	idle	walking	0	0	908	0	27
123.974	0	804	1506	831	704	5.71	0.00	0.00	idle	walking	0	0	908	0	27
124.006	0	804	1506	831	704	5.71	0.00	0.00	idle	walking	0	0	908	0	27
124.042	0	804	1506	831	704	5.71	0.00	0.00	idle	walking	0	0	908	0	27
124.061	0	804	1506	831	704	5.71	0.00	0.00	idle	walking	0	0	908	0	27
124.091	0	804	1506	831	704	5.71	0.00	0.00	idle	walking	0	0	908	0	27
124.144	0	804	1506	831	704	5.71	0.00	0.00	idle	walking	0	0	908	0	27
124.157	0	804	1506	831	704	5.71	0.00	0.00	idle	walking	0	0	908	0	27
124.186	0	804	1506	831	704	5.71	0.00	0.00	idle	walking	0	0	908	0	27
124.219	0	804	1506	831	704	5.71	0.00	0.00	idle	walking	0	0	908	0	27
124.250	0	804	1506	831	704	5.71	0.00	0.00	idle	walking	0	0	908	0	27
124.282	0	804	1506	831	704	5.71	0.00	0.00	idle	walking	0	0	908	0	27
124.316	0	804	1506	831	704	5.71	0.00	0.00	idle	walking	0	0	908	0	27
124.346	0	804	1506	831	704	5.71	0.00	0.00	idle	walking	0	0	908	0	27
124.375	0	804	1506	831	704	5.71	0.00	0.00	idle	walking	0	0	908	0	27
124.405	0	804	1506	831	704	5.71	0.00	0.00	idle	walking	0	0	908	0	27
124.436	0	804	1506	831	704	5.71	0.00	0.00	idle	walking	0	0	908	0	27
124.468	0	804	1506	831	704	5.71	0.00	0.00	idle	walking	0	0	908	0	27
124.504	0	804	1506	831	704	5.71	0.00	0.00	idle	walking	0	0	908	0	27
124.531	0	804	1506	831	704	5.71	0.00	0.00	idle	walking	0	0	908	0	27
124.561	0	804	1506	831	704	5.71	0.00	0.00	idle	walking	0	0	908	0	27
124.594	0	804	1506	831	704	5.71	0.00	0.00	idle	walking	0	0	908	0	27
124.625	0	804	1506	831	704	5.71	0.00	0.00	idle	walking	0	0	908	0	27
124.658	0	804	1506	831	704	5.71	0.00	0.00	idle	walking	0	0	908	0	27
124.692	0	804	1506	831	704	5.71	0.00	0.00	idle	walking	0	0	908	0	27
124.719	0	804	1506	831	704	5.71	0.00	0.00	idle	walking	0	0	908	0	27
124.750	0	804	1506	831	704	5.71	0.00	0.00	idle	walking	0	0	908	0	27
124.782	0	804	1506	831	704	5.71	0.00	0.00	idle	walking	0	0	908	0	27
124.813	0	804	1506	831	704	5.71	0.00	0.00	idle	walking	0	0	908	0	27
124.844	0	804	1506	831	704	5.71	0.00	0.00	idle	walking	0	0	908	0	27
124.878	0	804	1506	831	704	5.71	0.00	0.00	idle	walking	0	0	908	0	27
124.905	0	804	1506	831	704	5.71	0.00	0.00	idle	walking	0	0	908	0	27
124.939	0	804	1506	831	704	5.71	0.00	0.00	idle	walking	0	0	908	0	27
124.970	0	804	1506	831	704	5.71	0.00	0.00	idle	walking	0	0	908	0	27
125.002	0	804	1506	831	704	5.71	0.00	0.00	idle	walking	0	0	908	0	27
125.033	0	804	1506	831	704	5.71	0.00	0.00	idle	walking	0	0	908	0	27
125.067	0	804	1506	831	704	5.71	0.00	0.00	idle	walking	0	0	908	0	27
125.097	0	804	1506	831	704	5.71	0.00	0.00	idle	walking	0	0	908	0	27
125.213	0	804	1506	831	704	5.71	0.00	0.00	idle	walking	0	0	908	0	27
125.257	0	804	1506	831	704	5.71	0.00	0.00	idle	walking	0	0	908	0	27
125.286	0	804	1506	831	704	5.71	0.00	0.00	idle	walking	0	0	908	0	27
125.316	0	804	1506	831	704	5.71	0.00	0.00	idle	walking	0	0	908	0	27
125.348	0	804	1506	831	704	5.71	0.00	0.00	idle	walking	0	0	908	0	27
125.380	0	804	1506	831	704	5.71	0.00	0.00	idle	walking	0	0	908	0	27
125.407	0	804	1506	831	704	5.71	0.00	0.00	idle	walking	0	0	908	0	27
125.442	0	804	1506	831	704	5.71	0.00	0.00	idle	walking	0	0	908	0	27
125.472	0	804	1506	831	704	5.71	0.00	0.00	idle	walking	0	0	908	0	27
125.507	0	804	1506	831	704	5.71	0.00	0.00	idle	walking	0	0	908	0	27
125.540	0	804	1506	831	704	5.71	0.00	0.00	idle	walking	0	0	908	0	27
125.570	0	804	1506	831	704	5.71	0.00	0.00	idle	walking	0	0	908	0	27
125.600	0	804	1506	831	704	5.71	0.00	0.00	idle	walking	0	0	908	0	27
125.635	0	804	1506	831	704	5.71	0.00	0.00	idle	walking	0	0	908	0	27
125.656	0	804	1506	831	704	5.71	0.00	0.00	idle	walking	0	0	908	0	27
125.689	0	804	1506	831	704	5.71	0.00	0.00	idle	walking	0	0	908	0	27
125.724	0	804	1506	831	704	5.71	0.00	0.00	idle	walking	0	0	908	0	27
125.756	0	804	1506	831	704	5.71	0.00	0.00	idle	walking	0	0	908	0	27
125.789	0	804	1506	831	704	5.71	0.00	0.00	idle	walking	0	0	908	0	27
125.814	0	804	1506	831	704	5.71	0.00	0.00	idle	walking	0	0	908	0	27
125.850	0	804	1506	831	704	5.71	0.00	0.00	idle	walking	0	0	908	0	27
125.879	0	804	1506	831	704	5.71	0.00	0.00	idle	walking	0	0	908	0	27
125.906	0	804	1506	831	704	5.71	0.00	0.00	idle	walking	0	0	908	0	27
125.939	0	804	1506	831	704	5.71	0.00	0.00	idle	walking	0	0	908	0	27
125.972	0	804	1506	831	704	5.71	0.00	0.00	idle	walking	0	0	908	0	27
126.184	1	850	1513	446	1500	6.04	-3.62	0.00	walk_left	walking	0	0	909	46	7
126.227	1	845	1513	446	1500	6.04	-5.44	0.00	walk_left	walking	0	0	910	-5	0
126.250	1	839	1513	446	1500	6.04	-6.34	0.00	walk_left	walking	0	0	911	-6	0
126.290	1	833	1513	446	1500	6.04	-6.80	0.00	walk_left	walking	0	0	912	-6	0
126.328	1	827	1513	446	1500	6.04	-7.02	0.00	walk_left	walking	0	0	913	-6	0
126.353	1	821	1513	446	1500	6.04	-7.14	0.00	walk_left	walking	0	0	914	-6	0
126.379	1	815	1513	446	1500	6.04	-7.19	0.00	walk_left	walking	0	0	915	-6	0
126.413	1	809	1513	446	1500	6.04	-7.22	0.00	walk_left	walking	0	0	916	-6	0
126.439	1	803	1513	446	1500	6.04	-7.24	0.00	walk_left	walking	0	0	917	-6	0
126.471	1	797	1513	446	1500	6.04	-7.24	0.00	walk_left	walking	0	0	918	-6	0
126.508	1	791	1513	446	1500	6.04	-7.25	0.00	walk_left	walking	0	0	919	-6	0
126.539	1	785	1513	446	1500	6.04	-7.25	0.00	walk_left	walking	0	0	920	-6	0
126.570	1	779	1513	446	1500	6.04	-7.25	0.00	walk_left	walking	0	0	921	-6	0
126.600	1	773	1513	446	1500	6.04	-7.25	0.00	walk_left	walking	0	0	922	-6	0
126.632	1	767	1513	446	1500	6.04	-7.25	0.00	walk_left	walking	0	0	923	-6	0
126.658	1	761	1513	446	1500	6.04	-7.25	0.00	walk_left	walking	0	0	924	-6	0
126.697	1	755	1513	446	1500	6.04	-7.25	0.00	walk_left	walking	0	0	925	-6	0
126.724	1	749	1513	446	1500	6.04	-7.25	0.00	walk_left	walking	0	0	926	-6	0
126.758	1	743	1513	446	1500	6.04	-7.25	0.00	walk_left	walking	0	0	927	-6	0
126.793	1	737	1513	446	1500	6.04	-7.25	0.00	walk_left	walking	0	0	928	-6	0
126.819	1	731	1513	446	1500	6.04	-7.25	0.00	walk_left	walking	0	0	929	-6	0
126.850	1	725	1513	446	1500	6.04	-7.25	0.00	walk_left	walking	0	0	930	-6	0
126.886	1	719	1513	446	1500	6.04	-7.25	0.00	walk_left	walking	0	0	931	-6	0
126.908	1	713	1513	446	1500	6.04	-7.25	0.00	walk_left	walking	0	0	932	-6	0
126.944	1	707	1513	446	1500	6.04	-7.25	0.00	walk_left	walking	0	0	933	-6	0
126.980	1	701	1513	446	1500	6.04	-7.25	0.00	walk_left	walking	0	0	934	-6	0
127.005	1	695	1513	446	1500	6.04	-7.25	0.00	walk_left	walking	0	0	935	-6	0
127.036	1	689	1513	446	1500	6.04	-7.25	0.00	walk_left	walking	0	0	936	-6	0
127.068	1	683	1513	446	1500	6.04	-7.25	0.00	walk_left	walking	0	0	937	-6	0
127.098	1	677	1513	446	1500	6.04	-7.25	0.00	walk_left	walking	0	0	938	-6	0
127.130	1	671	1513	446	1500	6.04	-7.25	0.00	walk_left	walking	0	0	939	-6	0
127.157	1	665	1513	446	1500	6.04	-7.25	0.00	walk_left	walking	0	0	940	-6	0
127.190	1	659	1513	446	1500	6.04	-7.25	0.00	walk_left	walking	0	0	941	-6	0
127.220	1	653	1513	446	1500	6.04	-7.25	0.00	walk_left	walking	0	0	942	-6	0
127.252	1	647	1513	446	1500	6.04	-7.25	0.00	walk_left	walking	0	0	943	-6	0
127.283	1	641	1513	446	1500	6.04	-7.25	0.00	walk_left	walking	0	0	944	-6	0
127.316	1	635	1513	446	1500	6.04	-7.25	0.00	walk_left	walking	0	0	945	-6	0
127.346	1	629	1513	446	1500	6.04	-7.25	0.00	walk_left	walking	0	0	946	-6	0
127.376	1	623	1513	446	1500	6.04	-7.25	0.00	walk_left	walking	0	0	947	-6	0
127.406	1	617	1513	446	1500	6.04	-7.25	0.00	walk_left	walking	0	0	948	-6	0
127.440	1	611	1513	446	1500	6.04	-7.25	0.00	walk_left	walking	0	0	949	-6	0
127.471	1	605	1513	446	1500	6.04	-7.25	0.00	walk_left	walking	0	0	950	-6	0
127.503	1	599	1513	446	1500	6.04	-7.25	0.00	walk_left	walking	0	0	951	-6	0
127.532	1	593	1512	446	1500	6.04	-7.15	-1.19	walk_left	walking	0	0	952	-6	-1
127.563	1	587	1512	446	1500	6.04	-7.25	0.00	walk_left	walking	0	0	953	-6	0
127.594	1	581	1511	446	1500	6.04	-7.15	-1.19	walk_left	walking	0	0	954	-6	-1
127.625	1	575	1511	446	1500	6.04	-7.25	0.00	walk_left	walking	0	0	955	-6	0
127.656	1	569	1510	446	1500	6.04	-7.15	-1.19	walk_left	walking	0	0	956	-6	-1
127.689	1	563	1510	446	1500	6.04	-7.25	0.00	walk_left	walking	0	0	957	-6	0
127.719	1	557	1509	446	1500	6.04	-7.15	-1.19	walk_left	walking	0	0	958	-6	-1
127.750	1	551	1509	446	1500	6.04	-7.25	0.00	walk_left	walking	0	0	959	-6	0
127.783	1	545	1508	446	1500	6.04	-7.15	-1.19	walk_left	walking	0	0	960	-6	-1
127.823	1	539	1508	446	1500	6.04	-6.52	0.00	walk_left	walking	0	0	961	-6	0
127.856	1	533	1507	446	1500	6.04	-6.08	-1.01	walk_left	walking	0	0	962	-6	-1
127.876	1	527	1507	446	1500	6.04	-5.98	0.00	walk_left	walking	0	0	963	-6	0
127.906	1	521	1506	446	1500	6.04	-5.81	-0.97	walk_left	walking	0	0	964	-6	-1
127.936	1	515	1506	446	1500	6.04	-5.84	0.00	walk_left	walking	0	0	965	-6	0
127.969	1	509	1505	446	1500	6.04	-5.74	-0.96	walk_left	walking	0	0	966	-6	-1
128.008	1	503	1505	446	1500	6.04	-5.81	0.00	walk_left	walking	0	0	967	-6	0
128.039	1	497	1504	446	1500	6.04	-5.73	-0.95	walk_left	walking	0	0	968	-6	-1
128.074	1	491	1504	446	1500	6.04	-5.80	0.00	walk_left	walking	0	0	969	-6	0
128.094	1	485	1503	446	1500	6.04	-6.09	-1.02	walk_left	walking	0	0	970	-6	-1
128.139	1	479	1503	446	1500	6.04	-5.92	0.00	walk_left	walking	0	0	971	-6	0
128.159	1	474	1503	446	1500	6.04	-5.36	0.00	walk_left	walking	0	0	972	-5	0
128.192	0	469	1502	446	1500	6.04	0.00	0.00	jump_ball	walking	0	0	973	-5	-1
128.226	0	474	1496	446	1500	6.04	0.00	0.00	jump_ball	jumping	0	0	974	5	-6
128.259	0	475	1489	446	1500	6.04	0.00	0.00	jump_ball	jumping	0	0	975	1	-7
128.293	0	475	1482	446	1500	6.04	0.00	0.00	jump_ball	jumping	0	0	976	0	-7
128.326	0	476	1477	446	1500	6.04	0.00	0.00	jump_ball	jumping	0	0	977	1	-5
128.358	0	476	1471	446	1500	6.04	0.00	0.00	jump_ball	jumping	0	0	978	0	-6
128.390	0	477	1467	446	1500	6.04	0.00	0.00	jump_ball	jumping	0	0	979	1	-4
128.408	0	477	1464	446	1500	6.04	0.00	0.00	jump_ball	jumping	0	0	980	0	-3
128.442	0	478	1460	446	1500	6.04	0.00	0.00	jump_ball	jumping	0	0	981	1	-4
128.475	0	479	1457	446	1500	6.04	0.00	0.00	jump_ball	jumping	0	0	982	1	-3
128.508	0	479	1454	446	1500	6.04	0.00	0.00	jump_ball	jumping	0	0	983	0	-3
128.541	0	480	1452	446	1500	6.04	0.00	0.00	jump_ball	jumping	0	0	984	1	-2
128.575	0	480	1450	446	1500	6.04	0.00	0.00	jump_ball	jumping	0	0	985	0	-2
128.608	0	481	1449	446	1500	6.04	0.00	0.00	jump_ball	jumping	0	0	986	1	-1
128.640	0	482	1448	446	1500	6.04	0.00	0.00	jump_ball	jumping	0	0	987	1	-1
128.658	0	482	1448	446	1500	6.04	0.00	0.00	jump_ball	jumping	0	0	988	0	0
128.689	0	482	1448	446	1500	6.04	0.00	0.00	jump_ball	jumping	0	0	989	0	0
128.725	0	483	1449	446	1500	6.04	0.00	0.00	jump_ball	jumping	0	0	990	1	1
128.758	0	484	1451	446	1500	6.04	0.00	0.00	jump_ball	jumping	0	0	991	1	2
128.793	0	484	1452	446	1500	6.04	0.00	0.00	jump_ball	jumping	0	0	992	0	1
128.825	0	485	1455	446	1500	6.04	0.00	0.00	jump_ball	jumping	0	0	993	1	3
128.857	0	485	1458	446	1500	6.04	0.00	0.00	jump_ball	jumping	0	0	994	0	3
128.889	0	486	1461	446	1500	6.04	0.00	0.00	jump_ball	jumping	0	0	995	1	3
128.909	0	486	1463	446	1500	6.04	0.00	0.00	jump_ball	jumping	0	0	996	0	2
128.941	0	487	1468	446	1500	6.04	0.00	0.00	jump_ball	jumping	0	0	997	1	5
128.975	0	488	1473	446	1500	6.04	0.00	0.00	jump_ball	jumping	0	0	998	1	5
129.116	0	490	1500	446	1500	6.04	0.00	0.00	jump_ball	jumping	0	0	999	2	27
129.127	0	490	1502	446	1500	6.04	0.00	0.00	jump_ball	jumping	0	0	1000	0	2
129.157	0	491	1510	446	1500	6.04	0.00	0.00	jump_ball	jumping	0	0	1001	1	8
129.191	0	491	1518	446	1500	6.04	0.00	0.00	jump_ball	jumping	0	0	1002	0	8
129.226	0	492	1520	446	1500	6.04	0.00	0.00	land	jumping	0	0	1004	0	0
129.258	0	492	1520	446	1500	6.04	0.00	0.00	land	jumping	0	0	1004	0	0
129.293	0	487	1499	446	1500	6.04	0.00	0.00	land	jumping	0	0	1004	0	0
129.355	0	487	1499	446	1500	6.04	0.00	0.00	land	jumping	0	0	1004	0	0
129.387	0	487	1499	446	1500	6.04	0.00	0.00	land	jumping	0	0	1004	0	0
129.406	0	487	1499	446	1500	6.04	0.00	0.00	land	jumping	0	0	1004	0	0
129.439	0	487	1499	446	1500	6.04	0.00	0.00	land	jumping	0	0	1004	0	0
129.473	0	487	1499	446	1500	6.04	0.00	0.00	land	jumping	0	0	1004	0	0
129.508	0	487	1499	446	1500	6.04	0.00	0.00	land	jumping	0	0	1004	0	0
129.530	0	487	1499	446	1500	6.04	0.00	0.00	land	jumping	0	0	1004	0	0
129.572	0	487	1499	446	1500	6.04	0.00	0.00	land	jumping	0	0	1004	0	0
129.603	0	487	1499	446	1500	6.04	0.00	0.00	land	jumping	0	0	1004	0	0
129.634	0	487	1499	446	1500	6.04	0.00	0.00	land	jumping	0	0	1004	0	0
129.657	0	487	1499	446	1500	6.04	0.00	0.00	idle	jumping	0	0	1004	0	0
129.689	0	487	1499	446	1500	6.04	0.00	0.00	idle	jumping	0	0	1004	0	0
129.722	0	487	1499	446	1500	6.04	0.00	0.00	idle	jumping	0	0	1004	0	0
129.757	0	487	1499	446	1500	6.04	0.00	0.00	idle	jumping	0	0	1004	0	0
129.790	0	487	1499	446	1500	6.04	0.00	0.00	idle	jumping	0	0	1004	0	0
129.821	0	487	1499	446	1500	6.04	0.00	0.00	idle	jumping	0	0	1004	0	0
129.856	0	443	1493	446	1500	6.04	0.00	0.00	idle	jumping	0	0	1004	0	0
129.874	0	443	1493	446	1500	6.04	0.00	0.00	idle	jumping	0	0	1004	0	0
129.905	0	443	1493	446	1500	6.04	0.00	0.00	idle	jumping	0	0	1004	0	0
129.939	0	443	1493	446	1500	6.04	0.00	0.00	idle	jumping	0	0	1004	0	0
129.973	0	443	1493	446	1500	6.04	0.00	0.00	idle	jumping	0	0	1004	0	0
130.005	0	443	1493	446	1500	6.04	0.00	0.00	idle	jumping	0	0	1004	0	0
130.042	0	443	1493	446	1500	6.04	0.00	0.00	idle	jumping	0	0	1004	0	0
130.070	0	443	1493	446	1500	6.04	0.00	0.00	idle	jumping	0	0	1004	0	0
130.101	0	443	1493	446	1500	6.04	0.00	0.00	idle	jumping	0	0	1004	0	0
130.134	0	443	1493	446	1500	6.04	0.00	0.00	idle	jumping	0	0	1004	0	0
130.163	0	443	1493	446	1500	6.04	0.00	0.00	idle	jumping	0	0	1004	0	0
130.189	0	443	1493	446	1500	6.04	0.00	0.00	idle	jumping	0	0	1004	0	0
130.229	0	443	1493	446	1500	6.04	0.00	0.00	idle	jumping	0	0	1004	0	0
130.256	0	443	1493	446	1500	6.04	0.00	0.00	idle	jumping	0	0	1004	0	0
130.287	0	443	1493	446	1500	6.04	0.00	0.00	idle	jumping	0	0	1004	0	0
130.318	0	443	1493	446	1500	6.04	0.00	0.00	idle	jumping	0	0	1004	0	0
130.350	0	443	1493	446	1500	6.04	0.00	0.00	idle	jumping	0	0	1004	0	0
130.381	0	443	1493	446	1500	6.04	0.00	0.00	idle	jumping	0	0	1004	0	0
130.409	0	443	1493	446	1500	6.04	0.00	0.00	idle	jumping	0	0	1004	0	0
130.439	0	443	1493	446	1500	6.04	0.00	0.00	idle	jumping	0	0	1004	0	0
130.474	0	443	1493	446	1500	6.04	0.00	0.00	idle	jumping	0	0	1004	0	0
130.506	0	443	1493	446	1500	6.04	0.00	0.00	idle	jumping	0	0	1004	0	0
130.537	0	443	1493	446	1500	6.04	0.00	0.00	idle	jumping	0	0	1004	0	0
130.568	0	443	1493	446	1500	6.04	0.00	0.00	idle	jumping	0	0	1004	0	0
130.601	0	443	1493	446	1500	6.04	0.00	0.00	idle	jumping	0	0	1004	0	0
130.624	0	443	1493	446	1500	6.04	0.00	0.00	idle	jumping	0	0	1004	0	0
130.658	0	443	1493	446	1500	6.04	0.00	0.00	idle	jumping	0	0	1004	0	0
130.688	0	443	1493	446	1500	6.04	0.00	0.00	idle	jumping	0	0	1004	0	0
130.722	0	443	1493	446	1500	6.04	0.00	0.00	idle	jumping	0	0	1004	0	0
130.756	0	443	1493	446	1500	6.04	0.00	0.00	idle	jumping	0	0	1004	0	0
130.791	0	443	1493	446	1500	6.04	0.00	0.00	idle	jumping	0	0	1004	0	0
130.818	0	443	1493	446	1500	6.04	0.00	0.00	idle	jumping	0	0	1004	0	0
130.848	0	443	1493	446	1500	6.04	0.00	0.00	idle	jumping	0	0	1004	0	0
130.880	0	443	1493	446	1500	6.04	0.00	0.00	idle	jumping	0	0	1004	0	0
130.905	0	443	1493	446	1500	6.04	0.00	0.00	idle	jumping	0	0	1004	0	0
130.939	0	443	1493	446	1500	6.04	0.00	0.00	idle	jumping	0	0	1004	0	0
130.976	0	443	1493	446	1500	6.04	0.00	0.00	idle	jumping	0	0	1004	0	0
131.005	0	443	1493	446	1500	6.04	0.00	0.00	idle	jumping	0	0	1004	0	0
131.035	0	443	1493	446	1500	6.04	0.00	0.00	idle	jumping	0	0	1004	0	0
131.066	0	443	1493	446	1500	6.04	0.00	0.00	idle	jumping	0	0	1004	0	0
131.099	0	443	1493	446	1500	6.04	0.00	0.00	idle	jumping	0	0	1004	0	0
131.129	0	443	1493	446	1500	6.04	0.00	0.00	idle	jumping	0	0	1004	0	0
131.158	0	443	1493	446	1500	6.04	0.00	0.00	idle	jumping	0	0	1004	0	0
131.191	0	443	1493	446	1500	6.04	0.00	0.00	idle	jumping	0	0	1004	0	0
131.224	0	443	1493	446	1500	6.04	0.00	0.00	idle	jumping	0	0	1004	0	0
131.255	0	443	1493	446	1500	6.04	0.00	0.00	idle	jumping	0	0	1004	0	0
131.285	0	443	1493	446	1500	6.04	0.00	0.00	idle	jumping	0	0	1004	0	0
131.319	0	443	1493	446	1500	6.04	0.00	0.00	idle	jumping	0	0	1004	0	0
131.352	0	443	1493	446	1500	6.04	0.00	0.00	idle	jumping	0	0	1004	0	0
131.374	0	443	1493	446	1500	6.04	0.00	0.00	idle	jumping	0	0	1004	0	0
131.408	0	443	1493	446	1500	6.04	0.00	0.00	idle	jumping	0	0	1004	0	0
131.440	0	443	1493	446	1500	6.04	0.00	0.00	idle	jumping	0	0	1004	0	0
131.472	0	443	1493	446	1500	6.04	0.00	0.00	idle	jumping	0	0	1004	0	0
131.505	0	443	1493	446	1500	6.04	0.00	0.00	idle	jumping	0	0	1004	0	0
131.540	0	443	1493	446	1500	6.04	0.00	0.00	idle	jumping	0	0	1004	0	0
131.566	0	443	1493	446	1500	6.04	0.00	0.00	idle	jumping	0	0	1004	0	0
131.598	0	443	1493	446	1500	6.04	0.00	0.00	idle	jumping	0	0	1004	0	0
131.629	0	443	1493	446	1500	6.04	0.00	0.00	idle	jumping	0	0	1004	0	0
131.655	0	443	1493	446	1500	6.04	0.00	0.00	idle	jumping	0	0	1004	0	0
131.690	0	443	1493	446	1500	6.04	0.00	0.00	idle	jumping	0	0	1004	0	0
131.727	0	443	1493	446	1500	6.04	0.00	0.00	idle	jumping	0	0	1004	0	0
131.755	0	443	1493	446	1500	6.04	0.00	0.00	idle	jumping	0	0	1004	0	0
131.786	0	443	1493	446	1500	6.04	0.00	0.00	idle	jumping	0	0	1004	0	0
131.816	0	443	1493	446	1500	6.04	0.00	0.00	idle	jumping	0	0	1004	0	0
131.848	0	443	1493	446	1500	6.04	0.00	0.00	idle	jumping	0	0	1004	0	0
131.878	0	443	1493	446	1500	6.04	0.00	0.00	idle	jumping	0	0	1004	0	0
131.908	0	443	1493	446	1500	6.04	0.00	0.00	idle	jumping	0	0	1004	0	0
131.940	0	443	1493	446	1500	6.04	0.00	0.00	idle	jumping	0	0	1004	0	0
131.972	0	443	1493	446	1500	6.04	0.00	0.00	idle	jumping	0	0	1004	0	0
132.114	0	443	1493	446	1500	6.04	0.00	0.00	idle	jumping	0	0	1004	0	0
132.125	0	443	1493	446	1500	6.04	0.00	0.00	idle	jumping	0	0	1004	0	0
132.156	0	443	1493	446	1500	6.04	0.00	0.00	idle	jumping	0	0	1004	0	0
132.190	0	443	1493	446	1500	6.04	0.00	0.00	idle	jumping	0	0	1004	0	0
132.222	0	443	1493	446	1500	6.04	0.00	0.00	idle	jumping	0	0	1004	0	0
132.256	0	443	1493	446	1500	6.04	0.00	0.00	idle	jumping	0	0	1004	0	0
132.288	0	443	1493	446	1500	6.04	0.00	0.00	idle	jumping	0	0	1004	0	0
132.316	0	443	1493	446	1500	6.04	0.00	0.00	idle	jumping	0	0	1004	0	0
132.348	0	443	1493	446	1500	6.04	0.00	0.00	idle	jumping	0	0	1004	0	0
132.373	0	443	1493	446	1500	6.04	0.00	0.00	idle	jumping	0	0	1004	0	0
132.406	0	443	1493	446	1500	6.04	0.00	0.00	idle	jumping	0	0	1004	0	0
132.441	0	443	1493	446	1500	6.04	0.00	0.00	idle	jumping	0	0	1004	0	0
132.475	0	443	1493	446	1500	6.04	0.00	0.00	idle	jumping	0	0	1004	0	0
132.505	0	443	1493	446	1500	6.04	0.00	0.00	idle	jumping	0	0	1004	0	0
132.538	0	443	1493	446	1500	6.04	0.00	0.00	idle	jumping	0	0	1004	0	0
132.568	0	443	1493	446	1500	6.04	0.00	0.00	idle	jumping	0	0	1004	0	0
132.592	0	443	1493	446	1500	6.04	0.00	0.00	idle	jumping	0	0	1004	0	0
132.633	0	443	1493	446	1500	6.04	0.00	0.00	idle	jumping	0	0	1004	0	0
132.661	0	443	1493	446	1500	6.04	0.00	0.00	idle	jumping	0	0	1004	0	0
132.690	0	443	1493	446	1500	6.04	0.00	0.00	idle	jumping	0	0	1004	0	0
132.726	0	443	1493	446	1500	6.04	0.00	0.00	idle	jumping	0	0	1004	0	0
132.760	0	443	1493	446	1500	6.04	0.00	0.00	idle	jumping	0	0	1004	0	0
132.791	0	443	1493	446	1500	6.04	0.00	0.00	idle	jumping	0	0	1004	0	0
132.815	0	443	1493	446	1500	6.04	0.00	0.00	idle	jumping	0	0	1004	0	0
132.856	0	443	1493	446	1500	6.04	0.00	0.00	idle	jumping	0	0	1004	0	0
132.875	0	443	1493	446	1500	6.04	0.00	0.00	idle	jumping	0	0	1004	0	0
132.906	0	443	1493	446	1500	6.04	0.00	0.00	idle	jumping	0	0	1004	0	0
132.940	0	443	1493	446	1500	6.04	0.00	0.00	idle	jumping	0	0	1004	0	0
132.973	0	443	1493	446	1500	6.04	0.00	0.00	idle	jumping	0	0	1004	0	0
133.008	0	443	1493	446	1500	6.04	0.00	0.00	idle	jumping	0	0	1004	0	0
133.033	0	443	1493	446	1500	6.04	0.00	0.00	idle	jumping	0	0	1004	0	0
133.071	0	443	1493	446	1500	6.04	0.00	0.00	idle	jumping	0	0	1004	0	0
133.107	0	443	1493	446	1500	6.04	0.00	0.00	idle	jumping	0	0	1004	0	0
133.126	0	443	1493	446	1500	6.04	0.00	0.00	idle	jumping	0	0	1004	0	0
133.157	0	443	1493	446	1500	6.04	0.00	0.00	idle	jumping	0	0	1004	0	0
133.189	0	443	1493	446	1500	6.04	0.00	0.00	idle	jumping	0	0	1004	0	0
133.227	0	443	1493	446	1500	6.04	0.00	0.00	idle	jumping	0	0	1004	0	0
133.250	0	443	1493	446	1500	6.04	0.00	0.00	idle	jumping	0	0	1004	0	0
133.290	0	443	1493	446	1500	6.04	0.00	0.00	idle	jumping	0	0	1004	0	0
133.321	0	443	1493	446	1500	6.04	0.00	0.00	idle	jumping	0	0	1004	0	0
133.353	0	443	1493	446	1500	6.04	0.00	0.00	idle	jumping	0	0	1004	0	0
133.373	0	443	1493	446	1500	6.04	0.00	0.00	idle	jumping	0	0	1004	0	0
133.410	0	443	1493	446	1500	6.04	0.00	0.00	idle	jumping	0	0	1004	0	0
133.440	0	443	1493	446	1500	6.04	0.00	0.00	idle	jumping	0	0	1004	0	0
133.474	0	443	1493	446	1500	6.04	0.00	0.00	idle	jumping	0	0	1004	0	0
133.506	0	443	1493	446	1500	6.04	0.00	0.00	idle	jumping	0	0	1004	0	0
133.540	0	443	1493	446	1500	6.04	0.00	0.00	idle	jumping	0	0	1004	0	0
133.572	0	443	1493	446	1500	6.04	0.00	0.00	idle	jumping	0	0	1004	0	0
133.607	0	443	1493	446	1500	6.04	0.00	0.00	idle	jumping	0	0	1004	0	0
133.625	0	443	1493	446	1500	6.04	0.00	0.00	idle	jumping	0	0	1004	0	0
133.656	0	443	1493	446	1500	6.04	0.00	0.00	idle	jumping	0	0	1004	0	0
133.689	0	443	1493	446	1500	6.04	0.00	0.00	idle	jumping	0	0	1004	0	0
133.724	0	443	1493	446	1500	6.04	0.00	0.00	idle	jumping	0	0	1004	0	0
133.756	0	443	1493	446	1500	6.04	0.00	0.00	idle	jumping	0	0	1004	0	0
133.793	0	443	1493	446	1500	6.04	0.00	0.00	idle	jumping	0	0	1004	0	0
133.822	0	443	1493	446	1500	6.04	0.00	0.00	idle	jumping	0	0	1004	0	0
133.852	0	443	1493	446	1500	6.04	0.00	0.00	idle	jumping	0	0	1004	0	0
133.884	0	443	1493	446	1500	6.04	0.00	0.00	idle	jumping	0	0	1004	0	0
133.906	0	443	1493	446	1500	6.04	0.00	0.00	idle	jumping	0	0	1004	0	0
133.940	0	443	1493	446	1500	6.04	0.00	0.00	idle	jumping	0	0	1004	0	0
133.977	0	443	1493	446	1500	6.04	0.00	0.00	idle	jumping	0	0	1004	0	0
134.006	0	443	1493	446	1500	6.04	0.00	0.00	idle	jumping	0	0	1004	0	0
134.041	0	443	1493	446	1500	6.04	0.00	0.00	idle	jumping	0	0	1004	0	0
134.070	0	443	1493	446	1500	6.04	0.00	0.00	idle	jumping	0	0	1004	0	0
134.103	0	443	1493	446	1500	6.04	0.00	0.00	idle	jumping	0	0	1004	0	0
134.128	0	443	1493	446	1500	6.04	0.00	0.00	idle	jumping	0	0	1004	0	0
134.160	0	443	1493	446	1500	6.04	0.00	0.00	idle	jumping	0	0	1004	0	0
134.189	0	443	1493	446	1500	6.04	0.00	0.00	idle	jumping	0	0	1004	0	0
134.223	0	443	1493	446	1500	6.04	0.00	0.00	idle	jumping	0	0	1004	0	0
134.260	0	443	1493	446	1500	6.04	0.00	0.00	idle	jumping	0	0	1004	0	0
134.289	0	443	1493	446	1500	6.04	0.00	0.00	idle	jumping	0	0	1004	0	0
134.321	0	443	1493	446	1500	6.04	0.00	0.00	idle	jumping	0	0	1004	0	0
134.347	0	443	1493	446	1500	6.04	0.00	0.00	idle	jumping	0	0	1004	0	0
134.374	0	443	1493	446	1500	6.04	0.00	0.00	idle	jumping	0	0	1004	0	0
134.407	0	443	1493	446	1500	6.04	0.00	0.00	idle	jumping	0	0	1004	0	0
134.440	0	443	1493	446	1500	6.04	0.00	0.00	idle	jumping	0	0	1004	0	0
134.474	0	443	1493	446	1500	6.04	0.00	0.00	idle	jumping	0	0	1004	0	0
134.507	0	443	1493	446	1500	6.04	0.00	0.00	idle	jumping	0	0	1004	0	0
134.543	0	443	1493	446	1500	6.04	0.00	0.00	idle	jumping	0	0	1004	0	0
134.562	0	443	1493	446	1500	6.04	0.00	0.00	idle	jumping	0	0	1004	0	0
134.601	0	443	1493	446	1500	6.04	0.00	0.00	idle	jumping	0	0	1004	0	0
134.631	0	443	1493	446	1500	6.04	0.00	0.00	idle	jumping	0	0	1004	0	0
134.657	0	443	1493	446	1500	6.04	0.00	0.00	idle	jumping	0	0	1004	0	0
134.691	0	443	1493	446	1500	6.04	0.00	0.00	idle	jumping	0	0	1004	0	0
134.726	0	443	1493	446	1500	6.04	0.00	0.00	idle	jumping	0	0	1004	0	0
134.756	0	443	1493	446	1500	6.04	0.00	0.00	idle	jumping	0	0	1004	0	0
134.781	0	443	1493	446	1500	6.04	0.00	0.00	idle	jumping	0	0	1004	0	0
134.822	0	443	1493	446	1500	6.04	0.00	0.00	idle	jumping	0	0	1004	0	0
134.853	0	443	1493	446	1500	6.04	0.00	0.00	idle	jumping	0	0	1004	0	0
134.884	0	443	1493	446	1500	6.04	0.00	0.00	idle	jumping	0	0	1004	0	0
134.909	0	443	1493	446	1500	6.04	0.00	0.00	idle	jumping	0	0	1004	0	0
134.939	0	443	1493	446	1500	6.04	0.00	0.00	idle	jumping	0	0	1004	0	0
134.973	0	443	1493	446	1500	6.04	0.00	0.00	idle	jumping	0	0	1004	0	0
136.083	1	443	1489	252	108	6.04	0.00	-3.62	walk_up	walking	0	0	1005	-49	-31
136.411	1	464	1442	252	108	6.04	0.00	-3.62	jump_ball	jumping	0	0	1006	21	-47
136.445	1	467	1440	252	108	6.04	0.00	-3.62	jump_ball	jumping	0	0	1007	3	-2
136.476	1	469	1438	252	108	6.04	0.00	-3.62	jump_ball	jumping	0	0	1008	2	-2
136.516	1	472	1437	252	108	6.04	0.00	-3.62	jump_ball	jumping	0	0	1009	3	-1
136.534	1	473	1437	252	108	6.04	0.00	-3.62	jump_ball	jumping	0	0	1010	1	0
136.572	1	475	1436	252	108	6.04	0.00	-3.62	jump_ball	jumping	0	0	1011	2	-1
136.608	1	478	1437	252	108	6.04	0.00	-3.62	jump_ball	jumping	0	0	1012	3	1
136.627	1	479	1437	252	108	6.04	0.00	-3.62	jump_ball	jumping	0	0	1013	1	0
136.658	1	481	1439	252	108	6.04	0.00	-3.62	jump_ball	jumping	0	0	1014	2	2
136.697	1	484	1441	252	108	6.04	0.00	-3.62	jump_ball	jumping	0	0	1015	3	2
136.724	1	486	1443	252	108	6.04	0.00	-3.62	jump_ball	jumping	0	0	1016	2	2
136.753	1	488	1445	252	108	6.04	0.00	-3.62	jump_ball	jumping	0	0	1017	2	2
136.795	1	491	1450	252	108	6.04	0.00	-3.62	jump_ball	jumping	0	0	1018	3	5
136.821	1	492	1453	252	108	6.04	0.00	-3.62	jump_ball	jumping	0	0	1019	1	3
136.852	1	495	1458	252	108	6.04	0.00	-3.62	jump_ball	jumping	0	0	1020	3	5
136.886	1	497	1463	252	108	6.04	0.00	-3.62	jump_ball	jumping	0	0	1021	2	5
136.908	1	498	1466	252	108	6.04	0.00	-3.62	jump_ball	jumping	0	0	1022	1	3
136.940	1	500	1472	252	108	6.04	0.00	-3.62	jump_ball	jumping	0	0	1023	2	6
136.975	1	503	1479	252	108	6.04	0.00	-3.62	jump_ball	jumping	0	0	1024	3	7
137.006	1	505	1486	252	108	6.04	0.00	-3.62	jump_ball	jumping	0	0	1025	2	7
137.040	1	507	1494	252	108	6.04	0.00	-3.62	jump_ball	jumping	0	0	1026	2	8
137.071	1	509	1501	252	108	6.04	0.00	-3.62	jump_ball	jumping	0	0	1027	2	7
137.103	1	511	1506	252	108	6.04	0.00	-3.62	land	jumping	0	0	1029	0	0
137.132	1	510	1501	252	108	6.04	-1.07	-5.33	land	walking	0	0	1030	-1	-5
137.159	1	504	1474	252	108	6.04	-1.04	-6.26	land	walking	0	0	1031	-6	-27
137.191	1	503	1468	252	108	6.04	-1.12	-6.70	land	walking	0	0	1032	-1	-6
137.224	1	502	1462	252	108	6.04	-1.15	-6.93	land	walking	0	0	1033	-1	-6
137.258	1	501	1456	252	108	6.04	-1.17	-7.04	land	walking	0	0	1034	-1	-6
137.289	1	500	1450	252	108	6.04	-1.18	-7.09	land	walking	0	0	1035	-1	-6
137.320	1	499	1444	252	108	6.04	-1.19	-7.12	land	walking	0	0	1036	-1	-6
137.350	1	498	1438	252	108	6.04	-1.19	-7.14	land	walking	0	0	1037	-1	-6
137.381	1	497	1432	252	108	6.04	-1.19	-7.14	land	walking	0	0	1038	-1	-6
137.407	1	496	1426	252	108	6.04	-1.19	-7.15	land	walking	0	0	1039	-1	-6
137.441	1	495	1420	252	108	6.04	-1.19	-7.15	land	walking	0	0	1040	-1	-6
137.477	1	494	1414	252	108	6.04	-1.19	-7.15	land	walking	0	0	1041	-1	-6
137.505	1	493	1408	252	108	6.04	-1.19	-7.15	land	walking	0	0	1042	-1	-6
137.536	1	492	1402	252	108	6.04	-1.19	-7.15	idle	walking	0	0	1043	-1	-6
137.566	1	491	1396	252	108	6.04	-1.19	-7.15	idle	walking	0	0	1044	-1	-6
137.598	1	490	1390	252	108	6.04	-1.19	-7.15	idle	walking	0	0	1045	-1	-6
137.630	1	489	1384	252	108	6.04	-1.19	-7.15	idle	walking	0	0	1046	-1	-6
137.657	1	488	1378	252	108	6.04	-1.19	-7.15	idle	walking	0	0	1047	-1	-6
137.690	1	487	1372	252	108	6.04	-1.19	-7.15	idle	walking	0	0	1048	-1	-6
137.728	1	442	1360	252	108	6.04	-1.19	-7.15	idle	walking	0	0	1049	-45	-12
137.756	1	441	1354	252	108	6.04	-1.19	-7.15	idle	walking	0	0	1050	-1	-6
137.788	1	440	1348	252	108	6.04	-1.19	-7.15	idle	walking	0	0	1051	-1	-6
137.819	1	439	1342	252	108	6.04	-1.19	-7.15	idle	walking	0	0	1052	-1	-6
137.848	1	438	1336	252	108	6.04	-1.19	-7.15	idle	walking	0	0	1053	-1	-6
137.879	1	437	1330	252	108	6.04	-1.19	-7.15	idle	walking	0	0	1054	-1	-6
137.909	1	436	1324	252	108	6.04	-1.19	-7.15	idle	walking	0	0	1055	-1	-6
137.940	1	435	1318	252	108	6.04	-1.19	-7.15	idle	walking	0	0	1056	-1	-6
137.973	1	434	1312	252	108	6.04	-1.19	-7.15	idle	walking	0	0	1057	-1	-6
138.146	1	433	1306	252	108	6.04	-1.19	-7.15	idle	walking	0	0	1058	-1	-6
138.158	1	432	1300	252	108	6.04	-1.19	-7.15	idle	walking	0	0	1059	-1	-6
138.191	1	431	1294	252	108	6.04	-1.19	-7.15	idle	walking	0	0	1060	-1	-6
138.225	1	430	1288	252	108	6.04	-1.19	-7.15	idle	walking	0	0	1061	-1	-6
138.257	1	429	1282	252	108	6.04	-1.19	-7.15	idle	walking	0	0	1062	-1	-6
138.288	1	428	1276	252	108	6.04	-1.19	-7.15	idle	walking	0	0	1063	-1	-6
138.319	1	427	1270	252	108	6.04	-1.19	-7.15	idle	walking	0	0	1064	-1	-6
138.349	1	426	1264	252	108	6.04	-1.19	-7.15	idle	walking	0	0	1065	-1	-6
138.384	1	425	1258	252	108	6.04	-1.19	-7.15	idle	walking	0	0	1066	-1	-6
138.408	1	424	1252	252	108	6.04	-1.19	-7.15	idle	walking	0	0	1067	-1	-6
138.443	1	423	1253	252	108	6.04	-1.19	-7.15	jump_ball	jumping	0	0	1068	-1	1
138.475	1	426	1245	252	108	6.04	-1.19	-7.15	jump_ball	jumping	0	0	1069	3	-8
138.500	1	428	1239	252	108	6.04	-1.19	-7.15	jump_ball	jumping	0	0	1070	2	-6
138.538	1	432	1231	252	108	6.04	-1.19	-7.15	jump_ball	jumping	0	0	1071	4	-8
138.571	1	435	1224	252	108	6.04	-1.19	-7.15	jump_ball	jumping	0	0	1072	3	-7
138.601	1	437	1219	252	108	6.04	-1.19	-7.15	jump_ball	jumping	0	0	1073	2	-5
138.632	1	440	1214	252	108	6.04	-1.19	-7.15	jump_ball	jumping	0	0	1074	3	-5
138.657	1	442	1210	252	108	6.04	-1.19	-7.15	jump_ball	jumping	0	0	1075	2	-4
138.690	1	445	1205	252	108	6.04	-1.19	-7.15	jump_ball	jumping	0	0	1076	3	-5
138.724	1	448	1201	252	108	6.04	-1.19	-7.15	jump_ball	jumping	0	0	1077	3	-4
138.757	1	451	1198	252	108	6.04	-1.19	-7.15	jump_ball	jumping	0	0	1078	3	-3
138.788	1	454	1195	252	108	6.04	-1.19	-7.15	jump_ball	jumping	0	0	1079	3	-3
138.820	1	457	1193	252	108	6.04	-1.19	-7.15	jump_ball	jumping	0	0	1080	3	-2
138.851	1	460	1191	252	108	6.04	-1.19	-7.15	jump_ball	jumping	0	0	1081	3	-2
138.881	1	463	1190	252	108	6.04	-1.19	-7.15	jump_ball	jumping	0	0	1082	3	-1
138.907	1	465	1189	252	108	6.04	-1.19	-7.15	jump_ball	jumping	0	0	1083	2	-1
138.942	1	468	1189	252	108	6.04	-1.19	-7.15	jump_ball	jumping	0	0	1084	3	0
138.974	1	471	1189	252	108	6.04	-1.19	-7.15	jump_ball	jumping	0	0	1085	3	0
139.006	1	474	1190	252	108	6.04	-1.19	-7.15	jump_ball	jumping	0	0	1086	3	1
139.036	1	477	1191	252	108	6.04	-1.19	-7.15	jump_ball	jumping	0	0	1087	3	1
139.068	1	479	1193	252	108	6.04	-1.19	-7.15	jump_ball	jumping	0	0	1088	2	2
139.098	1	482	1195	252	108	6.04	-1.19	-7.15	jump_ball	jumping	0	0	1089	3	2
139.130	1	485	1197	252	108	6.04	-1.19	-7.15	jump_ball	jumping	0	0	1090	3	2
139.157	1	487	1200	252	108	6.04	-1.19	-7.15	jump_ball	jumping	0	0	1091	2	3
139.190	1	490	1204	252	108	6.04	-1.19	-7.15	jump_ball	jumping	0	0	1092	3	4
139.224	1	493	1208	252	108	6.04	-1.19	-7.15	jump_ball	jumping	0	0	1093	3	4
139.255	1	496	1213	252	108	6.04	-1.19	-7.15	jump_ball	jumping	0	0	1094	3	5
139.287	1	499	1218	252	108	6.04	-1.19	-7.15	jump_ball	jumping	0	0	1095	3	5
139.319	1	502	1224	252	108	6.04	-1.19	-7.15	jump_ball	jumping	0	0	1096	3	6
139.350	1	505	1230	252	108	6.04	-1.19	-7.15	jump_ball	jumping	0	0	1097	3	6
139.381	1	508	1236	252	108	6.04	-1.19	-7.15	jump_ball	jumping	0	0	1098	3	6
139.408	1	510	1242	252	108	6.04	-1.19	-7.15	jump_ball	jumping	0	0	1099	2	6
139.441	1	513	1250	252	108	6.04	-1.19	-7.15	jump_ball	jumping	0	0	1100	3	8
139.475	1	514	1252	252	108	6.04	-1.19	-7.15	land	jumping	0	0	1102	0	0
139.508	1	508	1225	252	108	6.04	-1.19	-7.15	land	walking	0	0	1103	-6	-27
139.537	1	507	1219	252	108	6.04	-1.19	-7.15	land	walking	0	0	1104	-1	-6
139.568	1	506	1213	252	108	6.04	-1.19	-7.15	land	walking	0	0	1105	-1	-6
139.599	1	505	1207	252	108	6.04	-1.19	-7.15	land	walking	0	0	1106	-1	-6
139.628	1	504	1201	252	108	6.04	-1.19	-7.15	land	walking	0	0	1107	-1	-6
139.657	1	503	1195	252	108	6.04	-1.19	-7.15	land	walking	0	0	1108	-1	-6
139.692	1	502	1189	252	108	6.04	-1.19	-7.15	land	walking	0	0	1109	-1	-6
139.724	1	501	1183	252	108	6.04	-1.19	-7.15	land	walking	0	0	1110	-1	-6
139.755	1	500	1177	252	108	6.04	-1.19	-7.15	land	walking	0	0	1111	-1	-6
139.786	1	499	1171	252	108	6.04	-1.19	-7.15	land	walking	0	0	1112	-1	-6
139.817	1	498	1165	252	108	6.04	-1.19	-7.15	land	walking	0	0	1113	-1	-6
139.847	1	497	1159	252	108	6.04	-1.19	-7.15	land	walking	0	0	1114	-1	-6
139.880	1	496	1153	252	108	6.04	-1.19	-7.15	idle	walking	0	0	1115	-1	-6
139.907	1	495	1147	252	108	6.04	-1.19	-7.15	idle	walking	0	0	1116	-1	-6
139.941	1	494	1141	252	108	6.04	-1.19	-7.15	idle	walking	0	0	1117	-1	-6
139.972	1	493	1135	252	108	6.04	-1.19	-7.15	idle	walking	0	0	1118	-1	-6
140.003	1	492	1129	252	108	6.04	-1.19	-7.15	idle	walking	0	0	1119	-1	-6
140.034	1	491	1123	252	108	6.04	-1.19	-7.15	idle	walking	0	0	1120	-1	-6
140.071	1	446	1111	252	108	6.04	-1.19	-7.15	idle	walking	0	0	1121	-45	-12
140.098	1	445	1105	252	108	6.04	-1.19	-7.15	idle	walking	0	0	1122	-1	-6
140.130	1	444	1099	252	108	6.04	-1.19	-7.15	idle	walking	0	0	1123	-1	-6
140.157	1	443	1093	252	108	6.04	-1.19	-7.15	idle	walking	0	0	1124	-1	-6
140.190	1	442	1087	252	108	6.04	-1.19	-7.15	idle	walking	0	0	1125	-1	-6
140.223	1	441	1081	252	108	6.04	-1.19	-7.15	idle	walking	0	0	1126	-1	-6
140.253	1	440	1075	252	108	6.04	-1.19	-7.15	idle	walking	0	0	1127	-1	-6
140.288	1	439	1069	252	108	6.04	-1.19	-7.15	idle	walking	0	0	1128	-1	-6
140.319	1	438	1063	252	108	6.04	-1.19	-7.15	idle	walking	0	0	1129	-1	-6
140.349	1	437	1057	252	108	6.04	-1.19	-7.15	idle	walking	0	0	1130	-1	-6
140.380	1	436	1051	252	108	6.04	-1.19	-7.15	idle	walking	0	0	1131	-1	-6
140.406	1	435	1045	252	108	6.04	-1.19	-7.15	idle	walking	0	0	1132	-1	-6
140.445	1	434	1039	252	108	6.04	-1.19	-7.15	idle	walking	0	0	1133	-1	-6
140.473	1	433	1033	252	108	6.04	-1.19	-7.15	idle	walking	0	0	1134	-1	-6
140.505	1	432	1027	252	108	6.04	-1.19	-7.15	idle	walking	0	0	1135	-1	-6
140.539	1	431	1021	252	108	6.04	-1.19	-7.15	idle	walking	0	0	1136	-1	-6
140.569	1	430	1015	252	108	6.04	-1.19	-7.15	idle	walking	0	0	1137	-1	-6
140.597	1	429	1009	252	108	6.04	-1.19	-7.15	idle	walking	0	0	1138	-1	-6
140.632	1	428	1003	252	108	6.04	-1.19	-7.15	idle	walking	0	0	1139	-1	-6
140.659	1	427	997	252	108	6.04	-1.19	-7.15	idle	walking	0	0	1140	-1	-6
140.691	1	426	991	252	108	6.04	-1.19	-7.15	idle	walking	0	0	1141	-1	-6
140.724	1	425	985	252	108	6.04	-1.19	-7.15	idle	walking	0	0	1142	-1	-6
140.758	1	424	979	252	108	6.04	-1.19	-7.15	idle	walking	0	0	1143	-1	-6
140.787	1	423	973	252	108	6.04	-1.19	-7.15	idle	walking	0	0	1144	-1	-6
140.823	1	422	967	252	108	6.04	-1.19	-7.15	idle	walking	0	0	1145	-1	-6
140.850	1	421	961	252	108	6.04	-1.19	-7.15	idle	walking	0	0	1146	-1	-6
140.881	1	420	955	252	108	6.04	-1.19	-7.15	idle	walking	0	0	1147	-1	-6
140.909	1	419	949	252	108	6.04	-1.19	-7.15	idle	walking	0	0	1148	-1	-6
140.941	1	418	943	252	108	6.04	-1.19	-7.15	idle	walking	0	0	1149	-1	-6
140.976	1	417	937	252	108	6.04	-1.19	-7.15	idle	walking	0	0	1150	-1	-6
141.147	1	416	931	252	108	6.04	-1.19	-7.15	idle	walking	0	0	1151	-1	-6
141.157	1	415	925	252	108	6.04	-1.19	-7.15	idle	walking	0	0	1152	-1	-6
141.192	1	414	919	252	108	6.04	-1.19	-7.15	idle	walking	0	0	1153	-1	-6
141.225	1	413	913	252	108	6.04	-1.19	-7.15	idle	walking	0	0	1154	-1	-6
141.254	1	412	907	252	108	6.04	-1.19	-7.15	idle	walking	0	0	1155	-1	-6
141.286	1	411	901	252	108	6.04	-1.19	-7.15	idle	walking	0	0	1156	-1	-6
141.319	1	410	895	252	108	6.04	-1.19	-7.15	idle	walking	0	0	1157	-1	-6
141.349	1	409	889	252	108	6.04	-1.19	-7.15	idle	walking	0	0	1158	-1	-6
141.385	1	408	883	252	108	6.04	-1.19	-7.15	idle	walking	0	0	1159	-1	-6
141.408	1	407	877	252	108	6.04	-1.19	-7.15	idle	walking	0	0	1160	-1	-6
141.444	1	406	871	252	108	6.04	-1.19	-7.15	idle	walking	0	0	1161	-1	-6
141.476	1	405	865	252	108	6.04	-1.19	-7.15	idle	walking	0	0	1162	-1	-6
141.505	1	404	859	252	108	6.04	-1.19	-7.15	idle	walking	0	0	1163	-1	-6
141.538	1	403	853	252	108	6.04	-1.19	-7.15	idle	walking	0	0	1164	-1	-6
141.570	1	402	847	252	108	6.04	-1.19	-7.15	idle	walking	0	0	1165	-1	-6
141.600	1	401	841	252	108	6.04	-1.19	-7.15	idle	walking	0	0	1166	-1	-6
141.630	1	400	835	252	108	6.04	-1.19	-7.15	idle	walking	0	0	1167	-1	-6
141.658	1	399	829	252	108	6.04	-1.19	-7.15	idle	walking	0	0	1168	-1	-6
141.690	1	398	823	252	108	6.04	-1.19	-7.15	idle	walking	0	0	1169	-1	-6
141.723	1	397	817	252	108	6.04	-1.19	-7.15	idle	walking	0	0	1170	-1	-6
141.758	1	396	811	252	108	6.04	-1.19	-7.15	idle	walking	0	0	1171	-1	-6
141.784	1	395	805	252	108	6.04	-1.19	-7.15	idle	walking	0	0	1172	-1	-6
141.817	1	394	799	252	108	6.04	-1.19	-7.15	idle	walking	0	0	1173	-1	-6
141.847	1	393	793	252	108	6.04	-1.19	-7.15	idle	walking	0	0	1174	-1	-6
141.879	1	392	787	252	108	6.04	-1.19	-7.15	idle	walking	0	0	1175	-1	-6
141.908	1	391	781	252	108	6.04	-1.19	-7.15	idle	walking	0	0	1176	-1	-6
141.943	1	390	775	252	108	6.04	-1.19	-7.15	idle	walking	0	0	1177	-1	-6
141.972	1	389	769	252	108	6.04	-1.19	-7.15	idle	walking	0	0	1178	-1	-6
142.003	1	388	763	252	108	6.04	-1.19	-7.15	idle	walking	0	0	1179	-1	-6
142.033	1	387	757	252	108	6.04	-1.19	-7.15	idle	walking	0	0	1180	-1	-6
142.066	1	386	751	252	108	6.04	-1.19	-7.15	idle	walking	0	0	1181	-1	-6
142.096	1	385	745	252	108	6.04	-1.19	-7.15	idle	walking	0	0	1182	-1	-6
142.130	1	384	739	252	108	6.04	-1.19	-7.15	idle	walking	0	0	1183	-1	-6
142.157	1	383	733	252	108	6.04	-1.19	-7.15	idle	walking	0	0	1184	-1	-6
142.189	1	382	727	252	108	6.04	-1.19	-7.15	idle	walking	0	0	1185	-1	-6
142.220	1	381	721	252	108	6.04	-1.19	-7.15	idle	walking	0	0	1186	-1	-6
142.253	1	380	715	252	108	6.04	-1.19	-7.15	idle	walking	0	0	1187	-1	-6
142.284	1	379	709	252	108	6.04	-1.19	-7.15	idle	walking	0	0	1188	-1	-6
142.320	1	378	703	252	108	6.04	-1.19	-7.15	idle	walking	0	0	1189	-1	-6
142.347	1	377	697	252	108	6.04	-1.19	-7.15	idle	walking	0	0	1190	-1	-6
142.377	1	376	691	252	108	6.04	-1.19	-7.15	idle	walking	0	0	1191	-1	-6
142.407	1	375	685	252	108	6.04	-1.19	-7.15	idle	walking	0	0	1192	-1	-6
142.441	1	374	679	252	108	6.04	-1.19	-7.15	idle	walking	0	0	1193	-1	-6
142.473	1	373	673	252	108	6.04	-1.19	-7.15	idle	walking	0	0	1194	-1	-6
142.505	1	372	667	252	108	6.04	-1.19	-7.15	idle	walking	0	0	1195	-1	-6
142.533	1	371	661	252	108	6.04	-1.19	-7.15	idle	walking	0	0	1196	-1	-6
142.563	1	370	655	252	108	6.04	-1.19	-7.15	idle	walking	0	0	1197	-1	-6
142.608	1	369	649	252	108	6.04	-1.19	-7.15	idle	walking	0	0	1198	-1	-6
142.640	1	368	643	252	108	6.04	-1.19	-7.15	idle	walking	0	0	1199	-1	-6
142.657	1	367	637	252	108	6.04	-1.19	-7.15	idle	walking	0	0	1200	-1	-6
142.692	1	413	637	252	108	6.04	-2.29	-6.88	walk_up	walking	0	0	1201	46	0
142.724	1	411	631	252	108	6.04	-2.29	-6.88	walk_up	walking	0	0	1202	-2	-6
142.757	1	409	625	252	108	6.04	-2.29	-6.88	walk_up	walking	0	0	1203	-2	-6
142.791	1	407	619	252	108	6.04	-2.29	-6.88	walk_up	walking	0	0	1204	-2	-6
142.824	1	405	613	252	108	6.04	-2.29	-6.88	walk_up	walking	0	0	1205	-2	-6
142.858	1	403	607	252	108	6.04	-2.29	-6.88	walk_up	walking	0	0	1206	-2	-6
142.887	1	401	601	252	108	6.04	-2.29	-6.88	walk_up	walking	0	0	1207	-2	-6
142.907	1	399	595	252	108	6.04	-2.29	-6.88	walk_up	walking	0	0	1208	-2	-6
142.940	1	397	589	252	108	6.04	-2.29	-6.88	walk_up	walking	0	0	1209	-2	-6
142.975	1	395	583	252	108	6.04	-2.29	-6.88	walk_up	walking	0	0	1210	-2	-6
143.008	1	393	577	252	108	6.04	-2.29	-6.88	walk_up	walking	0	0	1211	-2	-6
143.041	1	391	571	252	108	6.04	-2.29	-6.88	walk_up	walking	0	0	1212	-2	-6
143.074	1	389	565	252	108	6.04	-2.29	-6.88	walk_up	walking	0	0	1213	-2	-6
143.104	1	387	559	252	108	6.04	-2.29	-6.88	walk_up	walking	0	0	1214	-2	-6
143.135	1	385	553	252	108	6.04	-2.29	-6.88	walk_up	walking	0	0	1215	-2	-6
143.157	1	383	547	252	108	6.04	-2.29	-6.88	walk_up	walking	0	0	1216	-2	-6
143.191	1	381	541	252	108	6.04	-2.29	-6.88	walk_up	walking	0	0	1217	-2	-6
143.224	1	379	535	252	108	6.04	-2.29	-6.88	walk_up	walking	0	0	1218	-2	-6
143.259	1	377	529	252	108	6.04	-2.29	-6.88	walk_up	walking	0	0	1219	-2	-6
143.291	1	375	523	252	108	6.04	-2.29	-6.88	walk_up	walking	0	0	1220	-2	-6
143.326	1	373	517	252	108	6.04	-2.29	-6.88	walk_up	walking	0	0	1221	-2	-6
143.355	1	371	511	252	108	6.04	-2.29	-6.88	walk_up	walking	0	0	1222	-2	-6
143.386	1	369	505	252	108	6.04	-2.29	-6.88	walk_up	walking	0	0	1223	-2	-6
143.406	1	367	499	252	108	6.04	-2.29	-6.88	walk_up	walking	0	0	1224	-2	-6
143.443	1	365	493	252	108	6.04	-2.29	-6.88	walk_up	walking	0	0	1225	-2	-6
143.474	1	363	487	252	108	6.04	-2.29	-6.88	walk_up	walking	0	0	1226	-2	-6
143.507	1	361	481	252	108	6.04	-2.29	-6.88	walk_up	walking	0	0	1227	-2	-6
143.541	1	359	475	252	108	6.04	-2.29	-6.88	walk_up	walking	0	0	1228	-2	-6
143.573	1	357	469	252	108	6.04	-2.29	-6.88	walk_up	walking	0	0	1229	-2	-6
143.603	1	355	463	252	108	6.04	-2.29	-6.88	walk_up	walking	0	0	1230	-2	-6
143.635	1	353	457	252	108	6.04	-2.29	-6.88	walk_up	walking	0	0	1231	-2	-6
143.658	1	351	451	252	108	6.04	-2.29	-6.88	walk_up	walking	0	0	1232	-2	-6
143.691	1	349	445	252	108	6.04	-2.29	-6.88	walk_up	walking	0	0	1233	-2	-6
143.724	1	347	439	252	108	6.04	-2.29	-6.88	walk_up	walking	0	0	1234	-2	-6
143.757	1	345	433	252	108	6.04	-2.29	-6.88	walk_up	walking	0	0	1235	-2	-6
143.791	1	343	427	252	108	6.04	-2.29	-6.88	walk_up	walking	0	0	1236	-2	-6
143.823	1	341	421	252	108	6.04	-2.29	-6.88	walk_up	walking	0	0	1237	-2	-6
143.854	1	339	415	252	108	6.04	-2.29	-6.88	walk_up	walking	0	0	1238	-2	-6
143.875	1	337	409	252	108	6.04	-2.29	-6.88	walk_up	walking	0	0	1239	-2	-6
143.908	1	335	403	252	108	6.04	-2.29	-6.88	walk_up	walking	0	0	1240	-2	-6
143.940	1	333	397	252	108	6.04	-2.29	-6.88	walk_up	walking	0	0	1241	-2	-6
143.975	1	331	391	252	108	6.04	-2.29	-6.88	walk_up	walking	0	0	1242	-2	-6
144.150	1	329	385	252	108	6.04	-2.29	-6.88	walk_up	walking	0	0	1243	-2	-6
144.157	1	327	379	252	108	6.04	-2.29	-6.88	walk_up	walking	0	0	1244	-2	-6
144.191	1	325	373	252	108	6.04	-2.29	-6.88	walk_up	walking	0	0	1245	-2	-6
144.225	1	323	367	252	108	6.04	-2.29	-6.88	walk_up	walking	0	0	1246	-2	-6
144.257	1	321	361	252	108	6.04	-2.29	-6.88	walk_up	walking	0	0	1247	-2	-6
144.288	1	319	355	252	108	6.04	-2.29	-6.88	walk_up	walking	0	0	1248	-2	-6
144.351	1	317	349	252	108	6.04	-2.29	-6.88	walk_up	walking	0	0	1249	-2	-6
144.383	1	315	343	252	108	6.04	-2.29	-6.88	walk_up	walking	0	0	1250	-2	-6
144.407	1	313	337	252	108	6.04	-2.29	-6.88	walk_up	walking	0	0	1251	-2	-6
144.441	1	311	331	252	108	6.04	-2.29	-6.88	walk_up	walking	0	0	1252	-2	-6
144.475	1	309	325	252	108	6.04	-2.29	-6.88	walk_up	walking	0	0	1253	-2	-6
144.507	1	307	319	252	108	6.04	-2.29	-6.88	walk_up	walking	0	0	1254	-2	-6
144.531	1	305	313	252	108	6.04	-2.29	-6.88	walk_up	walking	0	0	1255	-2	-6
144.572	1	303	307	252	108	6.04	-2.29	-6.88	walk_up	walking	0	0	1256	-2	-6
144.602	1	302	301	252	108	6.04	-1.19	-7.15	walk_up	walking	0	0	1257	-1	-6
144.632	1	300	295	252	108	6.04	-2.29	-6.88	walk_up	walking	0	0	1258	-2	-6
144.660	1	298	289	252	108	6.04	-2.29	-6.88	walk_up	walking	0	0	1259	-2	-6
144.690	1	297	283	252	108	6.04	-1.19	-7.15	walk_up	walking	0	0	1260	-1	-6
144.724	1	295	277	252	108	6.04	-2.29	-6.88	walk_up	walking	0	0	1261	-2	-6
144.758	1	294	271	252	108	6.04	-1.19	-7.15	walk_up	walking	0	0	1262	-1	-6
144.788	1	292	265	252	108	6.04	-2.29	-6.88	walk_up	walking	0	0	1263	-2	-6
144.820	1	291	259	252	108	6.04	-1.19	-7.15	walk_up	walking	0	0	1264	-1	-6
144.850	1	289	253	252	108	6.04	-2.29	-6.88	walk_up	walking	0	0	1265	-2	-6
144.881	1	288	247	252	108	6.04	-1.19	-7.15	walk_up	walking	0	0	1266	-1	-6
144.906	1	286	241	252	108	6.04	-2.29	-6.88	walk_up	walking	0	0	1267	-2	-6
144.942	1	285	235	252	108	6.04	-1.19	-7.15	walk_up	walking	0	0	1268	-1	-6
144.974	1	283	229	252	108	6.04	-2.29	-6.88	walk_up	walking	0	0	1269	-2	-6
145.006	1	282	223	252	108	6.04	-1.19	-7.15	walk_up	walking	0	0	1270	-1	-6
145.038	1	280	217	252	108	6.04	-2.29	-6.88	walk_up	walking	0	0	1271	-2	-6
145.068	1	278	211	252	108	6.04	-2.29	-6.88	walk_up	walking	0	0	1272	-2	-6
145.100	1	277	205	252	108	6.04	-1.19	-7.15	walk_up	walking	0	0	1273	-1	-6
145.132	1	275	199	252	108	6.04	-2.29	-6.88	walk_up	walking	0	0	1274	-2	-6
145.157	1	274	193	252	108	6.04	-1.07	-6.44	walk_up	walking	0	0	1275	-1	-6
145.191	1	272	187	252	108	6.04	-1.95	-5.85	walk_up	walking	0	0	1276	-2	-6
145.223	1	271	181	252	108	6.04	-0.98	-5.90	walk_up	walking	0	0	1277	-1	-6
145.254	1	270	175	252	108	6.04	-0.97	-5.81	walk_up	walking	0	0	1278	-1	-6
145.283	1	268	169	252	108	6.04	-1.85	-5.54	walk_up	walking	0	0	1279	-2	-6
145.314	1	267	163	252	108	6.04	-0.96	-5.74	walk_up	walking	0	0	1280	-1	-6
145.344	1	265	157	252	108	6.04	-1.84	-5.51	walk_up	walking	0	0	1281	-2	-6
145.377	1	264	151	252	108	6.04	-0.95	-5.73	walk_up	walking	0	0	1282	-1	-6
145.408	1	262	145	252	108	6.04	-1.94	-5.82	walk_up	walking	0	0	1283	-2	-6
145.439	1	260	139	252	108	6.04	-1.85	-5.55	walk_up	walking	0	0	1284	-2	-6
145.469	1	259	134	252	108	6.04	-1.03	-5.14	walk_up	walking	0	0	1285	-1	-5
145.501	0	258	130	252	108	6.04	0.00	0.00	look_up	walking	1	0	1286	-1	-4
145.532	0	258	130	252	108	6.04	0.00	0.00	look_up	performing	1	0	1286	-1	-4
145.563	0	258	130	252	108	6.04	0.00	0.00	look_up	performing	1	0	1286	-1	-4
145.594	0	258	130	252	108	6.04	0.00	0.00	look_up	performing	1	0	1286	-1	-4
145.627	0	258	130	252	108	6.04	0.00	0.00	look_up	performing	1	0	1286	-1	-4
145.656	0	258	130	252	108	6.04	0.00	0.00	look_up	performing	1	0	1286	-1	-4
145.691	0	259	131	252	108	6.04	0.00	0.00	look_up	performing	1	0	1286	-1	-4
145.719	0	259	131	252	108	6.04	0.00	0.00	look_up	performing	1	0	1286	-1	-4
145.750	0	259	131	252	108	6.04	0.00	0.00	look_up	performing	1	0	1286	-1	-4
145.781	0	259	131	252	108	6.04	0.00	0.00	look_up	performing	1	0	1286	-1	-4
145.812	0	259	131	252	108	6.04	0.00	0.00	look_up	performing	1	0	1286	-1	-4
145.857	0	259	131	252	108	6.04	0.00	0.00	look_up	performing	1	0	1286	-1	-4
145.891	0	259	131	252	108	6.04	0.00	0.00	look_up	performing	1	0	1286	-1	-4
145.922	0	259	131	252	108	6.04	0.00	0.00	look_up	performing	1	0	1286	-1	-4
145.958	0	259	131	252	108	6.04	0.00	0.00	look_up	performing	1	0	1286	-1	-4
145.989	0	259	131	252	108	6.04	0.00	0.00	look_up	performing	1	0	1286	-1	-4
146.022	0	259	131	252	108	6.04	0.00	0.00	look_up	performing	1	0	1286	-1	-4
146.055	0	259	131	252	108	6.04	0.00	0.00	look_up	performing	1	0	1286	-1	-4
146.079	0	259	131	252	108	6.04	0.00	0.00	look_up	performing	1	0	1286	-1	-4
146.193	0	259	131	252	108	6.04	0.00	0.00	look_up	performing	1	0	1286	-1	-4
146.222	0	259	131	252	108	6.04	0.00	0.00	look_up	performing	1	0	1286	-1	-4
146.249	0	259	131	252	108	6.04	0.00	0.00	look_up	performing	1	0	1286	-1	-4
146.281	0	259	131	252	108	6.04	0.00	0.00	walk_left	performing	0	0	1286	-1	-4
146.324	0	259	131	252	108	6.04	0.00	0.00	walk_left	performing	0	0	1286	-1	-4
146.357	0	259	131	252	108	6.04	0.00	0.00	walk_left	performing	0	0	1286	-1	-4
146.389	0	259	131	252	108	6.04	0.00	0.00	walk_left	performing	0	0	1286	-1	-4
146.406	0	259	131	252	108	6.04	0.00	0.00	walk_left	performing	0	0	1286	-1	-4
146.439	0	259	131	252	108	6.04	0.00	0.00	walk_left	performing	0	0	1286	-1	-4
146.473	0	210	124	252	108	6.04	0.00	0.00	idle	performing	0	0	1286	-1	-4
146.507	0	210	124	252	108	6.04	0.00	0.00	idle	performing	0	0	1286	-1	-4
146.540	0	210	124	252	108	6.04	0.00	0.00	idle	performing	0	0	1286	-1	-4
146.573	0	210	124	252	108	6.04	0.00	0.00	idle	performing	0	0	1286	-1	-4
146.604	0	210	124	252	108	6.04	0.00	0.00	idle	performing	0	0	1286	-1	-4
146.625	0	210	124	252	108	6.04	0.00	0.00	idle	performing	0	0	1286	-1	-4
146.657	0	210	124	252	108	6.04	0.00	0.00	idle	performing	0	0	1286	-1	-4
146.689	0	210	124	252	108	6.04	0.00	0.00	idle	performing	0	0	1286	-1	-4
146.723	0	210	124	252	108	6.04	0.00	0.00	idle	performing	0	0	1286	-1	-4
146.756	0	210	124	252	108	6.04	0.00	0.00	idle	performing	0	0	1286	-1	-4
146.789	0	210	124	252	108	6.04	0.00	0.00	idle	performing	0	0	1286	-1	-4
146.821	0	210	124	252	108	6.04	0.00	0.00	idle	performing	0	0	1286	-1	-4
146.842	0	210	124	252	108	6.04	0.00	0.00	idle	performing	0	0	1286	-1	-4
146.881	0	210	124	252	108	6.04	0.00	0.00	idle	performing	0	0	1286	-1	-4
146.906	0	210	124	252	108	6.04	0.00	0.00	idle	performing	0	0	1286	-1	-4
146.940	0	210	124	252	108	6.04	0.00	0.00	idle	performing	0	0	1286	-1	-4
146.975	0	210	124	252	108	6.04	0.00	0.00	idle	performing	0	0	1286	-1	-4
147.115	0	210	124	252	108	6.04	0.00	0.00	idle	performing	0	0	1286	-1	-4
147.130	0	210	124	252	108	6.04	0.00	0.00	idle	performing	0	0	1286	-1	-4
147.155	0	210	124	252	108	6.04	0.00	0.00	idle	performing	0	0	1286	-1	-4
147.189	0	210	124	252	108	6.04	0.00	0.00	idle	performing	0	0	1286	-1	-4
147.223	0	210	124	252	108	6.04	0.00	0.00	idle	performing	0	0	1286	-1	-4
147.253	0	210	124	252	108	6.04	0.00	0.00	idle	performing	0	0	1286	-1	-4
147.284	0	210	124	252	108	6.04	0.00	0.00	idle	performing	0	0	1286	-1	-4
147.314	0	210	124	252	108	6.04	0.00	0.00	idle	performing	0	0	1286	-1	-4
147.346	0	210	124	252	108	6.04	0.00	0.00	idle	performing	0	0	1286	-1	-4
147.376	0	210	124	252	108	6.04	0.00	0.00	idle	performing	0	0	1286	-1	-4
147.406	0	210	124	252	108	6.04	0.00	0.00	idle	performing	0	0	1286	-1	-4
147.438	0	210	124	252	108	6.04	0.00	0.00	idle	performing	0	0	1286	-1	-4
147.468	0	210	124	252	108	6.04	0.00	0.00	idle	performing	0	0	1286	-1	-4
147.498	0	210	124	252	108	6.04	0.00	0.00	idle	performing	0	0	1286	-1	-4
147.539	0	210	124	252	108	6.04	0.00	0.00	idle	performing	0	0	1286	-1	-4
147.572	0	210	124	252	108	6.04	0.00	0.00	idle	performing	0	0	1286	-1	-4
147.606	0	210	124	252	108	6.04	0.00	0.00	idle	performing	0	0	1286	-1	-4
147.638	0	210	124	252	108	6.04	0.00	0.00	idle	performing	0	0	1286	-1	-4
147.655	0	210	124	252	108	6.04	0.00	0.00	idle	performing	0	0	1286	-1	-4
147.690	0	210	124	252	108	6.04	0.00	0.00	idle	performing	0	0	1286	-1	-4
147.776	0	210	124	252	108	6.04	0.00	0.00	idle	performing	0	0	1286	-1	-4
147.821	0	210	124	252	108	6.04	0.00	0.00	idle	performing	0	0	1286	-1	-4
147.847	0	210	124	252	108	6.04	0.00	0.00	idle	performing	0	0	1286	-1	-4
147.874	0	210	124	252	108	6.04	0.00	0.00	idle	performing	0	0	1286	-1	-4
147.908	0	210	124	252	108	6.04	0.00	0.00	idle	performing	0	0	1286	-1	-4
147.940	0	210	124	252	108	6.04	0.00	0.00	idle	performing	0	0	1286	-1	-4
147.974	0	210	124	252	108	6.04	0.00	0.00	idle	performing	0	0	1286	-1	-4
148.012	0	210	124	252	108	6.04	0.00	0.00	idle	performing	0	0	1286	-1	-4
148.040	0	210	124	252	108	6.04	0.00	0.00	idle	performing	0	0	1286	-1	-4
148.071	0	210	124	252	108	6.04	0.00	0.00	idle	performing	0	0	1286	-1	-4
148.107	0	210	124	252	108	6.04	0.00	0.00	idle	performing	0	0	1286	-1	-4
148.133	0	210	124	252	108	6.04	0.00	0.00	idle	performing	0	0	1286	-1	-4
148.156	0	210	124	252	108	6.04	0.00	0.00	idle	performing	0	0	1286	-1	-4
148.190	0	210	124	252	108	6.04	0.00	0.00	idle	performing	0	0	1286	-1	-4
148.224	0	210	124	252	108	6.04	0.00	0.00	idle	performing	0	0	1286	-1	-4
148.256	0	210	124	252	108	6.04	0.00	0.00	idle	performing	0	0	1286	-1	-4
148.291	0	210	124	252	108	6.04	0.00	0.00	idle	performing	0	0	1286	-1	-4
148.321	0	210	124	252	108	6.04	0.00	0.00	idle	performing	0	0	1286	-1	-4
148.350	0	210	124	252	108	6.04	0.00	0.00	idle	performing	0	0	1286	-1	-4
148.374	0	210	124	252	108	6.04	0.00	0.00	idle	performing	0	0	1286	-1	-4
148.409	0	210	124	252	108	6.04	0.00	0.00	idle	performing	0	0	1286	-1	-4
148.440	0	210	124	252	108	6.04	0.00	0.00	idle	performing	0	0	1286	-1	-4
148.473	0	210	124	252	108	6.04	0.00	0.00	idle	performing	0	0	1286	-1	-4
148.506	0	210	124	252	108	6.04	0.00	0.00	idle	performing	0	0	1286	-1	-4
148.540	0	210	124	252	108	6.04	0.00	0.00	idle	performing	0	0	1286	-1	-4
148.569	0	210	124	252	108	6.04	0.00	0.00	idle	performing	0	0	1286	-1	-4
148.599	0	210	124	252	108	6.04	0.00	0.00	idle	performing	0	0	1286	-1	-4
148.630	0	210	124	252	108	6.04	0.00	0.00	idle	performing	0	0	1286	-1	-4
148.657	0	210	124	252	108	6.04	0.00	0.00	idle	performing	0	0	1286	-1	-4
148.690	0	210	124	252	108	6.04	0.00	0.00	idle	performing	0	0	1286	-1	-4
148.724	0	210	124	252	108	6.04	0.00	0.00	idle	performing	0	0	1286	-1	-4
148.757	0	210	124	252	108	6.04	0.00	0.00	idle	performing	0	0	1286	-1	-4
148.787	0	210	124	252	108	6.04	0.00	0.00	idle	performing	0	0	1286	-1	-4
148.816	0	210	124	252	108	6.04	0.00	0.00	idle	performing	0	0	1286	-1	-4
148.847	0	210	124	252	108	6.04	0.00	0.00	idle	performing	0	0	1286	-1	-4
148.879	0	210	124	252	108	6.04	0.00	0.00	idle	performing	0	0	1286	-1	-4
148.906	0	210	124	252	108	6.04	0.00	0.00	idle	performing	0	0	1286	-1	-4
148.941	0	210	124	252	108	6.04	0.00	0.00	idle	performing	0	0	1286	-1	-4
148.972	0	210	124	252	108	6.04	0.00	0.00	idle	performing	0	0	1286	-1	-4
149.002	0	210	124	252	108	6.04	0.00	0.00	idle	performing	0	0	1286	-1	-4
149.035	0	210	124	252	108	6.04	0.00	0.00	idle	performing	0	0	1286	-1	-4
149.066	0	210	124	252	108	6.04	0.00	0.00	idle	performing	0	0	1286	-1	-4
149.097	0	210	124	252	108	6.04	0.00	0.00	idle	performing	0	0	1286	-1	-4
149.127	0	210	124	252	108	6.04	0.00	0.00	idle	performing	0	0	1286	-1	-4
149.157	0	210	124	252	108	6.04	0.00	0.00	idle	performing	0	0	1286	-1	-4
149.189	0	210	124	252	108	6.04	0.00	0.00	idle	performing	0	0	1286	-1	-4
149.221	0	210	124	252	108	6.04	0.00	0.00	idle	performing	0	0	1286	-1	-4
149.250	0	210	124	252	108	6.04	0.00	0.00	idle	performing	0	0	1286	-1	-4
149.282	0	210	124	252	108	6.04	0.00	0.00	idle	performing	0	0	1286	-1	-4
149.313	0	210	124	252	108	6.04	0.00	0.00	idle	performing	0	0	1286	-1	-4
149.346	0	210	124	252	108	6.04	0.00	0.00	idle	performing	0	0	1286	-1	-4
149.373	0	210	124	252	108	6.04	0.00	0.00	idle	performing	0	0	1286	-1	-4
149.406	0	210	124	252	108	6.04	0.00	0.00	idle	performing	0	0	1286	-1	-4
149.438	0	210	124	252	108	6.04	0.00	0.00	idle	performing	0	0	1286	-1	-4
149.470	0	210	124	252	108	6.04	0.00	0.00	idle	performing	0	0	1286	-1	-4
149.501	0	210	124	252	108	6.04	0.00	0.00	idle	performing	0	0	1286	-1	-4
149.532	0	210	124	252	108	6.04	0.00	0.00	idle	performing	0	0	1286	-1	-4
149.563	0	210	124	252	108	6.04	0.00	0.00	idle	performing	0	0	1286	-1	-4
149.594	0	210	124	252	108	6.04	0.00	0.00	idle	performing	0	0	1286	-1	-4
149.626	0	210	124	252	108	6.04	0.00	0.00	idle	performing	0	0	1286	-1	-4
149.657	0	210	124	252	108	6.04	0.00	0.00	idle	performing	0	0	1286	-1	-4
149.688	0	210	124	252	108	6.04	0.00	0.00	idle	performing	0	0	1286	-1	-4
149.719	0	210	124	252	108	6.04	0.00	0.00	idle	performing	0	0	1286	-1	-4
149.756	0	210	124	252	108	6.04	0.00	0.00	idle	performing	0	0	1286	-1	-4
149.789	0	210	124	252	108	6.04	0.00	0.00	idle	performing	0	0	1286	-1	-4
149.823	0	210	124	252	108	6.04	0.00	0.00	idle	performing	0	0	1286	-1	-4
149.856	0	210	124	252	108	6.04	0.00	0.00	idle	performing	0	0	1286	-1	-4
149.887	0	210	124	252	108	6.04	0.00	0.00	idle	performing	0	0	1286	-1	-4
149.906	0	210	124	252	108	6.04	0.00	0.00	idle	performing	0	0	1286	-1	-4
149.940	0	210	124	252	108	6.04	0.00	0.00	idle	performing	0	0	1286	-1	-4
149.974	0	210	124	252	108	6.04	0.00	0.00	idle	performing	0	0	1286	-1	-4
# END	150.205	move_calls=1286 zero=7 nonzero=1278 mode=legacy
