frame,t,wx,wy,ww,wh,anim,dir,moving,falling,sleeping,swalk,spd,tx,ty,spdx,spdy
0,1.580,2439,1389,42,82,walk_down,down,True,False,False,False,4.713326734799013,2433,1492,0.000000,1.649664
1,2.072,2438,1410,42,82,walk_down,down,True,False,False,False,4.713326734799013,2433,1492,0.000000,2.643329
2,2.568,2436,1442,42,82,walk_down,down,True,False,False,False,4.713326734799013,2433,1492,0.000000,2.639464
3,3.158,2387,1459,138,94,idle,down,False,False,False,False,4.713326734799013,2433,1492,0.000000,0.000000
4,3.573,2387,1459,138,94,idle,down,False,False,False,False,4.713326734799013,2433,1492,0.000000,0.000000
5,4.070,2387,1459,138,94,idle,down,False,False,False,False,4.713326734799013,2433,1492,0.000000,0.000000
6,4.568,2387,1459,138,94,idle,down,False,False,False,False,4.713326734799013,2433,1492,0.000000,0.000000
7,5.075,2387,1459,138,94,idle,down,False,False,False,False,4.713326734799013,2433,1492,0.000000,0.000000
8,5.571,2387,1459,138,94,idle,down,False,False,False,False,4.713326734799013,2433,1492,0.000000,0.000000
9,6.220,2387,1459,138,94,idle,down,False,False,False,False,4.713326734799013,2433,1492,0.000000,0.000000
10,6.567,2387,1459,138,94,idle,down,False,False,False,False,4.713326734799013,2433,1492,0.000000,0.000000
11,7.068,2387,1459,138,94,idle,down,False,False,False,False,4.713326734799013,2433,1492,0.000000,0.000000
12,7.572,2387,1459,138,94,idle,down,False,False,False,False,4.713326734799013,2433,1492,0.000000,0.000000
13,8.072,2387,1459,138,94,idle,down,False,False,False,False,4.713326734799013,2433,1492,0.000000,0.000000
14,8.574,2387,1459,138,94,idle,down,False,False,False,False,4.713326734799013,2433,1492,0.000000,0.000000
15,9.181,2387,1459,138,94,idle,down,False,False,False,False,4.713326734799013,2433,1492,0.000000,0.000000
16,9.567,2387,1459,138,94,idle,down,False,False,False,False,4.713326734799013,2433,1492,0.000000,0.000000
17,10.067,2403,1445,38,80,walk_left,left,True,False,False,False,4.713326734799013,290,152,-2.744872,-1.829915
18,10.640,2367,1423,38,80,walk_left,left,True,False,False,False,4.713326734799013,290,152,-2.745207,-1.830138
19,11.074,2336,1404,38,80,walk_left,left,True,False,False,False,4.713326734799013,290,152,-2.745207,-1.830138
20,11.568,2299,1382,38,80,walk_left,left,True,False,False,False,4.713326734799013,290,152,-3.130018,-1.043339
21,12.171,2268,1363,38,80,walk_left,left,True,False,False,False,4.713326734799013,290,152,-3.130018,-1.043339
22,12.573,2243,1347,38,80,walk_left,left,True,False,False,False,4.713326734799013,290,152,-2.745207,-1.830138
23,13.075,2206,1325,38,80,walk_left,left,True,False,False,False,4.713326734799013,290,152,-3.130018,-1.043339
24,13.574,2170,1302,38,80,walk_left,left,True,False,False,False,4.713326734799013,290,152,-2.745207,-1.830138
25,14.070,2133,1280,38,80,walk_left,left,True,False,False,False,4.713326734799013,290,152,-2.745207,-1.830138
26,14.568,2097,1258,38,80,walk_left,left,True,False,False,False,4.713326734799013,290,152,-2.951009,-1.475505
27,15.142,2066,1239,38,80,walk_left,left,True,False,False,False,4.713326734799013,290,152,-2.951009,-1.475505
28,15.573,2037,1221,38,80,walk_left,left,True,False,False,False,4.713326734799013,290,152,-2.745207,-1.830138
29,16.069,2001,1199,38,80,walk_left,left,True,False,False,False,4.713326734799013,290,152,-2.745207,-1.830138
30,16.574,1959,1174,42,82,walk_left,left,True,False,False,False,4.713326734799013,290,152,-2.745207,-1.830138
31,17.069,1925,1152,38,80,walk_left,left,True,False,False,False,4.713326734799013,290,152,-2.745207,-1.830138
32,17.574,1885,1128,38,80,walk_left,left,True,False,False,False,4.713326734799013,290,152,-2.745207,-1.830138
33,18.108,1853,1108,42,82,walk_up,up,True,False,False,False,4.713326734799013,290,152,-2.332978,-2.332978
34,18.575,1824,1090,38,80,walk_up,up,True,False,False,False,4.713326734799013,290,152,-2.332978,-2.332978
35,19.076,1795,1073,38,80,walk_left,left,True,False,False,False,4.713326734799013,290,152,-2.745207,-1.830138
36,19.567,1762,1053,42,82,walk_left,left,True,False,False,False,4.713326734799013,290,152,-2.745207,-1.830138
37,20.069,1734,1035,38,80,walk_up,up,True,False,False,False,4.713326734799013,290,152,-2.332978,-2.332978
38,20.567,1700,1015,38,80,walk_left,left,True,False,False,False,4.713326734799013,290,152,-3.130018,-1.043339
39,21.118,1683,1004,38,80,walk_left,left,True,False,False,False,4.713326734799013,290,152,-2.745207,-1.830138
40,21.575,1647,983,42,82,walk_left,left,True,False,False,False,4.713326734799013,290,152,-3.130018,-1.043339
41,22.075,1613,961,38,80,walk_up,up,True,False,False,False,4.713326734799013,290,152,-2.332978,-2.332978
42,22.573,1576,939,38,80,walk_left,left,True,False,False,False,4.713326734799013,290,152,-2.745207,-1.830138
43,23.073,1539,917,38,80,walk_left,left,True,False,False,False,4.713326734799013,290,152,-3.130018,-1.043339
44,23.568,1501,893,42,82,walk_left,left,True,False,False,False,4.713326734799013,290,152,-2.745207,-1.830138
45,24.177,1472,875,38,80,walk_left,left,True,False,False,False,4.713326734799013,290,152,-2.745207,-1.830138
46,24.569,1446,860,38,80,walk_left,left,True,False,False,False,4.713326734799013,290,152,-3.130018,-1.043339
47,25.072,1407,836,38,80,walk_left,left,True,False,False,False,4.713326734799013,290,152,-3.130018,-1.043339
48,25.567,1373,815,38,80,walk_left,left,True,False,False,False,4.713326734799013,290,152,-2.745207,-1.830138
49,26.069,1330,788,38,80,walk_left,left,True,False,False,False,4.713326734799013,290,152,-4.517429,-3.388072
50,26.567,1278,756,38,80,walk_left,left,True,False,False,False,4.713326734799013,290,152,-4.524793,-3.393595
51,27.190,1234,729,38,80,walk_left,left,True,False,False,False,4.713326734799013,290,152,-4.524794,-3.393595
52,27.569,1197,707,38,80,walk_left,left,True,False,False,False,4.713326734799013,290,152,-4.524794,-3.393595
53,28.074,1145,675,38,80,walk_left,left,True,False,False,False,4.713326734799013,290,152,-4.524794,-3.393595
54,28.570,1093,643,38,80,walk_left,left,True,False,False,False,4.713326734799013,290,152,-4.524794,-3.393595
55,29.068,1037,609,38,80,walk_left,left,True,False,False,False,4.713326734799013,290,152,-5.058873,-2.529437
56,29.575,980,574,38,80,walk_left,left,True,False,False,False,4.713326734799013,290,152,-4.524794,-3.393595
57,30.166,936,547,38,80,walk_left,left,True,False,False,False,4.713326734799013,290,152,-4.524794,-3.393595
58,30.566,896,523,38,80,walk_left,left,True,False,False,False,4.713326734799013,290,152,-5.058873,-2.529437
59,31.067,840,488,38,80,walk_left,left,True,False,False,False,4.713326734799013,290,152,-4.524794,-3.393595
60,31.944,783,454,38,80,walk_left,left,True,False,False,False,4.713326734799013,290,152,-5.058873,-2.529437
61,32.068,783,454,38,80,walk_left,left,True,False,False,False,4.713326734799013,290,152,-5.058873,-2.529437
62,32.576,727,419,38,80,walk_left,left,True,False,False,False,4.713326734799013,290,152,-4.524794,-3.393595
63,33.113,683,392,38,80,walk_left,left,True,False,False,False,4.713326734799013,290,152,-4.524794,-3.393595
64,33.570,639,365,38,80,walk_left,left,True,False,False,False,4.713326734799013,290,152,-4.524794,-3.393595
65,34.075,582,331,38,80,walk_left,left,True,False,False,False,4.713326734799013,290,152,-5.058873,-2.529437
66,34.567,530,299,38,80,walk_left,left,True,False,False,False,4.713326734799013,290,152,-5.058873,-2.529437
67,35.076,474,264,38,80,walk_left,left,True,False,False,False,4.713326734799013,290,152,-4.524794,-3.393595
68,35.575,421,233,38,80,walk_left,left,True,False,False,False,4.713326734799013,290,152,-5.058873,-2.529437
69,36.197,373,203,38,80,walk_left,left,True,False,False,False,4.713326734799013,290,152,-5.058873,-2.529437
70,36.569,342,184,38,80,walk_left,left,True,False,False,False,4.713326734799013,290,152,-4.051051,-2.025525
71,37.076,311,165,40,80,look_up,left,False,False,False,False,4.713326734799013,290,152,0.000000,0.000000
72,37.574,311,165,40,80,look_up,left,False,False,False,False,4.713326734799013,290,152,0.000000,0.000000
73,38.068,262,158,138,94,idle,left,False,False,False,False,4.713326734799013,290,152,0.000000,0.000000
74,38.575,262,158,138,94,idle,left,False,False,False,False,4.713326734799013,290,152,0.000000,0.000000
75,39.107,262,158,138,94,idle,left,False,False,False,False,4.713326734799013,290,152,0.000000,0.000000
76,39.574,262,158,138,94,idle,left,False,False,False,False,4.713326734799013,290,152,0.000000,0.000000
77,40.071,262,158,138,94,idle,left,False,False,False,False,4.713326734799013,290,152,0.000000,0.000000
78,40.570,262,158,138,94,idle,left,False,False,False,False,4.713326734799013,290,152,0.000000,0.000000
79,41.074,262,158,138,94,idle,left,False,False,False,False,4.713326734799013,290,152,0.000000,0.000000
80,41.626,262,158,138,94,idle,left,False,False,False,False,4.713326734799013,290,152,0.000000,0.000000
81,42.111,262,158,138,94,idle,left,False,False,False,False,4.713326734799013,290,152,0.000000,0.000000
82,42.573,262,158,138,94,idle,left,False,False,False,False,4.713326734799013,290,152,0.000000,0.000000
83,43.072,262,158,138,94,idle,left,False,False,False,False,4.713326734799013,290,152,0.000000,0.000000
84,43.572,262,158,138,94,idle,left,False,False,False,False,4.713326734799013,290,152,0.000000,0.000000
85,44.072,262,158,138,94,idle,left,False,False,False,False,4.713326734799013,290,152,0.000000,0.000000
86,44.567,262,158,138,94,idle,left,False,False,False,False,4.713326734799013,290,152,0.000000,0.000000
87,45.118,262,158,138,94,idle,left,False,False,False,False,4.713326734799013,290,152,0.000000,0.000000
88,45.574,262,158,138,94,idle,left,False,False,False,False,4.713326734799013,290,152,0.000000,0.000000
89,46.071,262,158,138,94,idle,left,False,False,False,False,4.713326734799013,290,152,0.000000,0.000000
90,46.589,311,162,42,82,walk_up,up,True,False,False,False,4.713326734799013,342,-3,1.159325,-2.318650
91,47.075,321,112,42,82,walk_up,up,True,False,False,False,4.713326734799013,342,-3,1.257158,-5.028630
92,47.570,331,55,42,82,walk_up,up,True,False,False,False,4.713326734799013,342,-3,0.813833,-4.069167
93,48.121,339,21,40,80,look_up,right,False,False,False,False,4.713326734799013,342,-3,0.000000,0.000000
94,48.582,339,21,40,80,walk_right,right,False,False,False,False,4.713326734799013,342,-3,0.000000,0.000000
95,49.074,290,14,138,94,idle,right,False,False,False,False,4.713326734799013,342,-3,0.000000,0.000000
96,49.566,290,14,138,94,idle,right,False,False,False,False,4.713326734799013,342,-3,0.000000,0.000000
97,50.077,290,14,138,94,idle,right,False,False,False,False,4.713326734799013,342,-3,0.000000,0.000000
98,50.575,290,14,138,94,idle,right,False,False,False,False,4.713326734799013,342,-3,0.000000,0.000000
99,51.125,290,14,138,94,idle,right,False,False,False,False,4.713326734799013,342,-3,0.000000,0.000000
100,51.572,397,32,38,80,walk_right,right,True,False,False,False,6.0770946343233225,488,50,6.466937,1.077823
101,52.071,415,38,138,94,idle,right,False,False,False,False,6.0770946343233225,488,50,0.000000,0.000000
102,52.624,415,38,138,94,idle,left,False,False,False,False,6.0770946343233225,488,50,0.000000,0.000000
103,53.069,415,38,138,94,idle,left,False,False,False,False,6.0770946343233225,488,50,0.000000,0.000000
104,53.575,415,38,138,94,idle,left,False,False,False,False,6.0770946343233225,488,50,0.000000,0.000000
105,54.107,415,38,138,94,idle,left,False,False,False,False,6.0770946343233225,488,50,0.000000,0.000000
106,54.576,415,38,138,94,idle,left,False,False,False,False,6.0770946343233225,488,50,0.000000,0.000000
107,55.070,415,38,138,94,idle,left,False,False,False,False,6.0770946343233225,488,50,0.000000,0.000000
108,55.568,415,38,138,94,idle,left,False,False,False,False,6.0770946343233225,488,50,0.000000,0.000000
109,56.073,415,38,138,94,idle,left,False,False,False,False,6.0770946343233225,488,50,0.000000,0.000000
110,56.575,415,38,138,94,idle,left,False,False,False,False,6.0770946343233225,488,50,0.000000,0.000000
111,57.108,415,38,138,94,idle,left,False,False,False,False,6.0770946343233225,488,50,0.000000,0.000000
112,57.571,415,38,138,94,idle,left,False,False,False,False,6.0770946343233225,488,50,0.000000,0.000000
113,58.075,415,38,138,94,idle,left,False,False,False,False,6.0770946343233225,488,50,0.000000,0.000000
114,58.573,415,38,138,94,idle,left,False,False,False,False,6.0770946343233225,488,50,0.000000,0.000000
115,59.067,415,38,138,94,idle,left,False,False,False,False,6.0770946343233225,488,50,0.000000,0.000000
116,59.575,415,38,138,94,idle,left,False,False,False,False,6.0770946343233225,488,50,0.000000,0.000000
117,60.184,415,38,138,94,idle,left,False,False,False,False,6.0770946343233225,488,50,0.000000,0.000000
118,60.574,415,38,138,94,idle,left,False,False,False,False,6.0770946343233225,488,50,0.000000,0.000000
119,61.071,415,38,138,94,idle,left,False,False,False,False,6.0770946343233225,488,50,0.000000,0.000000
120,61.573,415,38,138,94,idle,left,False,False,False,False,6.0770946343233225,488,50,0.000000,0.000000
121,62.073,415,38,138,94,idle,left,False,False,False,False,6.0770946343233225,488,50,0.000000,0.000000
122,62.895,415,38,138,94,idle,left,False,False,False,False,6.0770946343233225,488,50,0.000000,0.000000
123,63.576,415,38,138,94,idle,left,False,False,False,False,6.0770946343233225,488,50,0.000000,0.000000
124,64.077,415,38,138,94,idle,left,False,False,False,False,6.0770946343233225,488,50,0.000000,0.000000
125,64.571,415,38,138,94,idle,left,False,False,False,False,6.0770946343233225,488,50,0.000000,0.000000
126,65.067,415,38,138,94,idle,left,False,False,False,False,6.0770946343233225,488,50,0.000000,0.000000
127,65.575,415,38,138,94,idle,left,False,False,False,False,6.0770946343233225,488,50,0.000000,0.000000
128,66.109,415,38,138,94,idle,left,False,False,False,False,6.0770946343233225,488,50,0.000000,0.000000
129,66.575,415,38,138,94,idle,left,False,False,False,False,6.0770946343233225,488,50,0.000000,0.000000
130,67.076,415,38,138,94,idle,left,False,False,False,False,6.0770946343233225,488,50,0.000000,0.000000
131,67.569,415,38,138,94,idle,left,False,False,False,False,6.0770946343233225,488,50,0.000000,0.000000
132,68.069,415,38,138,94,idle,left,False,False,False,False,6.0770946343233225,488,50,0.000000,0.000000
133,68.576,415,38,138,94,idle,left,False,False,False,False,6.0770946343233225,488,50,0.000000,0.000000
134,69.109,415,38,138,94,idle,left,False,False,False,False,6.0770946343233225,488,50,0.000000,0.000000
135,69.570,415,38,138,94,idle,left,False,False,False,False,6.0770946343233225,488,50,0.000000,0.000000
136,70.075,415,38,138,94,idle,left,False,False,False,False,6.0770946343233225,488,50,0.000000,0.000000
137,70.566,415,38,138,94,idle,left,False,False,False,False,6.0770946343233225,488,50,0.000000,0.000000
138,71.076,415,38,138,94,idle,left,False,False,False,False,6.0770946343233225,488,50,0.000000,0.000000
139,71.578,415,38,138,94,idle,left,False,False,False,False,6.0770946343233225,488,50,0.000000,0.000000
140,72.115,415,38,138,94,idle,left,False,False,False,False,6.0770946343233225,488,50,0.000000,0.000000
141,72.568,415,38,138,94,idle,left,False,False,False,False,6.0770946343233225,488,50,0.000000,0.000000
142,73.097,415,38,138,94,idle,left,False,False,False,False,6.0770946343233225,488,50,0.000000,0.000000
143,73.645,415,38,138,94,idle,left,False,False,False,False,6.0770946343233225,488,50,0.000000,0.000000
144,74.077,415,38,138,94,idle,left,False,False,False,False,6.0770946343233225,488,50,0.000000,0.000000
145,74.576,415,38,138,94,idle,left,False,False,False,False,6.0770946343233225,488,50,0.000000,0.000000
146,75.108,415,38,138,94,idle,left,False,False,False,False,6.0770946343233225,488,50,0.000000,0.000000
147,75.573,415,38,138,94,idle,left,False,False,False,False,6.0770946343233225,488,50,0.000000,0.000000
148,76.077,415,38,138,94,idle,left,False,False,False,False,6.0770946343233225,488,50,0.000000,0.000000
149,76.575,415,38,138,94,idle,left,False,False,False,False,6.0770946343233225,488,50,0.000000,0.000000
150,77.074,415,38,138,94,idle,left,False,False,False,False,6.0770946343233225,488,50,0.000000,0.000000
151,77.572,415,38,138,94,idle,left,False,False,False,False,6.0770946343233225,488,50,0.000000,0.000000
152,78.115,415,38,138,94,idle,left,False,False,False,False,6.0770946343233225,488,50,0.000000,0.000000
153,78.575,415,38,138,94,idle,left,False,False,False,False,6.0770946343233225,488,50,0.000000,0.000000
154,79.076,415,38,138,94,idle,left,False,False,False,False,6.0770946343233225,488,50,0.000000,0.000000
155,79.570,415,38,138,94,idle,left,False,False,False,False,6.0770946343233225,488,50,0.000000,0.000000
156,80.076,415,38,138,94,idle,left,False,False,False,False,6.0770946343233225,488,50,0.000000,0.000000
157,80.575,415,38,138,94,idle,left,False,False,False,False,6.0770946343233225,488,50,0.000000,0.000000
158,81.273,461,44,38,80,walk_left,left,True,False,False,False,6.0770946343233225,290,5,-3.537389,-0.884347
159,81.570,427,36,38,80,walk_left,left,True,False,False,False,6.0770946343233225,290,5,-7.095031,-1.419006
160,82.069,350,19,38,80,walk_left,left,True,False,False,False,6.0770946343233225,290,5,-5.777105,-0.962851
161,82.575,262,3,138,94,idle,left,False,False,False,False,6.0770946343233225,290,5,0.000000,0.000000
162,83.076,262,3,138,94,idle,left,False,False,False,False,6.0770946343233225,290,5,0.000000,0.000000
163,83.636,262,3,138,94,idle,left,False,False,False,False,6.0770946343233225,290,5,0.000000,0.000000
164,84.171,262,3,138,94,idle,left,False,False,False,False,6.0770946343233225,290,5,0.000000,0.000000
165,84.568,262,3,138,94,idle,left,False,False,False,False,6.0770946343233225,290,5,0.000000,0.000000
166,85.075,262,3,138,94,idle,left,False,False,False,False,6.0770946343233225,290,5,0.000000,0.000000
167,85.575,262,3,138,94,idle,left,False,False,False,False,6.0770946343233225,290,5,0.000000,0.000000
168,86.073,262,20,38,80,walk_left,left,True,False,False,False,5.3708685165506935,65,50,-6.313712,1.262742
169,86.566,198,29,38,80,walk_left,left,True,False,False,False,5.3708685165506935,65,50,-6.445041,0.000000
170,87.112,135,39,38,80,walk_left,left,True,False,False,False,5.3708685165506935,65,50,-5.095406,1.019081
171,87.574,39,39,138,94,idle,left,False,False,False,False,5.3708685165506935,65,50,0.000000,0.000000
172,88.074,39,39,138,94,idle,left,False,False,False,False,5.3708685165506935,65,50,0.000000,0.000000
173,88.572,39,39,138,94,idle,left,False,False,False,False,5.3708685165506935,65,50,0.000000,0.000000
174,89.070,39,39,138,94,idle,left,False,False,False,False,5.3708685165506935,65,50,0.000000,0.000000
175,89.567,39,39,138,94,idle,left,False,False,False,False,5.3708685165506935,65,50,0.000000,0.000000
176,90.105,39,39,138,94,idle,left,False,False,False,False,5.3708685165506935,65,50,0.000000,0.000000
177,90.566,39,39,138,94,idle,left,False,False,False,False,5.3708685165506935,65,50,0.000000,0.000000
178,91.071,39,39,138,94,idle,left,False,False,False,False,5.3708685165506935,65,50,0.000000,0.000000
179,91.588,92,47,38,80,walk_right,right,True,False,False,False,5.3708685165506935,367,108,2.802389,0.934130
180,92.076,154,60,38,80,walk_right,right,True,False,False,False,5.3708685165506935,367,108,5.826860,0.971143
181,92.574,217,74,38,80,walk_right,right,True,False,False,False,5.3708685165506935,367,108,5.827571,0.971262
182,93.110,247,81,40,80,look_up,right,True,False,False,False,5.3708685165506935,367,108,0.000000,0.000000
183,93.829,247,81,40,80,look_up,right,True,False,False,False,5.3708685165506935,367,108,0.000000,0.000000
184,94.068,265,85,40,80,walk_right,right,True,False,False,False,5.3708685165506935,367,108,5.463348,0.910558
185,94.569,327,99,38,80,walk_right,right,True,False,False,False,5.3708685165506935,367,108,4.879057,1.219764
186,95.099,294,96,138,94,idle,right,False,False,False,False,5.3708685165506935,367,108,0.000000,0.000000
187,95.574,294,96,138,94,idle,right,False,False,False,False,5.3708685165506935,367,108,0.000000,0.000000
188,96.123,294,96,138,94,idle,right,False,False,False,False,5.3708685165506935,367,108,0.000000,0.000000
189,96.574,294,96,138,94,idle,right,False,False,False,False,5.3708685165506935,367,108,0.000000,0.000000
190,97.075,294,96,138,94,idle,right,False,False,False,False,5.3708685165506935,367,108,0.000000,0.000000
191,97.574,294,96,138,94,idle,left,False,False,False,False,5.3708685165506935,367,108,0.000000,0.000000
192,98.075,294,96,138,94,idle,left,False,False,False,False,5.3708685165506935,367,108,0.000000,0.000000
193,98.567,294,96,138,94,idle,left,False,False,False,False,5.3708685165506935,367,108,0.000000,0.000000
194,99.105,294,96,138,94,idle,left,False,False,False,False,5.3708685165506935,367,108,0.000000,0.000000
195,99.574,294,96,138,94,idle,left,False,False,False,False,5.3708685165506935,367,108,0.000000,0.000000
196,100.073,294,96,138,94,idle,left,False,False,False,False,5.3708685165506935,367,108,0.000000,0.000000
197,100.568,294,96,138,94,idle,left,False,False,False,False,5.3708685165506935,367,108,0.000000,0.000000
198,101.068,294,96,138,94,idle,left,False,False,False,False,5.3708685165506935,367,108,0.000000,0.000000
199,101.566,294,96,138,94,idle,left,False,False,False,False,5.3708685165506935,367,108,0.000000,0.000000
200,102.111,294,96,138,94,idle,left,False,False,False,False,5.3708685165506935,367,108,0.000000,0.000000
201,102.572,294,96,138,94,idle,left,False,False,False,False,5.3708685165506935,367,108,0.000000,0.000000
202,103.074,294,96,138,94,idle,left,False,False,False,False,5.3708685165506935,367,108,0.000000,0.000000
203,103.573,294,96,138,94,idle,left,False,False,False,False,5.3708685165506935,367,108,0.000000,0.000000
204,104.072,294,96,138,94,idle,left,False,False,False,False,5.3708685165506935,367,108,0.000000,0.000000
205,104.630,294,96,138,94,idle,left,False,False,False,False,5.3708685165506935,367,108,0.000000,0.000000
206,105.115,294,96,138,94,idle,left,False,False,False,False,5.3708685165506935,367,108,0.000000,0.000000
207,105.574,294,96,138,94,idle,left,False,False,False,False,5.3708685165506935,367,108,0.000000,0.000000
208,106.075,320,98,138,94,walk_right,right,True,False,False,False,5.865892975796581,594,119,6.819101,0.000000
209,106.573,441,109,38,80,walk_right,right,True,False,False,False,5.865892975796581,594,119,7.039018,0.000000
210,107.071,511,114,38,80,walk_right,right,True,False,False,False,5.865892975796581,594,119,5.901803,0.983634
211,107.566,572,118,38,80,idle,right,False,False,False,False,5.865892975796581,594,119,0.000000,0.000000
212,108.109,522,111,138,94,idle,right,False,False,False,False,5.865892975796581,594,119,0.000000,0.000000
213,108.573,522,111,138,94,idle,right,False,False,False,False,5.865892975796581,594,119,0.000000,0.000000
214,109.071,522,111,138,94,idle,right,False,False,False,False,5.865892975796581,594,119,0.000000,0.000000
215,109.568,522,111,138,94,idle,right,False,False,False,False,5.865892975796581,594,119,0.000000,0.000000
216,110.075,522,111,138,94,idle,right,False,False,False,False,5.865892975796581,594,119,0.000000,0.000000
217,110.575,522,111,138,94,idle,right,False,False,False,False,5.865892975796581,594,119,0.000000,0.000000
218,111.113,522,111,138,94,idle,right,False,False,False,False,5.865892975796581,594,119,0.000000,0.000000
219,111.570,611,121,38,80,walk_right,right,True,False,False,False,5.16539412985911,857,138,6.090253,1.015042
220,112.074,678,125,38,80,walk_right,right,True,False,False,False,5.16539412985911,857,138,6.198470,0.000000
221,112.573,745,130,38,80,walk_right,right,True,False,False,False,5.16539412985911,857,138,6.198473,0.000000
222,113.070,810,135,38,80,walk_right,right,True,False,False,False,5.16539412985911,857,138,4.863669,0.972734
223,113.570,776,127,138,94,walk_left,left,True,False,False,False,5.16539412985911,290,5,-4.558577,-0.911715
224,114.105,776,122,38,80,walk_left,left,True,False,False,False,5.16539412985911,290,5,-6.076619,-1.215324
225,114.664,716,108,38,80,walk_left,left,True,False,False,False,5.16539412985911,290,5,-6.078102,-1.215620
226,115.068,666,95,38,80,walk_left,left,True,False,False,False,5.16539412985911,290,5,-5.755138,-2.302055
227,115.574,595,79,38,80,walk_left,left,True,False,False,False,5.16539412985911,290,5,-6.078103,-1.215621
228,116.067,530,63,38,80,walk_left,left,True,False,False,False,5.16539412985911,290,5,-6.078103,-1.215621
229,116.575,460,46,38,80,walk_left,left,True,False,False,False,5.16539412985911,290,5,-6.078103,-1.215621
230,117.120,410,34,38,80,walk_left,left,True,False,False,False,5.16539412985911,290,5,-6.078103,-1.215621
231,117.575,355,21,38,80,walk_left,left,True,False,False,False,5.16539412985911,290,5,-4.881476,-0.976295
232,118.074,313,11,38,80,look_up,left,False,False,False,False,5.16539412985911,290,5,0.000000,0.000000
233,118.575,312,11,40,80,look_up,left,False,False,False,False,5.16539412985911,290,5,0.000000,0.000000
234,119.074,263,4,138,94,idle,left,False,False,False,False,5.16539412985911,290,5,0.000000,0.000000
235,119.570,263,4,138,94,idle,left,False,False,False,False,5.16539412985911,290,5,0.000000,0.000000
236,120.183,263,4,138,94,idle,left,False,False,False,False,5.16539412985911,290,5,0.000000,0.000000
237,120.596,263,4,138,94,idle,left,False,False,False,False,5.16539412985911,290,5,0.000000,0.000000
238,121.075,263,4,138,94,idle,left,False,False,False,False,5.16539412985911,290,5,0.000000,0.000000
239,121.576,263,4,138,94,idle,left,False,False,False,False,5.16539412985911,290,5,0.000000,0.000000
240,122.074,268,19,38,80,walk_left,left,True,False,False,False,4.886566180267726,50,50,-5.265692,1.053138
241,122.574,210,27,38,80,walk_left,left,True,False,False,False,4.886566180267726,50,50,-5.375222,0.000000
242,123.176,157,35,38,80,walk_left,left,True,False,False,False,4.886566180267726,50,50,-5.270840,1.054168
243,123.572,116,41,38,80,walk_left,left,True,False,False,False,4.886566180267726,50,50,-4.224907,0.844981
244,124.073,74,47,38,80,idle,left,False,False,False,False,4.886566180267726,50,50,0.000000,0.000000
245,124.570,24,40,138,94,idle,left,False,False,False,False,4.886566180267726,50,50,0.000000,0.000000
246,125.069,24,40,138,94,idle,left,False,False,False,False,4.886566180267726,50,50,0.000000,0.000000
247,125.903,24,40,138,94,idle,left,False,False,False,False,4.886566180267726,50,50,0.000000,0.000000
248,126.575,24,40,138,94,idle,left,False,False,False,False,4.886566180267726,50,50,0.000000,0.000000
249,127.075,24,40,138,94,idle,left,False,False,False,False,4.886566180267726,50,50,0.000000,0.000000
250,127.575,24,40,138,94,idle,left,False,False,False,False,4.886566180267726,50,50,0.000000,0.000000
251,128.076,24,40,138,94,idle,left,False,False,False,False,4.886566180267726,50,50,0.000000,0.000000
252,128.574,24,40,138,94,idle,left,False,False,False,False,4.886566180267726,50,50,0.000000,0.000000
253,129.109,24,40,138,94,idle,left,False,False,False,False,4.886566180267726,50,50,0.000000,0.000000
254,129.567,24,40,138,94,idle,left,False,False,False,False,4.886566180267726,50,50,0.000000,0.000000
255,130.068,24,40,138,94,idle,left,False,False,False,False,4.886566180267726,50,50,0.000000,0.000000
256,130.571,24,40,138,94,idle,left,False,False,False,False,4.886566180267726,50,50,0.000000,0.000000
257,131.075,24,40,138,94,idle,left,False,False,False,False,4.886566180267726,50,50,0.000000,0.000000
258,131.574,24,40,138,94,idle,left,False,False,False,False,4.886566180267726,50,50,0.000000,0.000000
259,132.113,35,55,138,94,idle,left,False,False,False,False,5.567973935727439,59,72,0.000000,0.000000
260,132.571,35,55,138,94,idle,left,False,False,False,False,5.567973935727439,59,72,0.000000,0.000000
261,133.069,35,55,138,94,idle,left,False,False,False,False,5.567973935727439,59,72,0.000000,0.000000
262,133.567,35,55,138,94,idle,left,False,False,False,False,5.567973935727439,59,72,0.000000,0.000000
263,134.075,35,55,138,94,idle,left,False,False,False,False,5.567973935727439,59,72,0.000000,0.000000
264,134.571,35,55,138,94,idle,left,False,False,False,False,5.567973935727439,59,72,0.000000,0.000000
265,135.111,35,55,138,94,idle,left,False,False,False,False,5.567973935727439,59,72,0.000000,0.000000
266,135.570,35,55,138,94,idle,left,False,False,False,False,5.567973935727439,59,72,0.000000,0.000000
267,136.075,35,55,138,94,idle,left,False,False,False,False,5.567973935727439,59,72,0.000000,0.000000
268,136.678,84,64,42,82,walk_down,down,True,False,False,False,5.567973935727439,137,243,0.968411,2.905234
269,137.066,98,111,42,82,walk_down,down,True,False,False,False,5.567973935727439,137,243,1.005923,6.035537
270,137.575,119,182,42,82,walk_down,down,True,False,False,False,5.567973935727439,137,243,0.962810,4.814050
271,138.123,82,214,138,94,idle,down,False,False,False,False,5.567973935727439,137,243,0.000000,0.000000
272,138.568,82,214,138,94,idle,down,False,False,False,False,5.567973935727439,137,243,0.000000,0.000000
273,139.076,82,214,138,94,idle,down,False,False,False,False,5.567973935727439,137,243,0.000000,0.000000
274,139.568,82,214,138,94,idle,down,False,False,False,False,5.567973935727439,137,243,0.000000,0.000000
275,140.076,82,214,138,94,idle,down,False,False,False,False,5.567973935727439,137,243,0.000000,0.000000
276,140.575,82,214,138,94,idle,down,False,False,False,False,5.567973935727439,137,243,0.000000,0.000000
277,141.128,82,214,138,94,idle,down,False,False,False,False,5.567973935727439,137,243,0.000000,0.000000
278,141.566,82,214,138,94,idle,down,False,False,False,False,5.567973935727439,137,243,0.000000,0.000000
279,142.074,82,214,138,94,idle,down,False,False,False,False,5.567973935727439,137,243,0.000000,0.000000
280,142.570,82,214,138,94,idle,down,False,False,False,False,5.567973935727439,137,243,0.000000,0.000000
281,143.075,82,214,138,94,idle,down,False,False,False,False,5.567973935727439,137,243,0.000000,0.000000
282,143.575,82,214,138,94,idle,down,False,False,False,False,5.567973935727439,137,243,0.000000,0.000000
283,144.110,82,214,138,94,idle,down,False,False,False,False,5.567973935727439,137,243,0.000000,0.000000
284,144.570,82,214,138,94,idle,down,False,False,False,False,5.567973935727439,137,243,0.000000,0.000000
285,145.076,82,214,138,94,idle,down,False,False,False,False,5.567973935727439,137,243,0.000000,0.000000
286,145.575,82,214,138,94,idle,down,False,False,False,False,5.567973935727439,137,243,0.000000,0.000000
287,146.075,82,214,138,94,idle,down,False,False,False,False,5.567973935727439,137,243,0.000000,0.000000
288,146.575,82,214,138,94,idle,down,True,False,False,False,6.196290722498057,57,399,0.000000,0.000000
289,147.114,117,251,42,82,walk_down,down,True,False,False,False,6.196290722498057,57,399,-3.000544,6.001089
290,147.572,92,314,42,82,walk_down,down,True,False,False,False,6.196290722498057,57,399,-1.939828,5.819485
291,148.069,65,379,42,82,idle,down,False,False,False,False,6.196290722498057,57,399,0.000000,0.000000
292,148.567,17,373,138,94,idle,down,False,False,False,False,6.196290722498057,57,399,0.000000,0.000000
293,149.077,17,373,138,94,idle,down,False,False,False,False,6.196290722498057,57,399,0.000000,0.000000
294,149.575,17,373,138,94,idle,down,False,False,False,False,6.196290722498057,57,399,0.000000,0.000000
295,150.112,17,373,138,94,idle,down,False,False,False,False,6.196290722498057,57,399,0.000000,0.000000
296,150.574,17,373,138,94,idle,down,False,False,False,False,6.196290722498057,57,399,0.000000,0.000000
297,151.077,17,373,138,94,idle,down,False,False,False,False,6.196290722498057,57,399,0.000000,0.000000
298,151.574,17,373,138,94,idle,down,False,False,False,False,6.196290722498057,57,399,0.000000,0.000000
299,152.067,17,373,138,94,idle,down,False,False,False,False,6.196290722498057,57,399,0.000000,0.000000
300,152.567,17,373,138,94,idle,down,False,False,False,False,6.196290722498057,57,399,0.000000,0.000000
301,153.110,64,410,42,82,walk_down,down,True,False,False,False,4.918040321974587,50,530,0.000000,5.367580
302,153.566,58,461,42,82,walk_down,down,True,False,False,False,4.918040321974587,50,530,0.000000,4.344761
303,154.076,53,507,42,82,idle,down,False,False,False,False,4.918040321974587,50,530,0.000000,0.000000
304,154.574,5,501,138,94,idle,down,False,False,False,False,4.918040321974587,50,530,0.000000,0.000000
305,155.075,5,501,138,94,idle,down,False,False,False,False,4.918040321974587,50,530,0.000000,0.000000
306,155.567,5,501,138,94,idle,down,False,False,False,False,4.918040321974587,50,530,0.000000,0.000000
307,156.126,5,501,138,94,idle,down,False,False,False,False,4.918040321974587,50,530,0.000000,0.000000
308,156.573,5,501,138,94,idle,down,False,False,False,False,4.918040321974587,50,530,0.000000,0.000000
309,157.070,5,501,138,94,idle,down,False,False,False,False,4.918040321974587,50,530,0.000000,0.000000
310,157.898,5,501,138,94,idle,up,True,False,False,False,6.2874092049189265,50,759,0.000000,0.000000
311,158.067,53,516,42,82,walk_down,down,True,False,False,False,6.2874092049189265,50,759,0.000000,5.187113
312,158.574,52,603,42,82,walk_down,down,True,False,False,False,6.2874092049189265,50,759,0.000000,6.916045
313,159.111,51,672,42,82,walk_down,down,True,False,False,False,6.2874092049189265,50,759,0.000000,5.878728
314,159.573,50,733,42,82,idle,down,False,False,False,False,6.2874092049189265,50,759,0.000000,0.000000
315,160.069,2,727,138,94,idle,down,False,False,False,False,6.2874092049189265,50,759,0.000000,0.000000
316,160.567,2,727,138,94,idle,down,False,False,False,False,6.2874092049189265,50,759,0.000000,0.000000
317,161.075,2,727,138,94,idle,down,False,False,False,False,6.2874092049189265,50,759,0.000000,0.000000
318,161.576,2,727,138,94,idle,down,False,False,False,False,6.2874092049189265,50,759,0.000000,0.000000
319,162.114,2,727,138,94,idle,down,False,False,False,False,6.2874092049189265,50,759,0.000000,0.000000
320,162.574,2,727,138,94,idle,down,False,False,False,False,6.2874092049189265,50,759,0.000000,0.000000
321,163.073,2,727,138,94,idle,down,False,False,False,False,6.2874092049189265,50,759,0.000000,0.000000
322,163.567,2,727,138,94,idle,down,False,False,False,False,6.2874092049189265,50,759,0.000000,0.000000
323,164.067,2,727,138,94,idle,down,False,False,False,False,6.2874092049189265,50,759,0.000000,0.000000
324,164.567,18,721,138,94,walk_right,right,True,False,False,False,5.801109597496973,50,708,4.724816,-1.889926
325,165.106,15,718,138,94,idle,up,False,False,False,False,5.801109597496973,50,708,0.000000,0.000000
326,165.575,15,718,138,94,idle,up,False,False,False,False,5.801109597496973,50,708,0.000000,0.000000
327,166.067,15,718,138,94,idle,up,False,False,False,False,5.801109597496973,50,708,0.000000,0.000000
328,166.574,15,718,138,94,idle,up,False,False,False,False,5.801109597496973,50,708,0.000000,0.000000
329,167.076,15,718,138,94,idle,up,False,False,False,False,5.801109597496973,50,708,0.000000,0.000000
330,167.649,15,718,138,94,idle,up,False,False,False,False,5.801109597496973,50,708,0.000000,0.000000
331,168.107,15,718,138,94,idle,up,False,False,False,False,5.801109597496973,50,708,0.000000,0.000000
332,168.566,20,714,138,94,walk_right,right,True,False,False,False,5.853362140852866,54,685,3.657447,-2.438298
333,169.077,15,701,138,94,idle,up,False,False,False,False,5.853362140852866,54,685,0.000000,0.000000
334,169.575,15,701,138,94,idle,up,False,False,False,False,5.853362140852866,54,685,0.000000,0.000000
335,170.075,15,701,138,94,idle,up,False,False,False,False,5.853362140852866,54,685,0.000000,0.000000
336,170.572,15,701,138,94,idle,up,False,False,False,False,5.853362140852866,54,685,0.000000,0.000000
337,171.113,66,678,42,82,walk_up,up,True,False,False,False,5.534984885621853,50,536,0.000000,-5.993351
338,171.570,59,618,42,82,walk_up,up,True,False,False,False,5.534984885621853,50,536,-0.985082,-4.925410
339,172.067,53,560,42,82,idle,up,False,False,False,False,5.534984885621853,50,536,0.000000,0.000000
340,172.575,5,554,138,94,idle,up,False,False,False,False,5.534984885621853,50,536,0.000000,0.000000
341,173.067,5,554,138,94,idle,up,False,False,False,False,5.534984885621853,50,536,0.000000,0.000000
342,173.572,5,554,138,94,idle,up,False,False,False,False,5.534984885621853,50,536,0.000000,0.000000
343,174.111,5,554,138,94,idle,up,False,False,False,False,5.534984885621853,50,536,0.000000,0.000000
344,174.572,5,554,138,94,idle,up,False,False,False,False,5.534984885621853,50,536,0.000000,0.000000
345,175.068,5,554,138,94,idle,up,False,False,False,False,5.534984885621853,50,536,0.000000,0.000000
346,175.566,62,560,38,80,walk_right,right,True,False,False,False,5.4365929448515,234,536,4.351273,-1.087818
347,176.076,132,550,38,80,walk_right,right,True,False,False,False,5.4365929448515,234,536,5.863941,-1.172788
348,176.575,197,541,38,80,walk_right,right,True,False,False,False,5.4365929448515,234,536,5.171867,-0.861978
349,177.109,160,532,138,94,idle,right,False,False,False,False,5.4365929448515,234,536,0.000000,0.000000
350,177.574,160,532,138,94,idle,right,False,False,False,False,5.4365929448515,234,536,0.000000,0.000000
351,178.072,160,532,138,94,idle,up,False,False,False,False,5.4365929448515,234,536,0.000000,0.000000
352,178.638,160,532,138,94,idle,up,False,False,False,False,5.4365929448515,234,536,0.000000,0.000000
353,179.074,160,532,138,94,idle,up,False,False,False,False,5.4365929448515,234,536,0.000000,0.000000
354,179.575,160,532,138,94,idle,up,False,False,False,False,5.4365929448515,234,536,0.000000,0.000000
355,180.120,160,532,138,94,idle,up,False,False,False,False,5.4365929448515,234,536,0.000000,0.000000
356,180.571,160,532,138,94,idle,up,False,False,False,False,5.4365929448515,234,536,0.000000,0.000000
357,181.070,160,532,138,94,idle,up,False,False,False,False,5.4365929448515,234,536,0.000000,0.000000
358,181.593,209,535,42,82,walk_up,up,True,False,False,False,5.35166189675075,367,108,0.930789,-2.792368
359,182.074,231,476,42,82,walk_up,up,True,False,False,False,5.35166189675075,367,108,2.186046,-5.465115
360,182.573,253,416,42,82,walk_up,up,True,False,False,False,5.35166189675075,367,108,1.154502,-5.772510
361,183.106,274,361,42,82,walk_up,up,True,False,False,False,5.35166189675075,367,108,2.186313,-5.465783
362,183.573,294,305,42,82,walk_up,up,True,False,False,False,5.35166189675075,367,108,2.186313,-5.465783
363,184.068,318,240,42,82,walk_up,up,True,False,False,False,5.35166189675075,367,108,2.186313,-5.465783
364,184.575,343,172,42,82,walk_up,up,True,False,False,False,5.35166189675075,367,108,0.927209,-4.636047
365,185.076,358,132,42,82,idle,up,False,False,False,False,5.35166189675075,367,108,0.000000,0.000000
366,185.576,310,126,138,94,idle,up,False,False,False,False,5.35166189675075,367,108,0.000000,0.000000
367,186.115,310,126,138,94,idle,up,False,False,False,False,5.35166189675075,367,108,0.000000,0.000000
368,186.575,310,126,138,94,idle,up,False,False,False,False,5.35166189675075,367,108,0.000000,0.000000
369,187.066,310,126,138,94,idle,up,False,False,False,False,5.35166189675075,367,108,0.000000,0.000000
370,187.574,361,132,42,82,walk_right,right,True,False,False,False,6.276984034214125,480,125,3.452341,0.000000
371,188.068,438,128,38,80,walk_right,right,True,False,False,False,6.276984034214125,480,125,6.152430,0.000000
372,188.882,408,120,138,94,idle,right,False,False,False,False,6.276984034214125,480,125,0.000000,0.000000
373,189.571,408,120,138,94,idle,right,False,False,False,False,6.276984034214125,480,125,0.000000,0.000000
374,190.067,408,120,138,94,idle,right,False,False,False,False,6.276984034214125,480,125,0.000000,0.000000
375,190.566,408,120,138,94,idle,right,False,False,False,False,6.276984034214125,480,125,0.000000,0.000000
376,191.067,408,120,138,94,idle,right,False,False,False,False,6.276984034214125,480,125,0.000000,0.000000
377,191.575,408,120,138,94,idle,right,False,False,False,False,6.276984034214125,480,125,0.000000,0.000000
378,192.107,408,120,138,94,idle,right,False,False,False,False,6.276984034214125,480,125,0.000000,0.000000
379,192.572,408,120,138,94,idle,right,False,False,False,False,6.276984034214125,480,125,0.000000,0.000000
380,193.071,408,120,138,94,idle,right,False,False,False,False,6.276984034214125,480,125,0.000000,0.000000
381,193.569,408,120,138,94,idle,right,False,False,False,False,6.276984034214125,480,125,0.000000,0.000000
382,194.068,408,120,138,94,idle,right,False,False,False,False,6.276984034214125,480,125,0.000000,0.000000
383,194.575,408,120,138,94,idle,right,False,False,False,False,6.276984034214125,480,125,0.000000,0.000000
384,195.109,461,127,38,80,walk_right,right,True,False,False,False,6.049226945499244,606,115,3.327075,0.000000
385,195.566,525,122,38,80,walk_right,right,True,False,False,False,6.049226945499244,606,115,5.488049,0.000000
386,196.066,583,117,38,80,idle,right,False,False,False,False,6.049226945499244,606,115,0.000000,0.000000
387,196.576,533,110,138,94,idle,right,False,False,False,False,6.049226945499244,606,115,0.000000,0.000000
388,197.076,533,110,138,94,idle,right,False,False,False,False,6.049226945499244,606,115,0.000000,0.000000
389,197.567,533,110,138,94,idle,right,False,False,False,False,6.049226945499244,606,115,0.000000,0.000000
390,198.188,533,110,138,94,idle,up,False,False,False,False,6.049226945499244,606,115,0.000000,0.000000
391,198.566,533,110,138,94,idle,up,False,False,False,False,6.049226945499244,606,115,0.000000,0.000000
392,199.077,533,110,138,94,idle,up,False,False,False,False,6.049226945499244,606,115,0.000000,0.000000
393,200.107,533,110,138,94,idle,up,False,False,False,False,6.049226945499244,606,115,0.000000,0.000000
394,200.569,533,110,138,94,idle,up,False,False,False,False,6.049226945499244,606,115,0.000000,0.000000
395,201.167,533,110,138,94,idle,up,False,False,False,False,6.049226945499244,606,115,0.000000,0.000000
396,201.568,533,110,138,94,idle,up,False,False,False,False,6.049226945499244,606,115,0.000000,0.000000
397,202.069,533,110,138,94,idle,up,False,False,False,False,6.049226945499244,606,115,0.000000,0.000000
398,202.574,533,110,138,94,idle,up,False,False,False,False,6.049226945499244,606,115,0.000000,0.000000
399,203.075,533,110,138,94,idle,up,False,False,False,False,6.049226945499244,606,115,0.000000,0.000000
400,203.570,533,110,138,94,idle,up,False,False,False,False,6.049226945499244,606,115,0.000000,0.000000
401,204.108,533,110,138,94,idle,up,False,False,False,False,6.049226945499244,606,115,0.000000,0.000000
402,204.576,533,110,138,94,idle,up,False,False,False,False,6.049226945499244,606,115,0.000000,0.000000
403,205.075,533,110,138,94,idle,up,False,False,False,False,6.049226945499244,606,115,0.000000,0.000000
404,205.566,533,110,138,94,idle,up,False,False,False,False,6.049226945499244,606,115,0.000000,0.000000
405,206.074,540,110,138,94,walk_right,right,True,False,False,False,4.819444218142864,888,110,3.976041,0.000000
406,206.572,652,116,38,80,walk_right,right,True,False,False,False,4.819444218142864,888,110,5.301227,0.000000
407,207.107,700,114,38,80,walk_right,right,True,False,False,False,4.819444218142864,888,110,5.198439,-1.039688
408,207.574,753,113,38,80,walk_right,right,True,False,False,False,4.819444218142864,888,110,5.301389,0.000000
409,208.075,805,112,38,80,walk_right,right,True,False,False,False,4.819444218142864,888,110,4.373646,0.000000
410,208.574,861,111,38,80,walk_right,right,True,False,False,False,4.819444218142864,888,110,3.672741,0.000000
411,209.067,814,104,138,94,idle,right,False,False,False,False,4.819444218142864,888,110,0.000000,0.000000
412,209.632,814,104,138,94,idle,right,False,False,False,False,4.819444218142864,888,110,0.000000,0.000000
413,210.109,814,104,138,94,idle,right,False,False,False,False,4.819444218142864,888,110,0.000000,0.000000
414,210.574,814,104,138,94,idle,right,False,False,False,False,4.819444218142864,888,110,0.000000,0.000000
415,211.075,814,104,138,94,idle,right,False,False,False,False,4.819444218142864,888,110,0.000000,0.000000
416,211.568,814,104,138,94,idle,right,False,False,False,False,4.819444218142864,888,110,0.000000,0.000000
417,212.067,814,104,138,94,idle,right,False,False,False,False,4.819444218142864,888,110,0.000000,0.000000
418,212.567,898,112,38,80,walk_right,right,True,False,False,False,5.695959313979611,973,113,5.041814,0.000000
419,213.119,897,106,138,94,idle,right,False,False,False,False,5.695959313979611,973,113,0.000000,0.000000
420,213.574,897,106,138,94,idle,right,False,False,False,False,5.695959313979611,973,113,0.000000,0.000000
421,214.075,897,106,138,94,idle,right,False,False,False,False,5.695959313979611,973,113,0.000000,0.000000
422,214.575,897,106,138,94,idle,right,False,False,False,False,5.695959313979611,973,113,0.000000,0.000000
423,215.075,897,106,138,94,idle,right,False,False,False,False,5.695959313979611,973,113,0.000000,0.000000
424,215.570,897,106,138,94,idle,right,False,False,False,False,5.695959313979611,973,113,0.000000,0.000000
425,216.167,897,106,138,94,idle,right,False,False,False,False,5.695959313979611,973,113,0.000000,0.000000
426,216.568,897,106,138,94,idle,right,False,False,False,False,5.695959313979611,973,113,0.000000,0.000000
427,217.071,897,106,138,94,idle,right,False,False,False,False,5.695959313979611,973,113,0.000000,0.000000
428,217.574,897,106,138,94,idle,right,False,False,False,False,5.695959313979611,973,113,0.000000,0.000000
429,218.075,992,107,38,80,walk_right,right,True,False,False,False,5.765045843786682,1055,95,5.001441,-1.000288
430,218.574,1032,99,38,80,idle,right,False,False,False,False,5.765045843786682,1055,95,0.000000,0.000000
431,219.105,982,92,138,94,idle,right,False,False,False,False,5.765045843786682,1055,95,0.000000,0.000000
432,219.572,982,92,138,94,idle,right,False,False,False,False,5.765045843786682,1055,95,0.000000,0.000000
433,220.070,982,92,138,94,idle,right,False,False,False,False,5.765045843786682,1055,95,0.000000,0.000000
434,220.854,982,92,138,94,idle,right,False,False,False,False,5.765045843786682,1055,95,0.000000,0.000000
435,221.068,1045,98,38,80,walk_right,right,True,False,False,False,5.558707986765335,1185,82,5.350256,0.000000
436,221.568,1115,90,38,80,walk_right,right,True,False,False,False,5.558707986765335,1185,82,4.929786,0.000000
437,222.173,1112,78,138,94,idle,right,False,False,False,False,5.558707986765335,1185,82,0.000000,0.000000
438,222.572,1112,78,138,94,idle,right,False,False,False,False,5.558707986765335,1185,82,0.000000,0.000000
439,223.072,1112,78,138,94,idle,right,False,False,False,False,5.558707986765335,1185,82,0.000000,0.000000
440,223.574,1112,78,138,94,idle,right,False,False,False,False,5.558707986765335,1185,82,0.000000,0.000000
441,224.075,1112,78,138,94,idle,right,False,False,False,False,5.558707986765335,1185,82,0.000000,0.000000
442,224.574,1112,78,138,94,idle,right,False,False,False,False,5.558707986765335,1185,82,0.000000,0.000000
443,225.183,1112,78,138,94,idle,down,False,False,False,False,6.353405202765897,2194,333,0.000000,0.000000
444,225.566,1189,88,38,80,walk_right,right,True,False,False,False,5.170074475531926,1426,111,5.489508,1.097902
445,226.066,1256,94,38,80,walk_right,right,True,False,False,False,5.170074475531926,1426,111,5.687071,0.000000
446,226.568,1313,102,38,80,walk_left,left,True,False,False,False,5.170074475531926,137,390,-5.280323,2.112129
447,227.075,1248,118,38,80,walk_left,left,True,False,False,False,5.170074475531926,137,390,-5.280323,2.112129
448,227.572,1183,134,38,80,walk_left,left,True,False,False,False,5.170074475531926,137,390,-5.280323,2.112129
449,228.112,1127,147,38,80,walk_left,left,True,False,False,False,5.170074475531926,137,390,-5.576643,1.115329
450,228.568,1072,161,38,80,walk_left,left,True,False,False,False,5.170074475531926,137,390,-5.576643,1.115329
451,229.075,1007,177,38,80,walk_left,left,True,False,False,False,5.170074475531926,137,390,-5.576643,1.115329
452,229.575,941,193,38,80,walk_left,left,True,False,False,False,5.170074475531926,137,390,-5.609703,0.934951
453,230.067,881,208,38,80,walk_left,left,True,False,False,False,5.170074475531926,137,390,-5.280323,2.112129
454,230.628,811,225,38,80,walk_left,left,True,False,False,False,5.170074475531926,137,390,-5.576643,1.115329
455,231.108,766,236,38,80,walk_left,left,True,False,False,False,5.170074475531926,137,390,-5.576643,1.115329
456,231.576,711,249,38,80,walk_left,left,True,False,False,False,5.170074475531926,137,390,-5.576643,1.115329
457,232.072,645,265,38,80,walk_left,left,True,False,False,False,5.170074475531926,137,390,-5.576643,1.115329
458,232.575,575,283,38,80,walk_left,left,True,False,False,False,5.170074475531926,137,390,-5.280323,2.112129
459,233.069,515,297,38,80,walk_left,left,True,False,False,False,5.170074475531926,137,390,-5.576643,1.115329
460,233.567,444,315,38,80,walk_left,left,True,False,False,False,5.170074475531926,137,390,-5.280323,2.112129
461,234.123,389,328,38,80,walk_left,left,True,False,False,False,5.170074475531926,137,390,-5.576643,1.115329
462,234.575,334,342,38,80,walk_left,left,True,False,False,False,5.170074475531926,137,390,-5.576643,1.115329
463,235.075,269,358,38,80,walk_left,left,True,False,False,False,5.170074475531926,137,390,-5.280323,2.112129
464,235.570,206,373,38,80,walk_left,left,True,False,False,False,5.170074475531926,137,390,-4.431065,1.107766
465,236.076,162,384,38,80,idle,left,False,False,False,False,5.170074475531926,137,390,0.000000,0.000000
466,236.566,112,377,138,94,idle,left,False,False,False,False,5.170074475531926,137,390,0.000000,0.000000
467,237.110,112,377,138,94,idle,left,False,False,False,False,5.170074475531926,137,390,0.000000,0.000000
468,237.570,112,377,138,94,idle,left,False,False,False,False,5.170074475531926,137,390,0.000000,0.000000
469,238.075,112,377,138,94,idle,left,False,False,False,False,5.170074475531926,137,390,0.000000,0.000000
470,238.575,112,377,138,94,idle,left,False,False,False,False,5.170074475531926,137,390,0.000000,0.000000
471,239.075,112,377,138,94,idle,left,False,False,False,False,5.170074475531926,137,390,0.000000,0.000000
472,239.574,112,377,138,94,idle,left,False,False,False,False,5.170074475531926,137,390,0.000000,0.000000
473,240.173,118,390,38,80,walk_left,left,True,False,False,False,5.450264225842095,50,393,-4.809305,0.000000
474,240.571,75,392,38,80,idle,left,False,False,False,False,5.450264225842095,50,393,0.000000,0.000000
475,241.069,25,385,138,94,idle,left,False,False,False,False,5.450264225842095,50,393,0.000000,0.000000
476,241.622,25,385,138,94,idle,left,False,False,False,False,5.450264225842095,50,393,0.000000,0.000000
477,242.075,25,385,138,94,idle,left,False,False,False,False,5.450264225842095,50,393,0.000000,0.000000
478,242.570,25,385,138,94,idle,left,False,False,False,False,5.450264225842095,50,393,0.000000,0.000000
479,243.114,27,384,138,94,idle,right,False,False,False,False,5.643060889320749,50,376,0.000000,0.000000
480,243.574,27,384,138,94,idle,right,False,False,False,False,5.643060889320749,50,376,0.000000,0.000000
481,244.067,27,384,138,94,idle,right,False,False,False,False,5.643060889320749,50,376,0.000000,0.000000
482,244.574,27,384,138,94,idle,right,False,False,False,False,5.643060889320749,50,376,0.000000,0.000000
483,245.075,27,384,138,94,idle,right,False,False,False,False,5.643060889320749,50,376,0.000000,0.000000
484,245.574,27,384,138,94,idle,right,False,False,False,False,5.643060889320749,50,376,0.000000,0.000000
485,246.111,27,384,138,94,idle,right,False,False,False,False,5.643060889320749,50,376,0.000000,0.000000
486,246.570,27,384,138,94,idle,right,False,False,False,False,5.643060889320749,50,376,0.000000,0.000000
487,247.075,27,384,138,94,idle,right,False,False,False,False,5.643060889320749,50,376,0.000000,0.000000
488,247.566,27,384,138,94,idle,right,False,False,False,False,5.643060889320749,50,376,0.000000,0.000000
489,248.071,27,384,138,94,idle,right,False,False,False,False,5.643060889320749,50,376,0.000000,0.000000
490,248.568,27,384,138,94,idle,right,False,False,False,False,5.643060889320749,50,376,0.000000,0.000000
491,249.115,27,384,138,94,idle,up,False,False,False,False,5.643060889320749,50,376,0.000000,0.000000
492,249.575,27,384,138,94,idle,up,False,False,False,False,5.643060889320749,50,376,0.000000,0.000000
493,250.075,27,384,138,94,idle,up,False,False,False,False,5.643060889320749,50,376,0.000000,0.000000
494,250.573,27,384,138,94,idle,up,False,False,False,False,5.643060889320749,50,376,0.000000,0.000000
495,251.070,145,382,38,80,walk_right,right,True,False,False,False,6.0390089852792155,303,361,6.550926,-1.091821
496,251.815,222,372,38,80,walk_right,right,True,False,False,False,6.0390089852792155,303,361,5.405834,-0.900972
497,252.118,193,362,138,94,idle,right,True,False,False,False,6.0390089852792155,303,361,5.221305,-1.044261
498,252.568,254,361,138,94,idle,right,True,False,False,False,6.0390089852792155,303,361,5.316279,0.000000
499,253.067,280,361,138,94,idle,right,False,False,False,False,6.0390089852792155,303,361,0.000000,0.000000
500,253.575,380,359,38,80,walk_right,right,True,False,False,False,6.0390089852792155,635,299,6.539728,-1.089955
501,254.074,456,341,38,80,walk_right,right,True,False,False,False,6.0390089852792155,635,299,6.552524,-1.092087
502,254.569,532,323,38,80,walk_right,right,True,False,False,False,6.0390089852792155,635,299,6.513909,-1.302782
503,255.110,597,308,38,80,walk_right,right,True,False,False,False,6.0390089852792155,635,299,5.578285,-0.929714
504,255.571,610,305,40,80,look_up,right,False,False,False,False,6.0390089852792155,635,299,0.000000,0.000000
505,256.075,610,305,40,80,idle,right,False,False,False,False,6.0390089852792155,635,299,0.000000,0.000000
506,256.574,561,298,138,94,idle,right,False,False,False,False,6.0390089852792155,635,299,0.000000,0.000000
507,257.075,561,298,138,94,idle,right,False,False,False,False,6.0390089852792155,635,299,0.000000,0.000000
508,257.570,561,298,138,94,idle,right,False,False,False,False,6.0390089852792155,635,299,0.000000,0.000000
509,258.118,561,298,138,94,idle,right,False,False,False,False,6.0390089852792155,635,299,0.000000,0.000000
510,258.575,561,298,138,94,idle,left,False,False,False,False,6.0390089852792155,635,299,0.000000,0.000000
511,259.071,561,298,138,94,idle,left,False,False,False,False,6.0390089852792155,635,299,0.000000,0.000000
512,259.573,561,298,138,94,idle,left,False,False,False,False,6.0390089852792155,635,299,0.000000,0.000000
513,260.070,638,303,38,80,walk_right,right,True,False,False,False,6.316751032417035,865,291,6.639701,-1.106617
514,260.569,714,299,38,80,walk_right,right,True,False,False,False,6.316751032417035,865,291,6.853833,-1.142306
515,261.111,783,295,38,80,walk_right,right,True,False,False,False,6.316751032417035,865,291,5.825802,-0.970967
516,261.669,843,292,38,80,idle,right,False,False,False,False,6.316751032417035,865,291,0.000000,0.000000
517,262.069,793,285,138,94,idle,right,False,False,False,False,6.316751032417035,865,291,0.000000,0.000000
518,262.566,793,285,138,94,idle,right,False,False,False,False,6.316751032417035,865,291,0.000000,0.000000
519,263.069,793,285,138,94,idle,right,False,False,False,False,6.316751032417035,865,291,0.000000,0.000000
520,263.574,793,285,138,94,idle,left,False,False,False,False,6.316751032417035,865,291,0.000000,0.000000
521,264.109,793,285,138,94,idle,left,False,False,False,False,6.316751032417035,865,291,0.000000,0.000000
522,264.574,793,285,138,94,idle,left,False,False,False,False,6.316751032417035,865,291,0.000000,0.000000
523,265.073,793,285,138,94,idle,left,False,False,False,False,6.316751032417035,865,291,0.000000,0.000000
524,265.567,793,285,138,94,idle,left,False,False,False,False,6.316751032417035,865,291,0.000000,0.000000
525,266.075,793,285,138,94,idle,left,False,False,False,False,6.316751032417035,865,291,0.000000,0.000000
526,266.574,793,285,138,94,idle,left,False,False,False,False,6.316751032417035,865,291,0.000000,0.000000
527,267.119,793,285,138,94,idle,left,False,False,False,False,6.316751032417035,865,291,0.000000,0.000000
528,267.575,793,285,138,94,idle,left,False,False,False,False,6.316751032417035,865,291,0.000000,0.000000
529,268.075,793,285,138,94,idle,left,False,False,False,False,6.316751032417035,865,291,0.000000,0.000000
530,268.567,793,285,138,94,idle,left,False,False,False,False,6.316751032417035,865,291,0.000000,0.000000
531,269.068,793,285,138,94,idle,left,False,False,False,False,6.316751032417035,865,291,0.000000,0.000000
532,269.576,793,285,138,94,idle,left,False,False,False,False,6.316751032417035,865,291,0.000000,0.000000
533,270.114,793,285,138,94,idle,left,False,False,False,False,6.316751032417035,865,291,0.000000,0.000000
534,270.574,793,285,138,94,idle,left,False,False,False,False,6.316751032417035,865,291,0.000000,0.000000
535,271.075,815,289,138,94,walk_right,right,True,False,False,False,5.140580157372831,998,321,5.371553,1.074311
536,271.696,919,307,38,80,walk_left,left,True,False,False,False,5.140580157372831,-23,243,-5.106824,0.000000
537,272.069,877,304,38,80,walk_left,left,True,False,False,False,5.140580157372831,-23,243,-5.652498,0.000000
538,272.571,811,299,38,80,walk_left,left,True,False,False,False,5.140580157372831,-23,243,-5.544829,-1.108966
539,273.123,749,295,38,80,walk_left,left,True,False,False,False,5.140580157372831,-23,243,-5.544829,-1.108966
540,273.572,693,291,38,80,walk_left,left,True,False,False,False,5.140580157372831,-23,243,-5.544829,-1.108966
541,274.073,626,287,38,80,walk_left,left,True,False,False,False,5.140580157372831,-23,243,-5.654638,0.000000
542,274.573,560,282,38,80,walk_left,left,True,False,False,False,5.140580157372831,-23,243,-5.544829,-1.108966
543,275.072,493,278,38,80,walk_left,left,True,False,False,False,5.140580157372831,-23,243,-5.654638,0.000000
544,275.572,421,273,38,80,walk_left,left,True,False,False,False,5.140580157372831,-23,243,-5.654638,0.000000
545,276.113,365,269,38,80,walk_left,left,True,False,False,False,5.140580157372831,-23,243,-5.544829,-1.108966
546,276.567,308,265,38,80,walk_left,left,True,False,False,False,5.140580157372831,-23,243,-5.544829,-1.108966
547,277.074,236,261,38,80,walk_left,left,True,False,False,False,5.140580157372831,-23,243,-5.654638,0.000000
548,277.578,170,256,38,80,walk_left,left,True,False,False,False,5.140580157372831,-23,243,-5.654638,0.000000
549,278.076,103,252,38,80,walk_left,left,True,False,False,False,5.140580157372831,-23,243,-5.654638,0.000000
550,278.573,58,248,38,80,look_up,up,True,False,False,False,5.140580157372831,-23,243,0.000000,0.000000
551,279.177,57,248,40,80,look_up,up,True,False,False,False,5.140580157372831,-23,243,0.000000,0.000000
552,279.573,39,247,40,80,walk_left,left,True,False,False,False,5.140580157372831,-23,243,-4.251499,-1.062875
553,280.077,0,244,38,80,idle,left,False,False,False,False,5.140580157372831,-23,243,0.000000,0.000000
554,280.575,-50,237,138,94,idle,left,False,False,False,False,5.140580157372831,-23,243,0.000000,0.000000
555,281.068,-50,237,138,94,idle,left,False,False,False,False,5.140580157372831,-23,243,0.000000,0.000000
556,281.574,-50,237,138,94,idle,left,False,False,False,False,5.140580157372831,-23,243,0.000000,0.000000
557,282.110,-50,237,138,94,idle,left,False,False,False,False,5.140580157372831,-23,243,0.000000,0.000000
558,282.567,-50,237,138,94,idle,left,False,False,False,False,5.140580157372831,-23,243,0.000000,0.000000
559,283.074,-50,237,138,94,idle,left,False,False,False,False,5.140580157372831,-23,243,0.000000,0.000000
560,283.574,-50,237,138,94,idle,left,False,False,False,False,5.140580157372831,-23,243,0.000000,0.000000
561,284.184,-50,237,138,94,idle,left,False,False,False,False,5.140580157372831,-23,243,0.000000,0.000000
562,284.575,-50,237,138,94,idle,left,False,False,False,False,5.140580157372831,-23,243,0.000000,0.000000
563,285.117,-50,237,138,94,idle,left,False,False,False,False,5.140580157372831,-23,243,0.000000,0.000000
564,285.568,-50,237,138,94,idle,left,False,False,False,False,5.140580157372831,-23,243,0.000000,0.000000
565,286.067,-50,237,138,94,idle,left,False,False,False,False,5.140580157372831,-23,243,0.000000,0.000000
566,286.577,-50,237,138,94,idle,left,False,False,False,False,5.140580157372831,-23,243,0.000000,0.000000
567,287.066,-50,237,138,94,idle,left,False,False,False,False,5.140580157372831,-23,243,0.000000,0.000000
568,287.575,-50,237,138,94,idle,left,False,False,False,False,5.140580157372831,-23,243,0.000000,0.000000
569,288.167,-50,237,138,94,idle,left,False,False,False,False,5.140580157372831,-23,243,0.000000,0.000000
570,288.566,-50,237,138,94,idle,left,False,False,False,False,5.140580157372831,-23,243,0.000000,0.000000
571,289.066,17,229,38,80,walk_right,right,True,False,False,False,5.076163307803311,50,200,3.431744,-3.431744
572,289.576,-17,208,138,94,idle,right,False,False,False,False,5.076163307803311,50,200,0.000000,0.000000
573,290.076,-17,208,138,94,idle,right,False,False,False,False,5.076163307803311,50,200,0.000000,0.000000
574,290.575,-17,208,138,94,idle,right,False,False,False,False,5.076163307803311,50,200,0.000000,0.000000
575,291.122,-17,208,138,94,idle,right,False,False,False,False,5.076163307803311,50,200,0.000000,0.000000
576,291.572,71,213,38,80,walk_right,right,True,False,False,False,5.491828688031005,275,193,5.772604,-0.962101
577,292.070,147,206,38,80,walk_right,right,True,False,False,False,5.491828688031005,275,193,6.041000,0.000000
578,292.629,215,199,38,80,walk_right,right,True,False,False,False,5.491828688031005,275,193,4.842248,0.000000
579,293.076,202,188,138,94,idle,right,False,False,False,False,5.491828688031005,275,193,0.000000,0.000000
580,293.576,202,188,138,94,idle,left,False,False,False,False,5.491828688031005,275,193,0.000000,0.000000
581,294.109,202,188,138,94,idle,left,False,False,False,False,5.491828688031005,275,193,0.000000,0.000000
582,294.575,202,188,138,94,idle,left,False,False,False,False,5.491828688031005,275,193,0.000000,0.000000
583,295.076,202,188,138,94,idle,left,False,False,False,False,5.491828688031005,275,193,0.000000,0.000000
584,295.576,318,197,38,80,walk_right,right,True,False,False,False,6.391198217286757,498,203,7.026885,0.000000
585,296.067,401,200,38,80,walk_right,right,True,False,False,False,6.391198217286757,498,203,7.030318,0.000000
586,296.576,475,202,38,80,idle,right,False,False,False,False,6.391198217286757,498,203,0.000000,0.000000
587,297.116,425,195,138,94,idle,right,False,False,False,False,6.391198217286757,498,203,0.000000,0.000000
588,297.568,425,195,138,94,idle,right,False,False,False,False,6.391198217286757,498,203,0.000000,0.000000
589,298.076,425,195,138,94,idle,right,False,False,False,False,6.391198217286757,498,203,0.000000,0.000000
590,298.571,425,195,138,94,idle,left,False,False,False,False,6.391198217286757,498,203,0.000000,0.000000
591,299.070,425,195,138,94,idle,left,False,False,False,False,6.391198217286757,498,203,0.000000,0.000000
592,299.568,512,204,38,80,walk_right,right,True,False,False,False,5.882578462539492,657,212,6.420283,0.000000
593,300.108,561,206,46,82,sleep,right,False,False,True,False,5.882578462539492,657,212,5.823654,0.000000
594,300.567,561,206,46,82,sleep,right,False,False,True,False,5.882578462539492,657,212,5.823654,0.000000
595,301.068,561,206,46,82,sleep,right,False,False,True,False,5.882578462539492,657,212,5.823654,0.000000
596,301.576,561,206,46,82,sleep,right,False,False,True,False,5.882578462539492,657,212,5.823654,0.000000
597,302.080,561,206,46,82,sleep,right,False,False,True,False,5.882578462539492,657,212,5.823654,0.000000
598,302.630,561,206,46,82,sleep,right,False,False,True,False,5.882578462539492,657,212,5.823654,0.000000
599,303.112,561,206,46,82,sleep,right,False,False,True,False,5.882578462539492,657,212,5.823654,0.000000
600,303.573,561,206,46,82,sleep,left,False,False,True,False,5.882578462539492,657,212,5.823654,0.000000
601,304.072,561,206,46,82,sleep,left,False,False,True,False,5.882578462539492,657,212,5.823654,0.000000
602,304.571,561,206,46,82,sleep,left,False,False,True,False,5.882578462539492,657,212,5.823654,0.000000
603,305.070,561,206,46,82,sleep,left,False,False,True,False,5.882578462539492,657,212,5.823654,0.000000
604,305.568,561,206,46,82,sleep,left,False,False,True,False,5.882578462539492,657,212,5.823654,0.000000
605,306.107,561,206,46,82,sleep,left,False,False,True,False,5.882578462539492,657,212,5.823654,0.000000
606,306.575,561,206,46,82,sleep,left,False,False,True,False,5.882578462539492,657,212,5.823654,0.000000
607,307.076,561,206,46,82,sleep,left,False,False,True,False,5.882578462539492,657,212,5.823654,0.000000
608,307.571,561,206,46,82,sleep,left,False,False,True,False,5.882578462539492,657,212,5.823654,0.000000
609,308.069,561,206,46,82,sleep,left,False,False,True,False,5.882578462539492,657,212,5.823654,0.000000
610,308.567,561,206,46,82,sleep,left,False,False,True,False,5.882578462539492,657,212,5.823654,0.000000
611,309.120,561,206,46,82,sleep,left,False,False,True,False,5.882578462539492,657,212,5.823654,0.000000
612,309.575,561,206,46,82,sleep,left,False,False,True,False,5.882578462539492,657,212,5.823654,0.000000
613,310.074,561,206,46,82,sleep,left,False,False,True,False,5.882578462539492,657,212,5.823654,0.000000
614,310.575,561,206,46,82,sleep,left,False,False,True,False,5.882578462539492,657,212,5.823654,0.000000
615,311.070,561,206,46,82,sleep,left,False,False,True,False,5.882578462539492,657,212,5.823654,0.000000
616,311.570,561,206,46,82,sleep,left,False,False,True,False,5.882578462539492,657,212,5.823654,0.000000
617,312.106,561,206,46,82,sleep,left,False,False,True,False,5.882578462539492,657,212,5.823654,0.000000
618,312.566,561,206,46,82,sleep,left,False,False,True,False,5.882578462539492,657,212,5.823654,0.000000
619,313.067,561,206,46,82,sleep,left,False,False,True,False,5.882578462539492,657,212,5.823654,0.000000
620,313.810,561,206,46,82,sleep,left,False,False,True,False,5.882578462539492,657,212,5.823654,0.000000
621,314.076,561,206,46,82,sleep,left,False,False,True,False,5.882578462539492,657,212,5.823654,0.000000
622,314.576,561,206,46,82,sleep,left,False,False,True,False,5.882578462539492,657,212,5.823654,0.000000
623,315.104,561,206,46,82,sleep,left,False,False,True,False,5.882578462539492,657,212,5.823654,0.000000
624,315.577,561,206,46,82,sleep,left,False,False,True,False,5.882578462539492,657,212,5.823654,0.000000
625,316.071,561,206,46,82,sleep,left,False,False,True,False,5.882578462539492,657,212,5.823654,0.000000
626,316.571,561,206,46,82,sleep,left,False,False,True,False,5.882578462539492,657,212,5.823654,0.000000
627,317.068,561,206,46,82,sleep,left,False,False,True,False,5.882578462539492,657,212,5.823654,0.000000
628,317.573,561,206,46,82,sleep,left,False,False,True,False,5.882578462539492,657,212,5.823654,0.000000
629,318.125,561,206,46,82,sleep,left,False,False,True,False,5.882578462539492,657,212,5.823654,0.000000
630,318.574,561,206,46,82,sleep,left,False,False,True,False,5.882578462539492,657,212,5.823654,0.000000
631,319.075,561,206,46,82,sleep,left,False,False,True,False,5.882578462539492,657,212,5.823654,0.000000
632,319.567,561,206,46,82,sleep,left,False,False,True,False,5.882578462539492,657,212,5.823654,0.000000
633,320.074,561,206,46,82,sleep,left,False,False,True,False,5.882578462539492,657,212,5.823654,0.000000
634,320.569,561,206,46,82,sleep,left,False,False,True,False,5.882578462539492,657,212,5.823654,0.000000
635,321.108,561,206,46,82,sleep,left,False,False,True,False,5.882578462539492,657,212,5.823654,0.000000
636,321.575,561,206,46,82,sleep,left,False,False,True,False,5.882578462539492,657,212,5.823654,0.000000
637,322.077,561,206,46,82,sleep,left,False,False,True,False,5.882578462539492,657,212,5.823654,0.000000
638,322.573,561,206,46,82,sleep,left,False,False,True,False,5.882578462539492,657,212,5.823654,0.000000
639,323.069,561,206,46,82,sleep,left,False,False,True,False,5.882578462539492,657,212,5.823654,0.000000
640,323.669,561,206,46,82,sleep,left,False,False,True,False,5.882578462539492,657,212,5.823654,0.000000
641,324.116,561,206,46,82,sleep,left,False,False,True,False,5.882578462539492,657,212,5.823654,0.000000
642,324.574,561,206,46,82,sleep,left,False,False,True,False,5.882578462539492,657,212,5.823654,0.000000
643,325.075,561,206,46,82,sleep,left,False,False,True,False,5.882578462539492,657,212,5.823654,0.000000
644,325.575,561,206,46,82,sleep,left,False,False,True,False,5.882578462539492,657,212,5.823654,0.000000
645,326.075,561,206,46,82,sleep,left,False,False,True,False,5.882578462539492,657,212,5.823654,0.000000
646,326.566,561,206,46,82,sleep,left,False,False,True,False,5.882578462539492,657,212,5.823654,0.000000
647,327.105,561,206,46,82,sleep,left,False,False,True,False,5.882578462539492,657,212,5.823654,0.000000
648,327.571,561,206,46,82,sleep,left,False,False,True,False,5.882578462539492,657,212,5.823654,0.000000
649,328.068,561,206,46,82,sleep,left,False,False,True,False,5.882578462539492,657,212,5.823654,0.000000
650,328.575,561,206,46,82,sleep,left,False,False,True,False,5.882578462539492,657,212,5.823654,0.000000
651,329.076,561,206,46,82,sleep,left,False,False,True,False,5.882578462539492,657,212,5.823654,0.000000
652,329.574,561,206,46,82,sleep,left,False,False,True,False,5.882578462539492,657,212,5.823654,0.000000
653,330.105,561,206,46,82,sleep,left,False,False,True,False,5.882578462539492,657,212,5.823654,0.000000
654,330.575,561,206,46,82,sleep,left,False,False,True,False,5.882578462539492,657,212,5.823654,0.000000
655,331.075,561,206,46,82,sleep,left,False,False,True,False,5.882578462539492,657,212,5.823654,0.000000
656,331.574,561,206,46,82,sleep,left,False,False,True,False,5.882578462539492,657,212,5.823654,0.000000
657,332.092,561,206,46,82,sleep,left,False,False,True,False,5.882578462539492,657,212,5.823654,0.000000
658,332.568,561,206,46,82,sleep,left,False,False,True,False,5.882578462539492,657,212,5.823654,0.000000
659,333.104,561,206,46,82,sleep,left,False,False,True,False,5.882578462539492,657,212,5.823654,0.000000
660,333.642,561,206,46,82,sleep,left,False,False,True,False,5.882578462539492,657,212,5.823654,0.000000
661,334.074,561,206,46,82,sleep,left,False,False,True,False,5.882578462539492,657,212,5.823654,0.000000
662,334.574,561,206,46,82,sleep,left,False,False,True,False,5.882578462539492,657,212,5.823654,0.000000
663,335.075,561,206,46,82,sleep,left,False,False,True,False,5.882578462539492,657,212,5.823654,0.000000
664,335.574,561,206,46,82,sleep,left,False,False,True,False,5.882578462539492,657,212,5.823654,0.000000
665,336.113,561,206,46,82,sleep,left,False,False,True,False,5.882578462539492,657,212,5.823654,0.000000
666,336.567,561,206,46,82,sleep,left,False,False,True,False,5.882578462539492,657,212,5.823654,0.000000
667,337.069,561,206,46,82,sleep,left,False,False,True,False,5.882578462539492,657,212,5.823654,0.000000
668,337.572,561,206,46,82,sleep,left,False,False,True,False,5.882578462539492,657,212,5.823654,0.000000
669,338.072,561,206,46,82,sleep,left,False,False,True,False,5.882578462539492,657,212,5.823654,0.000000
670,338.567,561,206,46,82,sleep,left,False,False,True,False,5.882578462539492,657,212,5.823654,0.000000
671,339.112,561,206,46,82,sleep,left,False,False,True,False,5.882578462539492,657,212,5.823654,0.000000
672,339.568,561,206,46,82,sleep,left,False,False,True,False,5.882578462539492,657,212,5.823654,0.000000
673,340.075,561,206,46,82,sleep,left,False,False,True,False,5.882578462539492,657,212,5.823654,0.000000
674,340.575,561,206,46,82,sleep,left,False,False,True,False,5.882578462539492,657,212,5.823654,0.000000
675,341.076,561,206,46,82,sleep,left,False,False,True,False,5.882578462539492,657,212,5.823654,0.000000
676,341.575,561,206,46,82,sleep,left,False,False,True,False,5.882578462539492,657,212,5.823654,0.000000
677,342.105,561,206,46,82,sleep,left,False,False,True,False,5.882578462539492,657,212,5.823654,0.000000
678,342.568,561,206,46,82,sleep,left,False,False,True,False,5.882578462539492,657,212,5.823654,0.000000
679,343.076,561,206,46,82,sleep,left,False,False,True,False,5.882578462539492,657,212,5.823654,0.000000
680,343.574,561,206,46,82,sleep,left,False,False,True,False,5.882578462539492,657,212,5.823654,0.000000
681,344.070,561,206,46,82,sleep,left,False,False,True,False,5.882578462539492,657,212,5.823654,0.000000
682,344.832,561,206,46,82,sleep,left,False,False,True,False,5.882578462539492,657,212,5.823654,0.000000
683,345.123,561,206,46,82,sleep,left,False,False,True,False,5.882578462539492,657,212,5.823654,0.000000
684,345.576,561,206,46,82,sleep,left,False,False,True,False,5.882578462539492,657,212,5.823654,0.000000
685,346.075,561,206,46,82,sleep,left,False,False,True,False,5.882578462539492,657,212,5.823654,0.000000
686,346.576,561,206,46,82,sleep,left,False,False,True,False,5.882578462539492,657,212,5.823654,0.000000
687,347.070,561,206,46,82,sleep,left,False,False,True,False,5.882578462539492,657,212,5.823654,0.000000
688,347.568,561,206,46,82,sleep,left,False,False,True,False,5.882578462539492,657,212,5.823654,0.000000
689,348.121,561,206,46,82,sleep,left,False,False,True,False,5.882578462539492,657,212,5.823654,0.000000
690,348.575,561,206,46,82,sleep,left,False,False,True,False,5.882578462539492,657,212,5.823654,0.000000
691,349.075,561,206,46,82,sleep,left,False,False,True,False,5.882578462539492,657,212,5.823654,0.000000
692,349.575,561,206,46,82,sleep,left,False,False,True,False,5.882578462539492,657,212,5.823654,0.000000
693,350.075,561,206,46,82,sleep,left,False,False,True,False,5.882578462539492,657,212,5.823654,0.000000
694,350.568,561,206,46,82,sleep,left,False,False,True,False,5.882578462539492,657,212,5.823654,0.000000
695,351.106,561,206,46,82,sleep,left,False,False,True,False,5.882578462539492,657,212,5.823654,0.000000
696,351.575,561,206,46,82,sleep,left,False,False,True,False,5.882578462539492,657,212,5.823654,0.000000
697,352.074,561,206,46,82,sleep,left,False,False,True,False,5.882578462539492,657,212,5.823654,0.000000
698,352.573,561,206,46,82,sleep,left,False,False,True,False,5.882578462539492,657,212,5.823654,0.000000
699,353.074,561,206,46,82,sleep,left,False,False,True,False,5.882578462539492,657,212,5.823654,0.000000
700,353.572,561,206,46,82,sleep,left,False,False,True,False,5.882578462539492,657,212,5.823654,0.000000
701,354.103,561,206,46,82,sleep,left,False,False,True,False,5.882578462539492,657,212,5.823654,0.000000
702,354.629,561,206,46,82,sleep,left,False,False,True,False,5.882578462539492,657,212,5.823654,0.000000
703,355.067,561,206,46,82,sleep,left,False,False,True,False,5.882578462539492,657,212,5.823654,0.000000
704,355.575,561,206,46,82,sleep,left,False,False,True,False,5.882578462539492,657,212,5.823654,0.000000
705,356.076,561,206,46,82,sleep,left,False,False,True,False,5.882578462539492,657,212,5.823654,0.000000
706,356.570,561,206,46,82,sleep,left,False,False,True,False,5.882578462539492,657,212,5.823654,0.000000
707,357.106,561,206,46,82,sleep,left,False,False,True,False,5.882578462539492,657,212,5.823654,0.000000
708,357.570,561,206,46,82,sleep,left,False,False,True,False,5.882578462539492,657,212,5.823654,0.000000
709,358.075,561,206,46,82,sleep,left,False,False,True,False,5.882578462539492,657,212,5.823654,0.000000
710,358.575,561,206,46,82,sleep,left,False,False,True,False,5.882578462539492,657,212,5.823654,0.000000
711,359.076,561,206,46,82,sleep,left,False,False,True,False,5.882578462539492,657,212,5.823654,0.000000
712,359.575,561,206,46,82,sleep,left,False,False,True,False,5.882578462539492,657,212,5.823654,0.000000
713,360.120,561,206,46,82,sleep,left,False,False,True,False,5.882578462539492,657,212,5.823654,0.000000
714,360.574,561,206,46,82,sleep,left,False,False,True,False,5.882578462539492,657,212,5.823654,0.000000
715,361.075,561,206,46,82,sleep,left,False,False,True,False,5.882578462539492,657,212,5.823654,0.000000
716,361.568,561,206,46,82,sleep,left,False,False,True,False,5.882578462539492,657,212,5.823654,0.000000
717,362.078,561,206,46,82,sleep,left,False,False,True,False,5.882578462539492,657,212,5.823654,0.000000
718,362.575,561,206,46,82,sleep,left,False,False,True,False,5.882578462539492,657,212,5.823654,0.000000
719,363.112,561,206,46,82,sleep,left,False,False,True,False,5.882578462539492,657,212,5.823654,0.000000
720,363.572,561,206,46,82,sleep,left,False,False,True,False,5.882578462539492,657,212,5.823654,0.000000
721,364.070,561,206,46,82,sleep,left,False,False,True,False,5.882578462539492,657,212,5.823654,0.000000
722,364.567,561,206,46,82,sleep,left,False,False,True,False,5.882578462539492,657,212,5.823654,0.000000
723,365.070,561,206,46,82,sleep,left,False,False,True,False,5.882578462539492,657,212,5.823654,0.000000
724,365.643,561,206,46,82,sleep,left,False,False,True,False,5.882578462539492,657,212,5.823654,0.000000
725,366.116,561,206,46,82,sleep,left,False,False,True,False,5.882578462539492,657,212,5.823654,0.000000
726,366.572,561,206,46,82,sleep,left,False,False,True,False,5.882578462539492,657,212,5.823654,0.000000
727,367.070,561,206,46,82,sleep,left,False,False,True,False,5.882578462539492,657,212,5.823654,0.000000
728,367.567,561,206,46,82,sleep,left,False,False,True,False,5.882578462539492,657,212,5.823654,0.000000
729,368.075,561,206,46,82,sleep,left,False,False,True,False,5.882578462539492,657,212,5.823654,0.000000
730,368.568,561,206,46,82,sleep,left,False,False,True,False,5.882578462539492,657,212,5.823654,0.000000
731,369.121,561,206,46,82,sleep,left,False,False,True,False,5.882578462539492,657,212,5.823654,0.000000
732,369.573,561,206,46,82,sleep,left,False,False,True,False,5.882578462539492,657,212,5.823654,0.000000
733,370.072,561,206,46,82,sleep,left,False,False,True,False,5.882578462539492,657,212,5.823654,0.000000
734,370.571,561,206,46,82,sleep,left,False,False,True,False,5.882578462539492,657,212,5.823654,0.000000
735,371.070,561,206,46,82,sleep,left,False,False,True,False,5.882578462539492,657,212,5.823654,0.000000
736,371.569,561,206,46,82,sleep,left,False,False,True,False,5.882578462539492,657,212,5.823654,0.000000
737,372.115,561,206,46,82,sleep,left,False,False,True,False,5.882578462539492,657,212,5.823654,0.000000
738,372.575,561,206,46,82,sleep,left,False,False,True,False,5.882578462539492,657,212,5.823654,0.000000
739,373.075,561,206,46,82,sleep,left,False,False,True,False,5.882578462539492,657,212,5.823654,0.000000
740,373.575,561,206,46,82,sleep,left,False,False,True,False,5.882578462539492,657,212,5.823654,0.000000
741,374.075,561,206,46,82,sleep,left,False,False,True,False,5.882578462539492,657,212,5.823654,0.000000
742,374.575,561,206,46,82,sleep,left,False,False,True,False,5.882578462539492,657,212,5.823654,0.000000
743,375.110,561,206,46,82,sleep,left,False,False,True,False,5.882578462539492,657,212,5.823654,0.000000
744,375.567,561,206,46,82,sleep,left,False,False,True,False,5.882578462539492,657,212,5.823654,0.000000
745,376.076,561,206,46,82,sleep,left,False,False,True,False,5.882578462539492,657,212,5.823654,0.000000
746,376.829,561,206,46,82,sleep,left,False,False,True,False,5.882578462539492,657,212,5.823654,0.000000
747,377.066,561,206,46,82,sleep,left,False,False,True,False,5.882578462539492,657,212,5.823654,0.000000
748,377.575,561,206,46,82,sleep,left,False,False,True,False,5.882578462539492,657,212,5.823654,0.000000
749,378.121,561,206,46,82,sleep,left,False,False,True,False,5.882578462539492,657,212,5.823654,0.000000
750,378.573,561,206,46,82,sleep,left,False,False,True,False,5.882578462539492,657,212,5.823654,0.000000
751,379.069,561,206,46,82,sleep,left,False,False,True,False,5.882578462539492,657,212,5.823654,0.000000
752,379.568,561,206,46,82,sleep,left,False,False,True,False,5.882578462539492,657,212,5.823654,0.000000
753,380.067,561,206,46,82,sleep,left,False,False,True,False,5.882578462539492,657,212,5.823654,0.000000
754,380.576,561,206,46,82,sleep,left,False,False,True,False,5.882578462539492,657,212,5.823654,0.000000
755,381.106,561,206,46,82,sleep,left,False,False,True,False,5.882578462539492,657,212,5.823654,0.000000
756,381.575,561,206,46,82,sleep,left,False,False,True,False,5.882578462539492,657,212,5.823654,0.000000
757,382.075,561,206,46,82,sleep,left,False,False,True,False,5.882578462539492,657,212,5.823654,0.000000
758,382.567,561,206,46,82,sleep,left,False,False,True,False,5.882578462539492,657,212,5.823654,0.000000
759,383.072,561,206,46,82,sleep,left,False,False,True,False,5.882578462539492,657,212,5.823654,0.000000
760,383.566,561,206,46,82,sleep,left,False,False,True,False,5.882578462539492,657,212,5.823654,0.000000
761,384.110,561,206,46,82,sleep,left,False,False,True,False,5.882578462539492,657,212,5.823654,0.000000
762,384.574,561,206,46,82,sleep,left,False,False,True,False,5.882578462539492,657,212,5.823654,0.000000
763,385.076,561,206,46,82,sleep,left,False,False,True,False,5.882578462539492,657,212,5.823654,0.000000
764,385.575,561,206,46,82,sleep,left,False,False,True,False,5.882578462539492,657,212,5.823654,0.000000
765,386.067,561,206,46,82,sleep,left,False,False,True,False,5.882578462539492,657,212,5.823654,0.000000
766,386.657,561,206,46,82,sleep,left,False,False,True,False,5.882578462539492,657,212,5.823654,0.000000
767,387.120,561,206,46,82,sleep,left,False,False,True,False,5.882578462539492,657,212,5.823654,0.000000
768,387.568,561,206,46,82,sleep,left,False,False,True,False,5.882578462539492,657,212,5.823654,0.000000
769,388.076,561,206,46,82,sleep,left,False,False,True,False,5.882578462539492,657,212,5.823654,0.000000
770,388.573,561,206,46,82,sleep,left,False,False,True,False,5.882578462539492,657,212,5.823654,0.000000
771,389.072,561,206,46,82,sleep,left,False,False,True,False,5.882578462539492,657,212,5.823654,0.000000
772,389.568,561,206,46,82,sleep,left,False,False,True,False,5.882578462539492,657,212,5.823654,0.000000
773,390.108,561,206,46,82,sleep,left,False,False,True,False,5.882578462539492,657,212,5.823654,0.000000
774,390.577,561,206,46,82,sleep,left,False,False,True,False,5.882578462539492,657,212,5.823654,0.000000
775,391.075,561,206,46,82,sleep,left,False,False,True,False,5.882578462539492,657,212,5.823654,0.000000
776,391.573,561,206,46,82,sleep,left,False,False,True,False,5.882578462539492,657,212,5.823654,0.000000
777,392.071,561,206,46,82,sleep,left,False,False,True,False,5.882578462539492,657,212,5.823654,0.000000
778,392.575,561,206,46,82,sleep,left,False,False,True,False,5.882578462539492,657,212,5.823654,0.000000
779,393.123,561,206,46,82,sleep,left,False,False,True,False,5.882578462539492,657,212,5.823654,0.000000
780,393.576,561,206,46,82,sleep,left,False,False,True,False,5.882578462539492,657,212,5.823654,0.000000
781,394.075,561,206,46,82,sleep,left,False,False,True,False,5.882578462539492,657,212,5.823654,0.000000
782,394.573,561,206,46,82,sleep,left,False,False,True,False,5.882578462539492,657,212,5.823654,0.000000
783,395.073,561,206,46,82,sleep,left,False,False,True,False,5.882578462539492,657,212,5.823654,0.000000
784,395.569,561,206,46,82,sleep,left,False,False,True,False,5.882578462539492,657,212,5.823654,0.000000
785,396.114,561,206,46,82,sleep,left,False,False,True,False,5.882578462539492,657,212,5.823654,0.000000
786,396.632,561,206,46,82,sleep,left,False,False,True,False,5.882578462539492,657,212,5.823654,0.000000
787,397.074,561,206,46,82,sleep,left,False,False,True,False,5.882578462539492,657,212,5.823654,0.000000
788,397.574,561,206,46,82,sleep,left,False,False,True,False,5.882578462539492,657,212,5.823654,0.000000
789,398.071,561,206,46,82,sleep,left,False,False,True,False,5.882578462539492,657,212,5.823654,0.000000
790,398.571,561,206,46,82,sleep,left,False,False,True,False,5.882578462539492,657,212,5.823654,0.000000
791,399.105,561,206,46,82,sleep,left,False,False,True,False,5.882578462539492,657,212,5.823654,0.000000
792,399.575,561,206,46,82,sleep,left,False,False,True,False,5.882578462539492,657,212,5.823654,0.000000
793,400.069,561,206,46,82,sleep,left,False,False,True,False,5.882578462539492,657,212,5.823654,0.000000
794,400.575,561,206,46,82,sleep,left,False,False,True,False,5.882578462539492,657,212,5.823654,0.000000
795,401.073,561,206,46,82,sleep,left,False,False,True,False,5.882578462539492,657,212,5.823654,0.000000
796,401.571,561,206,46,82,sleep,left,False,False,True,False,5.882578462539492,657,212,5.823654,0.000000
797,402.108,561,206,46,82,sleep,left,False,False,True,False,5.882578462539492,657,212,5.823654,0.000000
798,402.575,561,206,46,82,sleep,left,False,False,True,False,5.882578462539492,657,212,5.823654,0.000000
799,403.075,561,206,46,82,sleep,left,False,False,True,False,5.882578462539492,657,212,5.823654,0.000000
800,403.575,561,206,46,82,sleep,left,False,False,True,False,5.882578462539492,657,212,5.823654,0.000000
801,404.075,561,206,46,82,sleep,left,False,False,True,False,5.882578462539492,657,212,5.823654,0.000000
802,404.574,561,206,46,82,sleep,left,False,False,True,False,5.882578462539492,657,212,5.823654,0.000000
803,405.116,561,206,46,82,sleep,left,False,False,True,False,5.882578462539492,657,212,5.823654,0.000000
804,405.567,561,206,46,82,sleep,left,False,False,True,False,5.882578462539492,657,212,5.823654,0.000000
805,406.075,561,206,46,82,sleep,left,False,False,True,False,5.882578462539492,657,212,5.823654,0.000000
806,406.575,561,206,46,82,sleep,left,False,False,True,False,5.882578462539492,657,212,5.823654,0.000000
807,407.069,561,206,46,82,sleep,left,False,False,True,False,5.882578462539492,657,212,5.823654,0.000000
808,407.827,561,206,46,82,sleep,left,False,False,True,False,5.882578462539492,657,212,5.823654,0.000000
809,408.123,561,206,46,82,sleep,left,False,False,True,False,5.882578462539492,657,212,5.823654,0.000000
810,408.577,561,206,46,82,sleep,left,False,False,True,False,5.882578462539492,657,212,5.823654,0.000000
811,409.070,561,206,46,82,sleep,left,False,False,True,False,5.882578462539492,657,212,5.823654,0.000000
812,409.569,561,206,46,82,sleep,left,False,False,True,False,5.882578462539492,657,212,5.823654,0.000000
813,410.076,561,206,46,82,sleep,left,False,False,True,False,5.882578462539492,657,212,5.823654,0.000000
814,410.575,561,206,46,82,sleep,left,False,False,True,False,5.882578462539492,657,212,5.823654,0.000000
815,411.107,561,206,46,82,sleep,left,False,False,True,False,5.882578462539492,657,212,5.823654,0.000000
816,411.572,561,206,46,82,sleep,left,False,False,True,False,5.882578462539492,657,212,5.823654,0.000000
817,412.073,561,206,46,82,sleep,left,False,False,True,False,5.882578462539492,657,212,5.823654,0.000000
818,412.566,561,206,46,82,sleep,left,False,False,True,False,5.882578462539492,657,212,5.823654,0.000000
819,413.076,561,206,46,82,sleep,left,False,False,True,False,5.882578462539492,657,212,5.823654,0.000000
820,413.575,561,206,46,82,sleep,left,False,False,True,False,5.882578462539492,657,212,5.823654,0.000000
821,414.115,561,206,46,82,sleep,left,False,False,True,False,5.882578462539492,657,212,5.823654,0.000000
822,414.567,561,206,46,82,sleep,left,False,False,True,False,5.882578462539492,657,212,5.823654,0.000000
823,415.075,561,206,46,82,sleep,left,False,False,True,False,5.882578462539492,657,212,5.823654,0.000000
824,415.575,561,206,46,82,sleep,left,False,False,True,False,5.882578462539492,657,212,5.823654,0.000000
825,416.070,561,206,46,82,sleep,left,False,False,True,False,5.882578462539492,657,212,5.823654,0.000000
826,416.568,561,206,46,82,sleep,left,False,False,True,False,5.882578462539492,657,212,5.823654,0.000000
827,417.107,561,206,46,82,sleep,left,False,False,True,False,5.882578462539492,657,212,5.823654,0.000000
828,417.634,561,206,46,82,sleep,left,False,False,True,False,5.882578462539492,657,212,5.823654,0.000000
829,418.072,561,206,46,82,sleep,left,False,False,True,False,5.882578462539492,657,212,5.823654,0.000000
830,418.575,561,206,46,82,sleep,left,False,False,True,False,5.882578462539492,657,212,5.823654,0.000000
831,419.075,561,206,46,82,sleep,left,False,False,True,False,5.882578462539492,657,212,5.823654,0.000000
832,419.573,561,206,46,82,sleep,left,False,False,True,False,5.882578462539492,657,212,5.823654,0.000000
833,420.106,561,206,46,82,sleep,left,False,False,True,False,5.882578462539492,657,212,5.823654,0.000000
834,420.570,561,206,46,82,sleep,left,False,False,True,False,5.882578462539492,657,212,5.823654,0.000000
835,421.069,561,206,46,82,sleep,left,False,False,True,False,5.882578462539492,657,212,5.823654,0.000000
836,421.574,561,206,46,82,sleep,left,False,False,True,False,5.882578462539492,657,212,5.823654,0.000000
837,422.075,561,206,46,82,sleep,left,False,False,True,False,5.882578462539492,657,212,5.823654,0.000000
838,422.575,561,206,46,82,sleep,left,False,False,True,False,5.882578462539492,657,212,5.823654,0.000000
839,423.119,561,206,46,82,sleep,left,False,False,True,False,5.882578462539492,657,212,5.823654,0.000000
840,423.569,561,206,46,82,sleep,left,False,False,True,False,5.882578462539492,657,212,5.823654,0.000000
841,424.077,561,206,46,82,sleep,left,False,False,True,False,5.882578462539492,657,212,5.823654,0.000000
842,424.567,561,206,46,82,sleep,left,False,False,True,False,5.882578462539492,657,212,5.823654,0.000000
843,425.076,561,206,46,82,sleep,left,False,False,True,False,5.882578462539492,657,212,5.823654,0.000000
844,425.570,561,206,46,82,sleep,left,False,False,True,False,5.882578462539492,657,212,5.823654,0.000000
845,426.149,561,206,46,82,sleep,left,False,False,True,False,5.882578462539492,657,212,5.823654,0.000000
846,426.575,561,206,46,82,sleep,left,False,False,True,False,5.882578462539492,657,212,5.823654,0.000000
847,427.073,561,206,46,82,sleep,left,False,False,True,False,5.882578462539492,657,212,5.823654,0.000000
848,427.575,561,206,46,82,sleep,left,False,False,True,False,5.882578462539492,657,212,5.823654,0.000000
849,428.066,561,206,46,82,sleep,left,False,False,True,False,5.882578462539492,657,212,5.823654,0.000000
850,428.633,561,206,46,82,sleep,left,False,False,True,False,5.882578462539492,657,212,5.823654,0.000000
851,429.116,561,206,46,82,sleep,left,False,False,True,False,5.882578462539492,657,212,5.823654,0.000000
852,429.569,561,206,46,82,sleep,left,False,False,True,False,5.882578462539492,657,212,5.823654,0.000000
853,430.067,561,206,46,82,sleep,left,False,False,True,False,5.882578462539492,657,212,5.823654,0.000000
854,430.574,561,206,46,82,sleep,left,False,False,True,False,5.882578462539492,657,212,5.823654,0.000000
855,431.075,561,206,46,82,sleep,left,False,False,True,False,5.882578462539492,657,212,5.823654,0.000000
856,431.567,561,206,46,82,sleep,left,False,False,True,False,5.882578462539492,657,212,5.823654,0.000000
857,432.107,561,206,46,82,sleep,left,False,False,True,False,5.882578462539492,657,212,5.823654,0.000000
858,432.575,561,206,46,82,sleep,left,False,False,True,False,5.882578462539492,657,212,5.823654,0.000000
859,433.071,561,206,46,82,sleep,left,False,False,True,False,5.882578462539492,657,212,5.823654,0.000000
860,433.574,561,206,46,82,sleep,left,False,False,True,False,5.882578462539492,657,212,5.823654,0.000000
861,434.076,561,206,46,82,sleep,left,False,False,True,False,5.882578462539492,657,212,5.823654,0.000000
862,434.575,561,206,46,82,sleep,left,False,False,True,False,5.882578462539492,657,212,5.823654,0.000000
863,435.108,561,206,46,82,sleep,left,False,False,True,False,5.882578462539492,657,212,5.823654,0.000000
864,435.570,561,206,46,82,sleep,left,False,False,True,False,5.882578462539492,657,212,5.823654,0.000000
865,436.076,561,206,46,82,sleep,left,False,False,True,False,5.882578462539492,657,212,5.823654,0.000000
866,436.575,561,206,46,82,sleep,left,False,False,True,False,5.882578462539492,657,212,5.823654,0.000000
867,437.075,561,206,46,82,sleep,left,False,False,True,False,5.882578462539492,657,212,5.823654,0.000000
868,437.572,561,206,46,82,sleep,left,False,False,True,False,5.882578462539492,657,212,5.823654,0.000000
869,438.117,561,206,46,82,sleep,left,False,False,True,False,5.882578462539492,657,212,5.823654,0.000000
870,438.896,561,206,46,82,sleep,left,False,False,True,False,5.882578462539492,657,212,5.823654,0.000000
871,439.070,561,206,46,82,sleep,left,False,False,True,False,5.882578462539492,657,212,5.823654,0.000000
872,439.575,561,206,46,82,sleep,left,False,False,True,False,5.882578462539492,657,212,5.823654,0.000000
873,440.075,561,206,46,82,sleep,left,False,False,True,False,5.882578462539492,657,212,5.823654,0.000000
874,440.575,561,206,46,82,sleep,left,False,False,True,False,5.882578462539492,657,212,5.823654,0.000000
875,441.142,561,206,46,82,sleep,left,False,False,True,False,5.882578462539492,657,212,5.823654,0.000000
876,441.575,561,206,46,82,sleep,left,False,False,True,False,5.882578462539492,657,212,5.823654,0.000000
877,442.070,561,206,46,82,sleep,left,False,False,True,False,5.882578462539492,657,212,5.823654,0.000000
878,442.569,561,206,46,82,sleep,left,False,False,True,False,5.882578462539492,657,212,5.823654,0.000000
879,443.076,561,206,46,82,sleep,left,False,False,True,False,5.882578462539492,657,212,5.823654,0.000000
880,443.575,561,206,46,82,sleep,left,False,False,True,False,5.882578462539492,657,212,5.823654,0.000000
881,444.123,561,206,46,82,sleep,left,False,False,True,False,5.882578462539492,657,212,5.823654,0.000000
882,444.574,561,206,46,82,sleep,left,False,False,True,False,5.882578462539492,657,212,5.823654,0.000000
883,445.076,561,206,46,82,sleep,left,False,False,True,False,5.882578462539492,657,212,5.823654,0.000000
884,445.566,561,206,46,82,sleep,left,False,False,True,False,5.882578462539492,657,212,5.823654,0.000000
885,446.075,561,206,46,82,sleep,left,False,False,True,False,5.882578462539492,657,212,5.823654,0.000000
886,446.569,561,206,46,82,sleep,left,False,False,True,False,5.882578462539492,657,212,5.823654,0.000000
887,447.105,561,206,46,82,sleep,left,False,False,True,False,5.882578462539492,657,212,5.823654,0.000000
888,447.575,561,206,46,82,sleep,left,False,False,True,False,5.882578462539492,657,212,5.823654,0.000000
889,448.071,561,206,46,82,sleep,left,False,False,True,False,5.882578462539492,657,212,5.823654,0.000000
890,448.656,561,206,46,82,sleep,left,False,False,True,False,5.882578462539492,657,212,5.823654,0.000000
891,449.068,561,206,46,82,sleep,left,False,False,True,False,5.882578462539492,657,212,5.823654,0.000000
892,449.575,561,206,46,82,sleep,left,False,False,True,False,5.882578462539492,657,212,5.823654,0.000000
893,450.104,561,206,46,82,sleep,left,False,False,True,False,5.882578462539492,657,212,5.823654,0.000000
894,450.571,561,206,46,82,sleep,left,False,False,True,False,5.882578462539492,657,212,5.823654,0.000000
895,451.070,561,206,46,82,sleep,left,False,False,True,False,5.882578462539492,657,212,5.823654,0.000000
896,451.575,561,206,46,82,sleep,left,False,False,True,False,5.882578462539492,657,212,5.823654,0.000000
897,452.074,561,206,46,82,sleep,left,False,False,True,False,5.882578462539492,657,212,5.823654,0.000000
898,452.569,561,206,46,82,sleep,left,False,False,True,False,5.882578462539492,657,212,5.823654,0.000000
899,453.109,561,206,46,82,sleep,left,False,False,True,False,5.882578462539492,657,212,5.823654,0.000000
900,453.575,561,206,46,82,sleep,left,False,False,True,False,5.882578462539492,657,212,5.823654,0.000000
901,454.075,561,206,46,82,sleep,left,False,False,True,False,5.882578462539492,657,212,5.823654,0.000000
902,454.575,561,206,46,82,sleep,left,False,False,True,False,5.882578462539492,657,212,5.823654,0.000000
903,455.075,561,206,46,82,sleep,left,False,False,True,False,5.882578462539492,657,212,5.823654,0.000000
904,455.574,561,206,46,82,sleep,left,False,False,True,False,5.882578462539492,657,212,5.823654,0.000000
905,456.136,561,206,46,82,sleep,left,False,False,True,False,5.882578462539492,657,212,5.823654,0.000000
906,456.566,561,206,46,82,sleep,left,False,False,True,False,5.882578462539492,657,212,5.823654,0.000000
907,457.075,561,206,46,82,sleep,left,False,False,True,False,5.882578462539492,657,212,5.823654,0.000000
908,457.566,561,206,46,82,sleep,left,False,False,True,False,5.882578462539492,657,212,5.823654,0.000000
909,458.075,561,206,46,82,sleep,left,False,False,True,False,5.882578462539492,657,212,5.823654,0.000000
910,458.632,561,206,46,82,sleep,left,False,False,True,False,5.882578462539492,657,212,5.823654,0.000000
911,459.119,561,206,46,82,sleep,left,False,False,True,False,5.882578462539492,657,212,5.823654,0.000000
912,459.571,561,206,46,82,sleep,left,False,False,True,False,5.882578462539492,657,212,5.823654,0.000000
913,460.075,561,206,46,82,sleep,left,False,False,True,False,5.882578462539492,657,212,5.823654,0.000000
914,460.570,561,206,46,82,sleep,left,False,False,True,False,5.882578462539492,657,212,5.823654,0.000000
915,461.067,561,206,46,82,sleep,left,False,False,True,False,5.882578462539492,657,212,5.823654,0.000000
916,461.575,561,206,46,82,sleep,left,False,False,True,False,5.882578462539492,657,212,5.823654,0.000000
917,462.104,561,206,46,82,sleep,left,False,False,True,False,5.882578462539492,657,212,5.823654,0.000000
918,462.575,561,206,46,82,sleep,left,False,False,True,False,5.882578462539492,657,212,5.823654,0.000000
919,463.068,561,206,46,82,sleep,left,False,False,True,False,5.882578462539492,657,212,5.823654,0.000000
920,463.575,561,206,46,82,sleep,left,False,False,True,False,5.882578462539492,657,212,5.823654,0.000000
921,464.075,561,206,46,82,sleep,left,False,False,True,False,5.882578462539492,657,212,5.823654,0.000000
922,464.572,561,206,46,82,sleep,left,False,False,True,False,5.882578462539492,657,212,5.823654,0.000000
923,465.116,561,206,46,82,sleep,left,False,False,True,False,5.882578462539492,657,212,5.823654,0.000000
924,465.571,561,206,46,82,sleep,left,False,False,True,False,5.882578462539492,657,212,5.823654,0.000000
925,466.068,561,206,46,82,sleep,left,False,False,True,False,5.882578462539492,657,212,5.823654,0.000000
926,466.567,561,206,46,82,sleep,left,False,False,True,False,5.882578462539492,657,212,5.823654,0.000000
927,467.075,561,206,46,82,sleep,left,False,False,True,False,5.882578462539492,657,212,5.823654,0.000000
928,467.575,561,206,46,82,sleep,left,False,False,True,False,5.882578462539492,657,212,5.823654,0.000000
929,468.122,561,206,46,82,sleep,left,False,False,True,False,5.882578462539492,657,212,5.823654,0.000000
930,468.575,561,206,46,82,sleep,left,False,False,True,False,5.882578462539492,657,212,5.823654,0.000000
931,469.071,561,206,46,82,sleep,left,False,False,True,False,5.882578462539492,657,212,5.823654,0.000000
932,469.920,561,206,46,82,sleep,left,False,False,True,False,5.882578462539492,657,212,5.823654,0.000000
933,470.067,561,206,46,82,sleep,left,False,False,True,False,5.882578462539492,657,212,5.823654,0.000000
934,470.574,561,206,46,82,sleep,left,False,False,True,False,5.882578462539492,657,212,5.823654,0.000000
935,471.136,561,206,46,82,sleep,left,False,False,True,False,5.882578462539492,657,212,5.823654,0.000000
936,471.566,561,206,46,82,sleep,left,False,False,True,False,5.882578462539492,657,212,5.823654,0.000000
937,472.076,561,206,46,82,sleep,left,False,False,True,False,5.882578462539492,657,212,5.823654,0.000000
938,472.575,561,206,46,82,sleep,left,False,False,True,False,5.882578462539492,657,212,5.823654,0.000000
939,473.076,561,206,46,82,sleep,left,False,False,True,False,5.882578462539492,657,212,5.823654,0.000000
940,473.574,561,206,46,82,sleep,left,False,False,True,False,5.882578462539492,657,212,5.823654,0.000000
941,474.127,561,206,46,82,sleep,left,False,False,True,False,5.882578462539492,657,212,5.823654,0.000000
942,474.574,561,206,46,82,sleep,left,False,False,True,False,5.882578462539492,657,212,5.823654,0.000000
943,475.076,561,206,46,82,sleep,left,False,False,True,False,5.882578462539492,657,212,5.823654,0.000000
944,475.573,561,206,46,82,sleep,left,False,False,True,False,5.882578462539492,657,212,5.823654,0.000000
945,476.074,561,206,46,82,sleep,left,False,False,True,False,5.882578462539492,657,212,5.823654,0.000000
946,476.573,561,206,46,82,sleep,left,False,False,True,False,5.882578462539492,657,212,5.823654,0.000000
947,477.118,561,206,46,82,sleep,left,False,False,True,False,5.882578462539492,657,212,5.823654,0.000000
948,477.569,561,206,46,82,sleep,left,False,False,True,False,5.882578462539492,657,212,5.823654,0.000000
949,478.069,561,206,46,82,sleep,left,False,False,True,False,5.882578462539492,657,212,5.823654,0.000000
950,478.571,561,206,46,82,sleep,left,False,False,True,False,5.882578462539492,657,212,5.823654,0.000000
951,479.074,561,206,46,82,sleep,left,False,False,True,False,5.882578462539492,657,212,5.823654,0.000000
952,479.567,561,206,46,82,sleep,left,False,False,True,False,5.882578462539492,657,212,5.823654,0.000000
953,480.105,561,206,46,82,sleep,left,False,False,True,False,5.882578462539492,657,212,5.823654,0.000000
954,480.570,561,206,46,82,sleep,left,False,False,True,False,5.882578462539492,657,212,5.823654,0.000000
955,481.068,561,206,46,82,sleep,left,False,False,True,False,5.882578462539492,657,212,5.823654,0.000000
956,481.567,561,206,46,82,sleep,left,False,False,True,False,5.882578462539492,657,212,5.823654,0.000000
957,482.068,561,206,46,82,sleep,left,False,False,True,False,5.882578462539492,657,212,5.823654,0.000000
958,482.576,561,206,46,82,sleep,left,False,False,True,False,5.882578462539492,657,212,5.823654,0.000000
959,483.128,561,206,46,82,sleep,left,False,False,True,False,5.882578462539492,657,212,5.823654,0.000000
960,483.576,561,206,46,82,sleep,left,False,False,True,False,5.882578462539492,657,212,5.823654,0.000000
961,484.074,561,206,46,82,sleep,left,False,False,True,False,5.882578462539492,657,212,5.823654,0.000000
962,484.573,561,206,46,82,sleep,left,False,False,True,False,5.882578462539492,657,212,5.823654,0.000000
963,485.072,561,206,46,82,sleep,left,False,False,True,False,5.882578462539492,657,212,5.823654,0.000000
964,485.574,561,206,46,82,sleep,left,False,False,True,False,5.882578462539492,657,212,5.823654,0.000000
965,486.122,561,206,46,82,sleep,left,False,False,True,False,5.882578462539492,657,212,5.823654,0.000000
966,486.569,561,206,46,82,sleep,left,False,False,True,False,5.882578462539492,657,212,5.823654,0.000000
967,487.076,561,206,46,82,sleep,left,False,False,True,False,5.882578462539492,657,212,5.823654,0.000000
968,487.567,561,206,46,82,sleep,left,False,False,True,False,5.882578462539492,657,212,5.823654,0.000000
969,488.077,561,206,46,82,sleep,left,False,False,True,False,5.882578462539492,657,212,5.823654,0.000000
970,488.575,561,206,46,82,sleep,left,False,False,True,False,5.882578462539492,657,212,5.823654,0.000000
971,489.107,561,206,46,82,sleep,left,False,False,True,False,5.882578462539492,657,212,5.823654,0.000000
972,489.571,561,206,46,82,sleep,left,False,False,True,False,5.882578462539492,657,212,5.823654,0.000000
973,490.070,561,206,46,82,sleep,left,False,False,True,False,5.882578462539492,657,212,5.823654,0.000000
974,490.634,561,206,46,82,sleep,left,False,False,True,False,5.882578462539492,657,212,5.823654,0.000000
975,491.067,561,206,46,82,sleep,left,False,False,True,False,5.882578462539492,657,212,5.823654,0.000000
976,491.575,561,206,46,82,sleep,left,False,False,True,False,5.882578462539492,657,212,5.823654,0.000000
977,492.120,561,206,46,82,sleep,left,False,False,True,False,5.882578462539492,657,212,5.823654,0.000000
978,492.575,561,206,46,82,sleep,left,False,False,True,False,5.882578462539492,657,212,5.823654,0.000000
979,493.074,561,206,46,82,sleep,left,False,False,True,False,5.882578462539492,657,212,5.823654,0.000000
980,493.576,561,206,46,82,sleep,left,False,False,True,False,5.882578462539492,657,212,5.823654,0.000000
981,494.072,561,206,46,82,sleep,left,False,False,True,False,5.882578462539492,657,212,5.823654,0.000000
982,494.567,561,206,46,82,sleep,left,False,False,True,False,5.882578462539492,657,212,5.823654,0.000000
983,495.107,561,206,46,82,sleep,left,False,False,True,False,5.882578462539492,657,212,5.823654,0.000000
984,495.575,561,206,46,82,sleep,left,False,False,True,False,5.882578462539492,657,212,5.823654,0.000000
985,496.077,561,206,46,82,sleep,left,False,False,True,False,5.882578462539492,657,212,5.823654,0.000000
986,496.576,561,206,46,82,sleep,left,False,False,True,False,5.882578462539492,657,212,5.823654,0.000000
987,497.077,561,206,46,82,sleep,left,False,False,True,False,5.882578462539492,657,212,5.823654,0.000000
988,497.576,561,206,46,82,sleep,left,False,False,True,False,5.882578462539492,657,212,5.823654,0.000000
989,498.105,561,206,46,82,sleep,left,False,False,True,False,5.882578462539492,657,212,5.823654,0.000000
990,498.573,561,206,46,82,sleep,left,False,False,True,False,5.882578462539492,657,212,5.823654,0.000000
991,499.075,561,206,46,82,sleep,left,False,False,True,False,5.882578462539492,657,212,5.823654,0.000000
992,499.572,561,206,46,82,sleep,left,False,False,True,False,5.882578462539492,657,212,5.823654,0.000000
993,500.069,561,206,46,82,sleep,left,False,False,True,False,5.882578462539492,657,212,5.823654,0.000000
994,500.570,561,206,46,82,sleep,left,False,False,True,False,5.882578462539492,657,212,5.823654,0.000000
995,501.567,561,206,46,82,sleep,left,False,False,True,False,5.882578462539492,657,212,5.823654,0.000000
996,502.074,561,206,46,82,sleep,left,False,False,True,False,5.882578462539492,657,212,5.823654,0.000000
997,502.571,561,206,46,82,sleep,left,False,False,True,False,5.882578462539492,657,212,5.823654,0.000000
998,503.071,561,206,46,82,sleep,left,False,False,True,False,5.882578462539492,657,212,5.823654,0.000000
999,503.572,561,206,46,82,sleep,left,False,False,True,False,5.882578462539492,657,212,5.823654,0.000000
1000,504.104,561,206,46,82,sleep,left,False,False,True,False,5.882578462539492,657,212,5.823654,0.000000
1001,504.568,561,206,46,82,sleep,left,False,False,True,False,5.882578462539492,657,212,5.823654,0.000000
1002,505.066,561,206,46,82,sleep,left,False,False,True,False,5.882578462539492,657,212,5.823654,0.000000
1003,505.575,561,206,46,82,sleep,left,False,False,True,False,5.882578462539492,657,212,5.823654,0.000000
1004,506.076,561,206,46,82,sleep,left,False,False,True,False,5.882578462539492,657,212,5.823654,0.000000
1005,506.576,561,206,46,82,sleep,left,False,False,True,False,5.882578462539492,657,212,5.823654,0.000000
1006,507.114,561,206,46,82,sleep,left,False,False,True,False,5.882578462539492,657,212,5.823654,0.000000
1007,507.575,561,206,46,82,sleep,left,False,False,True,False,5.882578462539492,657,212,5.823654,0.000000
1008,508.075,561,206,46,82,sleep,left,False,False,True,False,5.882578462539492,657,212,5.823654,0.000000
1009,508.566,561,206,46,82,sleep,left,False,False,True,False,5.882578462539492,657,212,5.823654,0.000000
1010,509.076,561,206,46,82,sleep,left,False,False,True,False,5.882578462539492,657,212,5.823654,0.000000
1011,509.567,561,206,46,82,sleep,left,False,False,True,False,5.882578462539492,657,212,5.823654,0.000000
1012,510.116,561,206,46,82,sleep,left,False,False,True,False,5.882578462539492,657,212,5.823654,0.000000
1013,510.568,561,206,46,82,sleep,left,False,False,True,False,5.882578462539492,657,212,5.823654,0.000000
1014,511.069,561,206,46,82,sleep,left,False,False,True,False,5.882578462539492,657,212,5.823654,0.000000
1015,511.645,561,206,46,82,sleep,left,False,False,True,False,5.882578462539492,657,212,5.823654,0.000000
1016,512.067,561,206,46,82,sleep,left,False,False,True,False,5.882578462539492,657,212,5.823654,0.000000
1017,512.577,561,206,46,82,sleep,left,False,False,True,False,5.882578462539492,657,212,5.823654,0.000000
1018,513.109,561,206,46,82,sleep,left,False,False,True,False,5.882578462539492,657,212,5.823654,0.000000
1019,513.575,561,206,46,82,sleep,left,False,False,True,False,5.882578462539492,657,212,5.823654,0.000000
1020,514.077,561,206,46,82,sleep,left,False,False,True,False,5.882578462539492,657,212,5.823654,0.000000
1021,514.577,561,206,46,82,sleep,left,False,False,True,False,5.882578462539492,657,212,5.823654,0.000000
1022,515.077,561,206,46,82,sleep,left,False,False,True,False,5.882578462539492,657,212,5.823654,0.000000
1023,515.568,561,206,46,82,sleep,left,False,False,True,False,5.882578462539492,657,212,5.823654,0.000000
1024,516.121,561,206,46,82,sleep,left,False,False,True,False,5.882578462539492,657,212,5.823654,0.000000
1025,516.572,561,206,46,82,sleep,left,False,False,True,False,5.882578462539492,657,212,5.823654,0.000000
1026,517.069,561,206,46,82,sleep,left,False,False,True,False,5.882578462539492,657,212,5.823654,0.000000
1027,517.568,561,206,46,82,sleep,left,False,False,True,False,5.882578462539492,657,212,5.823654,0.000000
1028,518.077,561,206,46,82,sleep,left,False,False,True,False,5.882578462539492,657,212,5.823654,0.000000
1029,518.576,561,206,46,82,sleep,left,False,False,True,False,5.882578462539492,657,212,5.823654,0.000000
1030,519.106,561,206,46,82,sleep,left,False,False,True,False,5.882578462539492,657,212,5.823654,0.000000
1031,519.576,561,206,46,82,sleep,left,False,False,True,False,5.882578462539492,657,212,5.823654,0.000000
1032,520.076,561,206,46,82,sleep,left,False,False,True,False,5.882578462539492,657,212,5.823654,0.000000
1033,520.576,561,206,46,82,sleep,left,False,False,True,False,5.882578462539492,657,212,5.823654,0.000000
1034,521.067,561,206,46,82,sleep,left,False,False,True,False,5.882578462539492,657,212,5.823654,0.000000
1035,521.566,561,206,46,82,sleep,left,False,False,True,False,5.882578462539492,657,212,5.823654,0.000000
1036,522.117,561,206,46,82,sleep,left,False,False,True,False,5.882578462539492,657,212,5.823654,0.000000
1037,522.567,561,206,46,82,sleep,left,False,False,True,False,5.882578462539492,657,212,5.823654,0.000000
1038,523.077,561,206,46,82,sleep,left,False,False,True,False,5.882578462539492,657,212,5.823654,0.000000
1039,523.575,561,206,46,82,sleep,left,False,False,True,False,5.882578462539492,657,212,5.823654,0.000000
1040,524.071,561,206,46,82,sleep,left,False,False,True,False,5.882578462539492,657,212,5.823654,0.000000
1041,524.571,561,206,46,82,sleep,left,False,False,True,False,5.882578462539492,657,212,5.823654,0.000000
1042,525.107,561,206,46,82,sleep,left,False,False,True,False,5.882578462539492,657,212,5.823654,0.000000
1043,525.570,561,206,46,82,sleep,left,False,False,True,False,5.882578462539492,657,212,5.823654,0.000000
1044,526.076,561,206,46,82,sleep,left,False,False,True,False,5.882578462539492,657,212,5.823654,0.000000
1045,526.576,561,206,46,82,sleep,left,False,False,True,False,5.882578462539492,657,212,5.823654,0.000000
1046,527.076,561,206,46,82,sleep,left,False,False,True,False,5.882578462539492,657,212,5.823654,0.000000
1047,527.570,561,206,46,82,sleep,left,False,False,True,False,5.882578462539492,657,212,5.823654,0.000000
1048,528.127,561,206,46,82,sleep,left,False,False,True,False,5.882578462539492,657,212,5.823654,0.000000
1049,528.577,561,206,46,82,sleep,left,False,False,True,False,5.882578462539492,657,212,5.823654,0.000000
1050,529.074,561,206,46,82,sleep,left,False,False,True,False,5.882578462539492,657,212,5.823654,0.000000
1051,529.566,561,206,46,82,sleep,left,False,False,True,False,5.882578462539492,657,212,5.823654,0.000000
1052,530.075,561,206,46,82,sleep,left,False,False,True,False,5.882578462539492,657,212,5.823654,0.000000
1053,530.571,561,206,46,82,sleep,left,False,False,True,False,5.882578462539492,657,212,5.823654,0.000000
1054,531.108,561,206,46,82,sleep,left,False,False,True,False,5.882578462539492,657,212,5.823654,0.000000
1055,531.570,561,206,46,82,sleep,left,False,False,True,False,5.882578462539492,657,212,5.823654,0.000000
1056,532.072,561,206,46,82,sleep,left,False,False,True,False,5.882578462539492,657,212,5.823654,0.000000
1057,532.900,561,206,46,82,sleep,left,False,False,True,False,5.882578462539492,657,212,5.823654,0.000000
1058,533.066,561,206,46,82,sleep,left,False,False,True,False,5.882578462539492,657,212,5.823654,0.000000
1059,533.566,561,206,46,82,sleep,left,False,False,True,False,5.882578462539492,657,212,5.823654,0.000000
1060,534.104,561,206,46,82,sleep,left,False,False,True,False,5.882578462539492,657,212,5.823654,0.000000
1061,534.576,561,206,46,82,sleep,left,False,False,True,False,5.882578462539492,657,212,5.823654,0.000000
1062,535.076,561,206,46,82,sleep,left,False,False,True,False,5.882578462539492,657,212,5.823654,0.000000
1063,535.575,561,206,46,82,sleep,left,False,False,True,False,5.882578462539492,657,212,5.823654,0.000000
1064,536.075,561,206,46,82,sleep,left,False,False,True,False,5.882578462539492,657,212,5.823654,0.000000
1065,536.567,561,206,46,82,sleep,left,False,False,True,False,5.882578462539492,657,212,5.823654,0.000000
1066,537.115,561,206,46,82,sleep,left,False,False,True,False,5.882578462539492,657,212,5.823654,0.000000
1067,537.572,561,206,46,82,sleep,left,False,False,True,False,5.882578462539492,657,212,5.823654,0.000000
1068,538.075,561,206,46,82,sleep,left,False,False,True,False,5.882578462539492,657,212,5.823654,0.000000
1069,538.570,561,206,46,82,sleep,left,False,False,True,False,5.882578462539492,657,212,5.823654,0.000000
1070,539.071,561,206,46,82,sleep,left,False,False,True,False,5.882578462539492,657,212,5.823654,0.000000
1071,539.571,561,206,46,82,sleep,left,False,False,True,False,5.882578462539492,657,212,5.823654,0.000000
1072,540.118,561,206,46,82,sleep,left,False,False,True,False,5.882578462539492,657,212,5.823654,0.000000
1073,540.575,561,206,46,82,sleep,left,False,False,True,False,5.882578462539492,657,212,5.823654,0.000000
1074,541.075,561,206,46,82,sleep,left,False,False,True,False,5.882578462539492,657,212,5.823654,0.000000
1075,541.575,561,206,46,82,sleep,left,False,False,True,False,5.882578462539492,657,212,5.823654,0.000000
1076,542.073,561,206,46,82,sleep,left,False,False,True,False,5.882578462539492,657,212,5.823654,0.000000
1077,542.626,561,206,46,82,sleep,left,False,False,True,False,5.882578462539492,657,212,5.823654,0.000000
1078,543.120,561,206,46,82,sleep,left,False,False,True,False,5.882578462539492,657,212,5.823654,0.000000
1079,543.566,561,206,46,82,sleep,left,False,False,True,False,5.882578462539492,657,212,5.823654,0.000000
1080,544.076,561,206,46,82,sleep,left,False,False,True,False,5.882578462539492,657,212,5.823654,0.000000
1081,544.576,561,206,46,82,sleep,left,False,False,True,False,5.882578462539492,657,212,5.823654,0.000000
1082,545.069,561,206,46,82,sleep,left,False,False,True,False,5.882578462539492,657,212,5.823654,0.000000
1083,545.575,561,206,46,82,sleep,left,False,False,True,False,5.882578462539492,657,212,5.823654,0.000000
1084,546.108,561,206,46,82,sleep,left,False,False,True,False,5.882578462539492,657,212,5.823654,0.000000
1085,546.575,561,206,46,82,sleep,left,False,False,True,False,5.882578462539492,657,212,5.823654,0.000000
1086,547.072,561,206,46,82,sleep,left,False,False,True,False,5.882578462539492,657,212,5.823654,0.000000
1087,547.570,561,206,46,82,sleep,left,False,False,True,False,5.882578462539492,657,212,5.823654,0.000000
1088,548.070,561,206,46,82,sleep,left,False,False,True,False,5.882578462539492,657,212,5.823654,0.000000
1089,548.570,561,206,46,82,sleep,left,False,False,True,False,5.882578462539492,657,212,5.823654,0.000000
1090,549.114,561,206,46,82,sleep,left,False,False,True,False,5.882578462539492,657,212,5.823654,0.000000
1091,549.575,561,206,46,82,sleep,left,False,False,True,False,5.882578462539492,657,212,5.823654,0.000000
1092,550.075,561,206,46,82,sleep,left,False,False,True,False,5.882578462539492,657,212,5.823654,0.000000
1093,550.566,561,206,46,82,sleep,left,False,False,True,False,5.882578462539492,657,212,5.823654,0.000000
1094,551.074,561,206,46,82,sleep,left,False,False,True,False,5.882578462539492,657,212,5.823654,0.000000
1095,551.572,561,206,46,82,sleep,left,False,False,True,False,5.882578462539492,657,212,5.823654,0.000000
1096,552.104,561,206,46,82,sleep,left,False,False,True,False,5.882578462539492,657,212,5.823654,0.000000
1097,552.569,561,206,46,82,sleep,left,False,False,True,False,5.882578462539492,657,212,5.823654,0.000000
1098,553.069,561,206,46,82,sleep,left,False,False,True,False,5.882578462539492,657,212,5.823654,0.000000
1099,553.622,561,206,46,82,sleep,left,False,False,True,False,5.882578462539492,657,212,5.823654,0.000000
1100,554.067,561,206,46,82,sleep,left,False,False,True,False,5.882578462539492,657,212,5.823654,0.000000
1101,554.567,561,206,46,82,sleep,left,False,False,True,False,5.882578462539492,657,212,5.823654,0.000000
1102,555.115,561,206,46,82,sleep,left,False,False,True,False,5.882578462539492,657,212,5.823654,0.000000
1103,555.575,561,206,46,82,sleep,left,False,False,True,False,5.882578462539492,657,212,5.823654,0.000000
1104,556.075,561,206,46,82,sleep,left,False,False,True,False,5.882578462539492,657,212,5.823654,0.000000
1105,556.574,561,206,46,82,sleep,left,False,False,True,False,5.882578462539492,657,212,5.823654,0.000000
1106,557.075,561,206,46,82,sleep,left,False,False,True,False,5.882578462539492,657,212,5.823654,0.000000
1107,557.569,561,206,46,82,sleep,left,False,False,True,False,5.882578462539492,657,212,5.823654,0.000000
1108,558.123,561,206,46,82,sleep,left,False,False,True,False,5.882578462539492,657,212,5.823654,0.000000
1109,558.573,561,206,46,82,sleep,left,False,False,True,False,5.882578462539492,657,212,5.823654,0.000000
1110,559.072,561,206,46,82,sleep,left,False,False,True,False,5.882578462539492,657,212,5.823654,0.000000
1111,559.568,561,206,46,82,sleep,left,False,False,True,False,5.882578462539492,657,212,5.823654,0.000000
1112,560.071,561,206,46,82,sleep,left,False,False,True,False,5.882578462539492,657,212,5.823654,0.000000
1113,560.569,561,206,46,82,sleep,left,False,False,True,False,5.882578462539492,657,212,5.823654,0.000000
1114,561.106,561,206,46,82,sleep,left,False,False,True,False,5.882578462539492,657,212,5.823654,0.000000
1115,561.570,561,206,46,82,sleep,left,False,False,True,False,5.882578462539492,657,212,5.823654,0.000000
1116,562.069,561,206,46,82,sleep,left,False,False,True,False,5.882578462539492,657,212,5.823654,0.000000
1117,562.574,561,206,46,82,sleep,left,False,False,True,False,5.882578462539492,657,212,5.823654,0.000000
1118,563.076,561,206,46,82,sleep,left,False,False,True,False,5.882578462539492,657,212,5.823654,0.000000
1119,563.940,561,206,46,82,sleep,left,False,False,True,False,5.882578462539492,657,212,5.823654,0.000000
1120,564.570,561,206,46,82,sleep,left,False,False,True,False,5.882578462539492,657,212,5.823654,0.000000
1121,565.069,561,206,46,82,sleep,left,False,False,True,False,5.882578462539492,657,212,5.823654,0.000000
1122,565.576,561,206,46,82,sleep,left,False,False,True,False,5.882578462539492,657,212,5.823654,0.000000
1123,566.076,561,206,46,82,sleep,left,False,False,True,False,5.882578462539492,657,212,5.823654,0.000000
1124,566.573,561,206,46,82,sleep,left,False,False,True,False,5.882578462539492,657,212,5.823654,0.000000
1125,567.114,561,206,46,82,sleep,left,False,False,True,False,5.882578462539492,657,212,5.823654,0.000000
1126,567.570,561,206,46,82,sleep,left,False,False,True,False,5.882578462539492,657,212,5.823654,0.000000
1127,568.067,561,206,46,82,sleep,left,False,False,True,False,5.882578462539492,657,212,5.823654,0.000000
1128,568.577,561,206,46,82,sleep,left,False,False,True,False,5.882578462539492,657,212,5.823654,0.000000
1129,569.076,561,206,46,82,sleep,left,False,False,True,False,5.882578462539492,657,212,5.823654,0.000000
1130,569.578,561,206,46,82,sleep,left,False,False,True,False,5.882578462539492,657,212,5.823654,0.000000
1131,570.110,561,206,46,82,sleep,left,False,False,True,False,5.882578462539492,657,212,5.823654,0.000000
1132,570.575,561,206,46,82,sleep,left,False,False,True,False,5.882578462539492,657,212,5.823654,0.000000
1133,571.073,561,206,46,82,sleep,left,False,False,True,False,5.882578462539492,657,212,5.823654,0.000000
1134,571.574,561,206,46,82,sleep,left,False,False,True,False,5.882578462539492,657,212,5.823654,0.000000
1135,572.070,561,206,46,82,sleep,left,False,False,True,False,5.882578462539492,657,212,5.823654,0.000000
1136,572.569,561,206,46,82,sleep,left,False,False,True,False,5.882578462539492,657,212,5.823654,0.000000
1137,573.132,561,206,46,82,sleep,left,False,False,True,False,5.882578462539492,657,212,5.823654,0.000000
1138,573.576,561,206,46,82,sleep,left,False,False,True,False,5.882578462539492,657,212,5.823654,0.000000
1139,574.077,561,206,46,82,sleep,left,False,False,True,False,5.882578462539492,657,212,5.823654,0.000000
1140,574.634,561,206,46,82,sleep,left,False,False,True,False,5.882578462539492,657,212,5.823654,0.000000
1141,575.068,561,206,46,82,sleep,left,False,False,True,False,5.882578462539492,657,212,5.823654,0.000000
1142,575.572,561,206,46,82,sleep,left,False,False,True,False,5.882578462539492,657,212,5.823654,0.000000
1143,576.103,561,206,46,82,sleep,left,False,False,True,False,5.882578462539492,657,212,5.823654,0.000000
1144,576.576,561,206,46,82,sleep,left,False,False,True,False,5.882578462539492,657,212,5.823654,0.000000
1145,577.076,561,206,46,82,sleep,left,False,False,True,False,5.882578462539492,657,212,5.823654,0.000000
1146,577.577,561,206,46,82,sleep,left,False,False,True,False,5.882578462539492,657,212,5.823654,0.000000
1147,578.075,561,206,46,82,sleep,left,False,False,True,False,5.882578462539492,657,212,5.823654,0.000000
1148,578.566,561,206,46,82,sleep,left,False,False,True,False,5.882578462539492,657,212,5.823654,0.000000
1149,579.118,561,206,46,82,sleep,left,False,False,True,False,5.882578462539492,657,212,5.823654,0.000000
1150,579.573,561,206,46,82,sleep,left,False,False,True,False,5.882578462539492,657,212,5.823654,0.000000
1151,580.073,561,206,46,82,sleep,left,False,False,True,False,5.882578462539492,657,212,5.823654,0.000000
1152,580.572,561,206,46,82,sleep,left,False,False,True,False,5.882578462539492,657,212,5.823654,0.000000
1153,581.070,561,206,46,82,sleep,left,False,False,True,False,5.882578462539492,657,212,5.823654,0.000000
1154,581.567,561,206,46,82,sleep,left,False,False,True,False,5.882578462539492,657,212,5.823654,0.000000
1155,582.117,561,206,46,82,sleep,left,False,False,True,False,5.882578462539492,657,212,5.823654,0.000000
1156,582.575,561,206,46,82,sleep,left,False,False,True,False,5.882578462539492,657,212,5.823654,0.000000
1157,583.075,561,206,46,82,sleep,left,False,False,True,False,5.882578462539492,657,212,5.823654,0.000000
1158,583.570,561,206,46,82,sleep,left,False,False,True,False,5.882578462539492,657,212,5.823654,0.000000
1159,584.076,561,206,46,82,sleep,left,False,False,True,False,5.882578462539492,657,212,5.823654,0.000000
1160,584.575,561,206,46,82,sleep,left,False,False,True,False,5.882578462539492,657,212,5.823654,0.000000
1161,585.106,561,206,46,82,sleep,left,False,False,True,False,5.882578462539492,657,212,5.823654,0.000000
1162,585.566,561,206,46,82,sleep,left,False,False,True,False,5.882578462539492,657,212,5.823654,0.000000
1163,586.073,561,206,46,82,sleep,left,False,False,True,False,5.882578462539492,657,212,5.823654,0.000000
1164,586.567,561,206,46,82,sleep,left,False,False,True,False,5.882578462539492,657,212,5.823654,0.000000
1165,587.077,561,206,46,82,sleep,left,False,False,True,False,5.882578462539492,657,212,5.823654,0.000000
1166,587.576,561,206,46,82,sleep,left,False,False,True,False,5.882578462539492,657,212,5.823654,0.000000
1167,588.139,561,206,46,82,sleep,left,False,False,True,False,5.882578462539492,657,212,5.823654,0.000000
1168,588.573,561,206,46,82,sleep,left,False,False,True,False,5.882578462539492,657,212,5.823654,0.000000
1169,589.068,561,206,46,82,sleep,left,False,False,True,False,5.882578462539492,657,212,5.823654,0.000000
1170,589.575,561,206,46,82,sleep,left,False,False,True,False,5.882578462539492,657,212,5.823654,0.000000
1171,590.071,561,206,46,82,sleep,left,False,False,True,False,5.882578462539492,657,212,5.823654,0.000000
1172,590.568,561,206,46,82,sleep,left,False,False,True,False,5.882578462539492,657,212,5.823654,0.000000
1173,591.108,561,206,46,82,sleep,left,False,False,True,False,5.882578462539492,657,212,5.823654,0.000000
1174,591.576,561,206,46,82,sleep,left,False,False,True,False,5.882578462539492,657,212,5.823654,0.000000
1175,592.074,561,206,46,82,sleep,left,False,False,True,False,5.882578462539492,657,212,5.823654,0.000000
1176,592.572,561,206,46,82,sleep,left,False,False,True,False,5.882578462539492,657,212,5.823654,0.000000
1177,593.066,561,206,46,82,sleep,left,False,False,True,False,5.882578462539492,657,212,5.823654,0.000000
1178,593.571,561,206,46,82,sleep,left,False,False,True,False,5.882578462539492,657,212,5.823654,0.000000
1179,594.125,561,206,46,82,sleep,left,False,False,True,False,5.882578462539492,657,212,5.823654,0.000000
1180,594.577,561,206,46,82,sleep,left,False,False,True,False,5.882578462539492,657,212,5.823654,0.000000
1181,595.077,561,206,46,82,sleep,left,False,False,True,False,5.882578462539492,657,212,5.823654,0.000000
1182,595.922,561,206,46,82,sleep,left,False,False,True,False,5.882578462539492,657,212,5.823654,0.000000
1183,596.077,561,206,46,82,sleep,left,False,False,True,False,5.882578462539492,657,212,5.823654,0.000000
1184,596.575,561,206,46,82,sleep,left,False,False,True,False,5.882578462539492,657,212,5.823654,0.000000
1185,597.111,561,206,46,82,sleep,left,False,False,True,False,5.882578462539492,657,212,5.823654,0.000000
1186,597.571,561,206,46,82,sleep,left,False,False,True,False,5.882578462539492,657,212,5.823654,0.000000
1187,598.067,561,206,46,82,sleep,left,False,False,True,False,5.882578462539492,657,212,5.823654,0.000000
1188,598.569,561,206,46,82,sleep,left,False,False,True,False,5.882578462539492,657,212,5.823654,0.000000
1189,599.071,561,206,46,82,sleep,left,False,False,True,False,5.882578462539492,657,212,5.823654,0.000000
1190,599.570,561,206,46,82,sleep,left,False,False,True,False,5.882578462539492,657,212,5.823654,0.000000
